filename	0	0		2.0 Mapping Tables - Hospitals/Bronson Healthcare ADT 2.0 table 11-16-2020.xlsx			
MSH-4	2	1	Hospital Value	Description			4
MSH-4	3	1	2.16.840.1.113883.3.1481.1.2.2	Hospital Name			2
MSH-4	4	1	2.16.840.1.113883.3.4771.1	Bronson Methodist Hospital			00000000
MSH-4	5	1	2.16.840.1.113883.3.4771.2	Bronson Lakeview Hospital			00000000
MSH-4	6	1	2.16.840.1.113883.3.137.4.70	Bronson Battle Creek Hospital			00000000
MSH-4	7	1	2.16.840.1.113883.3.4771.3	Bronson Vicksburg Hospital			00000000
MSH-4	8	1	2.16.840.1.113883.3.4771.122	Bronson Urgent Care			00000000
MSH-4	9	1	2.16.840.1.113883.3.5023.1	South Haven Health System			00000000
MSH-4	10	1	2.16.840.1.113883.3.4771.158	BCOM Bronson Commons			00000000
PID-8	2	3	MiHIN Value	Description	Hospital Value		4
PID-8	3	3	M	Male	M		2
PID-8	4	3	F	Female	F		4
PID-8	5	3	M	Male	M		4
PID-8	6	3	O	Other			4
PID-8	7	3	U	Unknown	U,N,X		4
PID-8	8	3	A	Ambiguous			4
PID-8	9	3	N	Not Applicable			4
PID-10	2	6	MiHIN Value	Description	Hospital Value		4
PID-10	3	6	2106-3	White	W		2
PID-10	4	6	1002-5	American Indian or Alaska Native	1002-5		4
PID-10	5	6	2028-9	Asian	2028-9		4
PID-10	6	6	2054-5	Black or African American	2054-5		4
PID-10	7	6	2076-8	Native Hawaiian or Other Pacific Islander	2076-8		4
PID-10	8	6	2106-3	White	2106-3		4
PID-10	9	6	2131-1	Other Race	2131-1		4
PID-10	10	6	MR	Multi-Racial			4
PID-10	11	6	PR	Patient Refused 			4
PID-22	2	9	MiHIN Value	Description	Hospital Value		4
PID-22	3	9	H	Hispanic or Latino	Hisp		2
PID-22	4	9	H	Hispanic or Latino	H		4
PID-22	5	9	N	Not Hispanic or Latino	N		4
PID-22	6	9	U	Unknown	U		4
PID-22	7	9	D	Declined	R		4
PID-22	8	9	AN	Alaskan Native 			4
PID-22	9	9	AR	Arabic 			4
PID-22	10	9	AS	Asian 			4
PID-22	11	9	CA	Caucasian			4
PID-22	12	9	CHA	Chaldean 			4
PID-22	13	9	CHI	Chinese 			4
PID-22	14	9	DU	Dutch 			4
PID-22	15	9	EG	Egyptian 			4
PID-22	16	9	FR	French 			4
PID-22	17	9	GER	German 			4
PID-22	18	9	GRE	Greek 			4
PID-22	19	9	HA	Hawaiian 			4
PID-22	20	9	IRA	Iranian 			4
PID-22	21	9	IRQ	Iraqi 			4
PID-22	22	9	IRH	Irish 			4
PID-22	23	9	ITA	Italian 			4
PID-22	24	9	JA	Japanese 			4
PID-22	25	9	JE	Jewish 			4
PID-22	26	9	JO	Jordanian 			4
PID-22	27	9	KO	Korean 			4
PID-22	28	9	LE	Lebanese  			4
PID-22	29	9	MAC	Macedonian 			4
PID-22	30	9	ME	Middle Eastern			4
PID-22	31	9	MUL	Multi-Ethnic 			4
PID-22	32	9	NA	Native American			4
PID-22	33	9	O	Other 			4
PID-22	34	9	PO	Polish 			4
PID-22	35	9	RU	Russian 			4
PID-22	36	9	SC	Scottish 			4
PID-22	37	9	UK	Ukrainian 			4
PID-22	38	9	VIT	Vietnamese 			4
PID-30	2	12	MiHIN Value	Description	Hospital Value		4
PID-30	3	12	Y	Expired	E		2
PID-30	4	12	Y	Deceased/Yes			4
PID-30	5	12	N	Not Deceased/No			4
DG1-6	2	15	MiHIN Value	Description	Hospital Value		4
DG1-6	3	15	A	Admitting	AD		2
DG1-6	4	15	A	Admitting			4
DG1-6	5	15	F	Final			4
DG1-6	6	15	W	Working 			4
DG1-6	7	15	O	Other	AC, IN, AU, CH, TE		4
PV1-2	2	18	MiHIN Value	Description	Hospital Value		4
PV1-2	3	18	E	Emergency	ER		2
PV1-2	4	18	B	Obstetrics			4
PV1-2	5	18	C	Commercial Account			4
PV1-2	6	18	E	Emergency	ER		4
PV1-2	7	18	I	Inpatient	IP		4
PV1-2	8	18	N	Not Applicable			4
PV1-2	9	18	O	Outpatient	OP, OS, SP, HOME HEALTH, RE, IF, XP, EO		4
PV1-2	10	18	P	Preadmit			4
PV1-2	11	18	R	Recurring patient			4
PV1-2	12	18	U	Unknown			4
PV1-2	13	18	IH	IP Hospice 			4
PV1-2	14	18	NB	Newborn			4
PV1-2	15	18	OB	Observation 	OV		4
PV1-2	16	18	SN	Skilled Nursing 			4
PV1-2	17	18	SA	Surgery Admit 	SA		4
PV1-4	2	21	MiHIN Value	Description	Hospital Value		4
PV1-4	3	21	E	Emergency	E		2
PV1-4	4	21	A	Accident			4
PV1-4	5	21	C	Elective	C		4
PV1-4	6	21	E	Emergency	E		4
PV1-4	7	21	L	Labor and Delivery			4
PV1-4	8	21	N	Newborn (Birth in healthcare facility)	N		4
PV1-4	9	21	R	Routine			4
PV1-4	10	21	U	Urgent	U		4
PV1-4	11	21	TC	Trauma Center 			4
PV1-4	12	21	O	Other	9		4
PV1-14	2	24	MiHIN Value	Description	Hospital Value		4
PV1-14	3	24	2	Clinic referral	E		2
PV1-14	4	24	1	Physician referral			4
PV1-14	5	24	2	Clinic referral	2		4
PV1-14	6	24	3	HMO referral	3		4
PV1-14	7	24	4	Transfer from a hospital	4, 12		4
PV1-14	8	24	5	Transfer froma skilled nursing facility	5		4
PV1-14	9	24	6	Transfer from another health care facility	6, 10, 23, 24, 25		4
PV1-14	10	24	7	Emergency Room			4
PV1-14	11	24	8	Court/Law enforcement	8		4
PV1-14	12	24	9	Information not available	9		4
PV1-14	13	24	SR	Self-Referral	1		4
PV1-14	14	24	TRNF	Transfer from a non-health care facility	15		4
PV1-14	15	24	TRAD	Transfer from Ambulatory Department			4
PV1-18	2	27	MiHIN Suggested Values		Hospital Value	Description	4
PV1-18	3	27			A	Anonymous	2
PV1-18	4	27	1	Anonymous	1	Anonymous	4
PV1-18	5	27	2	Confidential	2	Confidential	4
PV1-18	6	27	3	Employee			4
PV1-18	7	27	4	Dismissed			4
PV1-18	8	27	5	No Medicare	5	Verified with no Medicare	4
PV1-18	9	27	6	Prisoner			4
PV1-18	10	27	7	VIP	7	VIP	4
PV1-18	11	27	8	Staff Dependent			4
PV1-18	12	27	9	Benefactor			4
PV1-18	13	27	10	Employee Dependent			4
PV1-18	14	27	11	Non-Employee			4
PV1-18	15	27	12	Volunteer			4
PV1-18	16	27	13	Staff Physician			4
PV1-18	17	27	14	Non V.I.P			4
PV1-18	18	27	15	Retired Employee			4
PV1-18	19	27	42	Homeless			4
PV1-18	20	27	44	Celebrity			4
PV1-18	21	27	45	Donor			4
PV1-18	22	27	46	Transplant			4
PV1-18	23	27	47	Voucher			4
PV1-18	24	27	49	Board Member			4
PV1-18	25	27	49	Clergy			4
PV1-18	26	27	52	Other	99	Other	4
PV1-18	27	27	58	Organ Donor			4
PV1-18	28	27	59	Organ 			4
PV1-18	29	27	60	Select Specialty			4
PV1-18	30	27	52	Other	8	PCP Dismissed	4
PV1-18	31	27	52	Other	9	PCP Reinstated	4
PV1-18	32	27	52	Other	11	Medicaid Screen Pending	4
PV1-18	33	27	52	Other	10	Request No Survey	4
PV1-18	34	27	52	Other	12	Medicaide Screen Complete	4
PV1-18	35	27	52	Other	13	Medicaid Screen Not Eligible	4
PV1-18	36	27	52	Other	14	crime victim	4
PV1-10	2	31	MiHIN Suggested Values		Hospital Value	Description	4
PV1-10	3	31			121	Pediatrics	2
PV1-10	4	31	104	Cardiology - General	CAR	Cardiology	4
PV1-10	5	31	105	Emergency Medicine	ER	Emergency Medicine 	4
PV1-10	6	31	107	Geriatrics	GERI	Geriatrics	4
PV1-10	7	31	108	Gastroenterology	GASTR	Gastroenterology	4
PV1-10	8	31	109	Gynecology	GYNE	Gynecology	4
PV1-10	9	31	110	Hospice Medicine	HOSP	Hospice	4
PV1-10	10	31	111	Medical Intensive Care	MICU	Medical ICU	4
PV1-10	11	31	112	Internal Medicine	INTMED	Internal Medicine	4
PV1-10	12	31	114	Neuro ICU	NEUICU	Neuro ICU	4
PV1-10	13	31	115	Neurology	NEU	Neurology	4
PV1-10	14	31	116	Neonatology	NEO	Neonatology	4
PV1-10	15	31	117	Obstetrics	OBST	Obstetrics	4
PV1-10	16	31	118	Oncology	ONC	Oncology	4
PV1-10	17	31	119	Orthopedics	ORTHO	Orthopedics	4
PV1-10	18	31	121	Pediatrics	PEDS	Pediatrics	4
PV1-10	19	31	123	Physical Medicine and Rehabilitation	PTREH	Physical Medicine and Rehabilitaiton	4
PV1-10	20	31	124	General Surgery	SURG	Surgery	4
PV1-10	21	31	125	Surgical Intensive Care	SICU	Surgical ICU	4
PV1-10	22	31	126	Nephrology Transplant			4
PV1-10	23	31	127	Acute Care Surgery			4
PV1-10	24	31	128	Allergy & Immunology	ALLER	Allergy	4
PV1-10	25	31	129	Anesthesiology	ANEST	Anesthesiology	4
PV1-10	26	31	131	Dermatology	DERM	Dermatology	4
PV1-10	27	31	132	Family Medicine	FAMMD	Family Medicine	4
PV1-10	28	31	133	Endocrinology	ENDOCRI	Endocrinology	4
PV1-10	29	31	134	Genetics	GENET	Genetics	4
PV1-10	30	31	135	Hematology	HEMA	Hematology	4
PV1-10	31	31	136	Infectious Disease	INFECT	Infectious Disease	4
PV1-10	32	31	137	Nephrology	NEPHR	Nephrology	4
PV1-10	33	31	138	Neurosurgery	NEUSURG	Neurosurgery	4
PV1-10	34	31	139	Ophthalmology	OPHTH	Ophthalmology	4
PV1-10	35	31	140	Otolaryngology/ENT	OTO	Otolaryngology/ENT	4
PV1-10	36	31	141	Plastic Surgery	PLSURG	Plastic Surgery	4
PV1-10	37	31	143	Radiation Oncology	RADONC	Radiation Oncology	4
PV1-10	38	31	144	Rheumatology	RHEUM	Rheumatology	4
PV1-10	39	31	145	Urology	URO	Urology	4
PV1-10	40	31	148	Pharmacy	PHARM	Pharmacy	4
PV1-10	41	31	149	Interventional Radiology	IR	Interventional Radiology	4
PV1-10	42	31	150	Clinical Decision Unit			4
PV1-10	43	31	151	Wound/Ostomy Care			4
PV1-10	44	31	153	Newborn			4
PV1-10	45	31	154	Labor and Delivery			4
PV1-10	46	31	156	Hospitalist Medicine			4
PV1-10	47	31	158	Select Specialty			4
PV1-10	48	31	161	Audiology			4
PV1-10	49	31	162	Behavioral Health - Psychology			4
PV1-10	50	31	163	Cardiology - Structural Heart Disease			4
PV1-10	51	31	165	Colon/Rectal Surgery	RECSURG, Colon and Re	Rectal Surgery, Colon and Rectal Surgery	4
PV1-10	52	31	166	Gynecology/Oncology	GYN ONC	Gynecology Oncology	4
PV1-10	53	31	172	Oral Surgery			4
PV1-10	54	31	175	Palliative Medicine 	Palliative	Palliative Care	4
PV1-10	55	31	178	Podiatry	POD	Podiatry	4
PV1-10	56	31	180	Radiology	RAD	Radiology	4
PV1-10	57	31	181	Sleep Center	SLEEP	Sleep Med	4
PV1-10	58	31	184	Cardiac Surgery			4
PV1-10	59	31	185	Transplant	TRANS	Transplant	4
PV1-10	60	31	198	Bone Marrow Transplant			4
PV1-10	61	31	208	Chemotherapy			4
PV1-10	62	31	273	Pathology	PATH	Pathology	4
PV1-10	63	31	293	Pulmonary			4
PV1-10	64	31	322	Thoracic Surgery			4
PV1-10	65	31	374	Transfusion Medicine			4
PV1-10	66	31	376	Family Practice			4
PV1-10	67	31	380	Orthopedic - Hand Surgery			4
PV1-10	68	31	381	Orthopedic - Spine			4
PV1-10	69	31	384	Hepatology			4
PV1-10	70	31	385	Pain Management	Pain	Pain Management	4
PV1-10	71	31	387	Urogynecology			4
PV1-10	72	31	399	Bone & Mineral			4
PV1-10	73	31	409	Cardiology - Electrophysiology			4
PV1-10	74	31	463	Bariatric Surgery			4
PV1-10	75	31	464	Intensive Care			4
PV1-10	76	31	465	Pulmonary Hypertension			4
PV1-10	77	31	466	Pulmonary Transplant			4
PV1-10	78	31	467	Pulmonary Interventional			4
PV1-10	79	31	469	Transplant HPB Surgery			4
PV1-10	80	31	470	Cardiothoracic Transplant			4
PV1-10	81	31	471	Vascular Surgery	VASSURG	Vascular Surgery	4
PV1-10	82	31	472	Speech Pathology			4
PV1-10	83	31	473	Cardiology - Advanced Heart Failure/Transplant			4
PV1-10	84	31	474	Cardiology - Vascular Medicine			4
PV1-10	85	31	475	Physiatry			4
PV1-10	86	31	476	Orthopedic - Surgery			4
PV1-10	87	31	477	Cardiovascular SICU			4
PV1-10	88	31	478	Behavioral Health - Neuropsychology			4
PV1-10	89	31	479	Behavioral Health - Psychiatry	PSYCH	Psychiatry	4
PV1-10	90	31	480	Surgical Endoscopy			4
PV1-10	91	31	481	Ethics	Ethics	Ethics	4
PV1-10	92	31	482	Trauma Surgery	TRAUM	Trauma	4
PV1-10	93	31			AMBSURG	Ambulatory Surgery	4
PV1-10	94	31			BUR	Burn	4
PV1-10	95	31			CATH	Cardiac Cath	4
PV1-10	96	31			CICU	Cardiac ICU	4
PV1-10	97	31			MED	General Medicine	4
PV1-10	98	31			NEOICU	Neonatal ICU	4
PV1-10	99	31			PICU	Pediatric Intensivist	4
PV1-10	100	31			CARTHO	Cardiothoracic Surgery	4
PV1-10	101	31			PULM	Pulmonology	4
PV1-10	102	31			MFM	Maternal-Fetal Medicine	4
PV1-10	103	31			MAXI	Maxillofacial & Oral Surgery	4
PV1-10	104	31			PERINA	Perinatology	4
PV1-10	105	31			MT	Music Therapy	4
PV1-10	106	31			Child Life	Child Life	4
PV1-10	107	31			Ped Hosp	Pediatric Hospitalist	4
PV1-10	108	31			Newborn Hosp	Newborn Hospitalist	4
PV1-10	109	31			Art Therapy	Art Therapy	4
PV1-10	110	31			Nutrition	Nutrition	4
PV1-10	111	31			Pediatric Su	Pediatric Surgery	4
PV1-10	112	31			Ped Card	Pediatric Cardiologist	4
PV1-10	113	31			Stomal Thera	Stomal Therapy	4
PV1-10	114	31			Gift of Life	Gift of Life	4
PV1-10	115	31			Patient Rela	Patient Relations	4
PV1-10	116	31			Rapid Respon	Rapid Response	4
PV1-10	117	31			LactationSrv	Lactation Service	4
PV1-10	118	31			Ped Heme-Onc	Pediatric Hematology-Oncology	4
PV1-10	119	31			 Cardiovascul	Cardiovascular	4
PV1-10	120	31			Ped Endocrin	Pediatric Endocrinology	4
PV1-10	121	31			Ped Neuro	Pediatric Neurology	4
PV1-10	122	31			Ped Pulmon	Pediatric Pulmonology	4
PV1-10	123	31			Ped Gastro	Pediatric Gastroenterology	4
PV1-10	124	31			Ped Rheum	Pediatric Rheumatology	4
PV1-10	125	31			Pastoral Care	Pastoral	4
PV1-10	126	31			CHF Clinic	CHF Clinic	4
PV1-10	127	31			Infusion	Infusion	4
PV1-10	128	31			Social Work	Social Work	4
PV1-10	129	31			Therapy	Therapy	4
PV1-10	130	31			Adv Ill	Advanced Illness	4
PV1-36	2	35	MiHIN suggested values		Hospital Value	Description	4
PV1-36	3	35			01	Discharged to home or self care (routine discharge)	2
PV1-36	4	35	01	Discharged to home or self care (routine discharge)	1	Home or Self Care	4
PV1-36	5	35	02	Discharged/transferred to a short-term general hospital for inpatient care	2	Short Term Hospital (HOSP)	4
PV1-36	6	35	03	Discharged/transferred to skilled nursing facility (SNF) with Medicare certification.	3	Skilled Nursing Facility (SNF)	4
PV1-36	7	35	04	Discharged/transferred to an intermediate care facility (ICF)	4	Assisted Living	4
PV1-36	8	35	05	Discharged/transferred to another type of institution not defined elsewhere in this code list	70	Health Care Institution Not Defined	4
PV1-36	9	35	06	Discharged/transferred to home under care of organized home health service organization	6	Home-Health Care Svc (HHA)	4
PV1-36	10	35	07	Left against medical advice or discontinued care	7	Left Against Medical Advice	4
PV1-36	11	35	08	Discharged/transferred to home under care of a Home IV provider			4
PV1-36	12	35	09	Admitted as an inpatient to this hospital			4
PV1-36	13	35	10-19	Reserved for national assignment (Discontinued effective 10/16/03)			4
PV1-36	14	35	20	Expired	20	Expired	4
PV1-36	15	35	2l-29	Reserved for national assignment (Discontinued effective 10/16/03)			4
PV1-36	16	35	30	Still Patient	30	Still a Patient	4
PV1-36	17	35	31-39	Reserved for national assignment (Discontinued effective 10/16/03)			4
PV1-36	18	35	40	Expired at home	40	Expired at Home	4
PV1-36	19	35	41	Expired in a medical facility (e.g. hospital, SNF, ICF, or free standing hospice)			4
PV1-36	20	35	42	Expired - place unknown			4
PV1-36	21	35	43	Discharged/transferred to a federal health care facility. (Effective 10/1/03)	43	Federal Hospital/VA 	4
PV1-36	22	35	44-49	Reserved for national assignment			4
PV1-36	23	35	50	Hospice - home	50	Hospice/Home (HH)	4
PV1-36	24	35	51	Hospice - medical facility	51	Inpatient Hospice/Medical Facility (IH)	4
PV1-36	25	35	52-60	Reserved for national assignment			4
PV1-36	26	35	61	Discharged/transferred to hospital-based Medicare approved swing bed	61	Swing Bed	4
PV1-36	27	35	62	Discharged/transferred to an inpatient rehabilitation facility (IRF) including rehabilitation distinct part units of a hospital. (Effective retroactive to 1/1/02.)	62	Inpatient Rehab Facility (IPR)	4
PV1-36	28	35	63	Discharged/transferred to a Medicare certified long term care hospital (LTCH).(Effective 5/9/02.)	63	Long Term Care Hospital (LTACH)	4
PV1-36	29	35	64	Discharged/transferred to a nursing facility certified under Medicaid but not certified under Medicare. (Effective 10/1/02.)			4
PV1-36	30	35	65	Discharged/transferred to a psychiatric hospital or psychiatric distinct part unit of a hospital. (Effective 4/1/04)	65	Psychiatric Hospital (PSYCH)	4
PV1-36	31	35	66	Discharged/transferred to a Critical Access Hospital (CAH). (Effective 1/1/06)	66	Critical Access Hospital	4
PV1-36	32	35	67-70	Reserved for national assignment			4
PV1-36	33	35	71	Reserved for national assignment (Discontinued effective 4/1/03)			4
PV1-36	34	35	72	Reserved for national assignment (Discontinued effective 4/1/03)			4
PV1-36	35	35	73-99	Reserved for national assignment			4
PV1-36	36	35	05	Discharged/transferred to another type of institution not defined elsewhere in this code list	21	DC to Court/Law Enforcement	4
PV1-36	37	35	01	Discharged to home or self care (routine discharge)	81	Planned acute IP readmit, discharge home or selfcare	4
PV1-36	38	35	02	Discharged/transferred to a short-term general hospital for inpatient care	82	Planned Acute IP readmit, discharge to short term hospital	4
PV1-36	39	35	03	Discharged/transferred to skilled nursing facility (SNF) with Medicare certification.	83	Planned Acute IP readmit, discharge to SNF Mcare Cert	4
PV1-36	40	35	05	Discharged/transferred to another type of institution not defined elsewhere in this code list	84	Planned Acute IP readmit, discharge to custodial/supportive Care	4
PV1-36	41	35	05	Discharged/transferred to another type of institution not defined elsewhere in this code list	85	Planned Acute IP readmit, discharge to cancer center or Childrens Hospital	4
PV1-36	42	35	06	Discharged/transferred to home under care of organized home health service organization	86	Planned Acute IP readmit, discharge to organized Home Health Svc	4
PV1-36	43	35	05	Discharged/transferred to another type of institution not defined elsewhere in this code list	87	Planned Acute IP readmit, discharge to Court or Law Enforcement	4
PV1-36	44	35	43	Discharged/transferred to a federal health care facility. (Effective 10/1/03)	88	Planned Acute IP readmit, discharge to Federal Healthcare Facility	4
PV1-36	45	35	61	Discharged/transferred to hospital-based Medicare approved swing bed	89	Planned Acute IP readmit, discharge to hospital based Mcare approved Swing bed	4
PV1-36	46	35	62	Discharged/transferred to an inpatient rehabilitation facility (IRF) including rehabilitation distinct part units of a hospital. (Effective retroactive to 1/1/02.)	90	Planned Acute IP readmit, discharge to IP Hospital rehab	4
PV1-36	47	35	63	Discharged/transferred to a Medicare certified long term care hospital (LTCH).(Effective 5/9/02.)	91	Planned Acute IP readmit, discharge to Mcare cert Long term care	4
PV1-36	48	35	64	Discharged/transferred to a nursing facility certified under Medicaid but not certified under Medicare. (Effective 10/1/02.)	92	Planned Acute IP readmit, discharge to nursing facility cert with mcaid not mcare	4
PV1-36	49	35	65	Discharged/transferred to a psychiatric hospital or psychiatric distinct part unit of a hospital. (Effective 4/1/04)	93	Planned Acute IP readmit, discharge to Psych hosp or Psych distinct unit of hosp	4
PV1-36	50	35	66	Discharged/transferred to a Critical Access Hospital (CAH). (Effective 1/1/06)	94	Planned Acute IP readmit, discharge to Critical access hospital	4
PV1-36	51	35	05	Discharged/transferred to another type of institution not defined elsewhere in this code list	95	Planned Acute IP readmit, discharge to Healthcare Institute not else defined	4
PV1-36	52	35	07	Left against medical advice or discontinued care	100	ED Dismiss - Never Arrived	4
PV1-36	53	35	07	Left against medical advice or discontinued care	300	Left Without Being Seen from ED	4
PV1-36	54	35	05	Discharged/transferred to another type of institution not defined elsewhere in this code list	420	ED Contract Discharge - Testing Only	4
PV1-36	55	35	05	Discharged/transferred to another type of institution not defined elsewhere in this code list	400	ED Discharge 	4
PV1-36	56	35	05	Discharged/transferred to another type of institution not defined elsewhere in this code list	5	Discharged/Transferred to designated Cancer Center or Children's Hospital	4
PV1-36	57	35	04	Discharged/transferred to an intermediate care facility (ICF)	102	Custodial NH	4
IN1-17	2	39	MiHIN Value	Description	Hospital Value		4
IN1-17	3	39	FTH	Father 	F		2
IN1-17	4	39	ASC	Associate			4
IN1-17	5	39	BRO	Brother 	BRSI		4
IN1-17	6	39	CGV	Care giver 			4
IN1-17	7	39	CHD	Child	Child		4
IN1-17	8	39	DEP	Handicapped dependant	HdDp		4
IN1-17	9	39	DOM	Life partner	LfPt		4
IN1-17	10	39	EMC	Emergency contact			4
IN1-17	11	39	EME	Employee	Empl		4
IN1-17	12	39	EMR	Employer			4
IN1-17	13	39	EXF	Extended family	NcNp, Cous		4
IN1-17	14	39	FCH	Foster child 	FSCH		4
IN1-17	15	39	FND	Friend			4
IN1-17	16	39	FTH	Father 	FTHR, FTH		4
IN1-17	17	39	GCH	Grandchild	GdCh		4
IN1-17	18	39	GRD	Guardian 	GDN		4
IN1-17	19	39	GRP	Grandparent 	GRPT		4
IN1-17	20	39	MGR	Manager			4
IN1-17	21	39	MTH	Mother 	MTHR, MTH		4
IN1-17	22	39	NCH	Natural child			4
IN1-17	23	39	NON	None			4
IN1-17	24	39	OAD	Other adult	InPf,OADT		4
IN1-17	25	39	OTH	Other 	OTH, Odnr, CDnr, SpDp, DMDp, Adop, Soth, Emnr, CoDp, CDF 		4
IN1-17	26	39	OWN	Owner			4
IN1-17	27	39	PAR	Parent 	PRNT, PAR		4
IN1-17	28	39	SCH	Stepchild 	STCH, SCH		4
IN1-17	29	39	SEL	Self	SELF, SEL		4
IN1-17	30	39	SIB	Sibling 			4
IN1-17	31	39	SIS	Sister 			4
IN1-17	32	39	SPO	Spouse	SPOUSE, SPO		4
IN1-17	33	39	TRA	Trainer			4
IN1-17	34	39	UNK	Unknown	Unkn, UNK		4
IN1-17	35	39	WRD	Ward of court	Ward		4
IN1-17	36	39	AUN	Aunt 	UnAu		4
IN1-17	37	39	DAU	Daughter			4
IN1-17	38	39	EXS	Ex Spouse 	ExSp		4
IN1-17	39	39	EXH	Ex-husband			4
IN1-17	40	39	EXW	Ex-wife 			4
IN1-17	41	39	INL	In Law 	SDIL, BSIL, FMIL		4
IN1-17	42	39	LEG	Legal Guardian 	ApGd		4
IN1-17	43	39	SON	Son (S)			4
IN1-17	44	39	STP	Step Parent (STP)	StFa, StMo		4
IN1-17	45	39	STS	Step Sibling			4
IN1-17	46	39	UN	Uncle (UN)	UNAU		4
IN1	2	42	IN1-3 Value	IN1-4 Value	Payer		4
IN1	3	42	1001	BCN	BCBSM		2
IN1	4	42	200	BLUE CROSS	BCBSM		00000000
IN1	5	42	201	BLUE CARE NETWORK	BCBSM		00000000
IN1	6	42	202	FEDERAL BLUE CROSS	BCBSM		00000000
IN1	7	42	203	SMARTHEALTH	BCBSM		00000000
IN1	8	42	204	AAA MICHIGAN			00000000
IN1	9	42	205	AARP			00000000
IN1	10	42	207	AETNA			00000000
IN1	11	42	209	ALLSTATE			00000000
IN1	12	42	210	AMERICAN COMMUNITY			00000000
IN1	13	42	211	AETNA SENIOR SUPPLEMENTAL INSURANCE			00000000
IN1	14	42	212	AMERICAN HEALTH GROUP			00000000
IN1	15	42	213	AMERICAN NATIONAL LIFE			00000000
IN1	16	42	214	AMISH PLAIN CHURCH GROUP			00000000
IN1	17	42	215	ASR			00000000
IN1	18	42	216	ASSURANT HEALTH			00000000
IN1	19	42	217	AUTO OWNERS			00000000
IN1	20	42	218	BANKERS LIFE			00000000
IN1	21	42	219	BEECH STREET			00000000
IN1	22	42	220	BENEFIT MANAGEMENT			00000000
IN1	23	42	221	BENEFITSOURCE			00000000
IN1	24	42	222	CBCA BEECH ST			00000000
IN1	25	42	223	CENTRACARE			00000000
IN1	26	42	224	CIGNA HEALTHCARE			00000000
IN1	27	42	225	CITIZENS AUTO			00000000
IN1	28	42	226	CLAIMS MANAGEMENT			00000000
IN1	29	42	227	COFINITY			00000000
IN1	30	42	228	COMMERCIAL GENERIC			00000000
IN1	31	42	229	CONSECO HEALTH			00000000
IN1	32	42	230	CONTINENTAL LIFE			00000000
IN1	33	42	231	COVENTRY HEALTHCARE			00000000
IN1	34	42	232	COMMUNITY HEALTH ALLIANCE			00000000
IN1	35	42	233	DIRECT CARE AMERICA/INTERPLAN HEALTH GROUP			00000000
IN1	36	42	235	ESURANCE			00000000
IN1	37	42	236	FAMILY LIFE			00000000
IN1	38	42	237	FARM BUREAU			00000000
IN1	39	42	238	FARMERS			00000000
IN1	40	42	239	FIRST HEALTH			00000000
IN1	41	42	240	FISERV UMR			00000000
IN1	42	42	241	FRANKENMUTH MUTUAL AUTO			00000000
IN1	43	42	242	GEHA			00000000
IN1	44	42	243	GEICO			00000000
IN1	45	42	244	GERBER LIFE			00000000
IN1	46	42	245	GOLDEN RULE			00000000
IN1	47	42	246	GROUP ADMINISTRATORS			00000000
IN1	48	42	247	HEALTHSCOPE BENEFITS			00000000
IN1	49	42	248	HUMANA			00000000
IN1	50	42	249	INTEGRATED HEALTH PARTNERS			00000000
IN1	51	42	250	KALAMAZOO COUNTY SHERIFF DEPT			00000000
IN1	52	42	252	LIBERTY MUTUAL			00000000
IN1	53	42	253	LINCOLN HERITAGE LIFE			00000000
IN1	54	42	254	MAGELLAN			00000000
IN1	55	42	255	MAIL HANDLERS			00000000
IN1	56	42	257	MEGA LIFE BEECH ST			00000000
IN1	57	42	258	MICHIGAN BCCCP			00000000
IN1	58	42	260	MULTIPLAN			00000000
IN1	59	42	261	MUTUAL OF OMAHA			00000000
IN1	60	42	262	NORTHERN GROUP SERVICES			00000000
IN1	61	42	263	NO FAULT GENERIC AUTO			00000000
IN1	62	42	265	PHCS			00000000
IN1	63	42	266	PHYSICIANS HEALTH PLAN			00000000
IN1	64	42	267	POKAGON BAND OF POTAWATOMI INDIANS			00000000
IN1	65	42	269	PRIORITY HEALTH	PRIORITY		00000000
IN1	66	42	271	PROFESSIONAL BENEFITS SERVICES			00000000
IN1	67	42	272	PROGRESSIVE			00000000
IN1	68	42	274	SECURA			00000000
IN1	69	42	275	SHEET METAL WORKERS			00000000
IN1	70	42	 277	STANDARD LIFE & ACCIDENT			00000000
IN1	71	42	278	STATE FARM			00000000
IN1	72	42	279	TRICARE			00000000
IN1	73	42	280	UNITED AMERICAN			00000000
IN1	74	42	281	UNITED BEHAVIORAL HEALTH			00000000
IN1	75	42	282	UNITED COMMERCIAL TRAVELERS			00000000
IN1	76	42	283	UNITED HEALTHCARE			00000000
IN1	77	42	284	UNITED MEDICAL RESOURCES			00000000
IN1	78	42	285	UNITED OF OMAHA			00000000
IN1	79	42	286	UNITED WORLD LIFE			00000000
IN1	80	42	287	USA MANAGED CARE			00000000
IN1	81	42	288	VAN BUREN COUNTY SHERIFF			00000000
IN1	82	42	289	VA MED CENTER BATTLE CREEK			00000000
IN1	83	42	292	MEDICAID	MEDICAID		00000000
IN1	84	42	293	MEDICAID CARESOURCE HMO			00000000
IN1	85	42	294	MEDICAID MERIDIAN HEALTH PLAN OF MI	MERIDIAN		00000000
IN1	86	42	295	MEDICAID GENERIC HMO			00000000
IN1	87	42	296	MEDICAID GENERIC OTHER COUNTY HLTH PLANS	MEDICAID		00000000
IN1	88	42	297	MEDICAID KAL CO HEALTH PLAN	MEDICAID		00000000
IN1	89	42	298	MEDICAID UHC COMMUNITY PLAN			00000000
IN1	90	42	299	MEDICARE	MEDICARE		00000000
IN1	91	42	300	RAILROAD MEDICARE	MEDICARE		00000000
IN1	92	42	301	MEDICARE BCN ADVANTAGE	BCBSM		00000000
IN1	93	42	302	MEDICARE MCLAREN ADVANTAGE			00000000
IN1	94	42	304	MEDICARE GENERIC ADVANTAGE			00000000
IN1	95	42	305	MEDICARE HUMANA			00000000
IN1	96	42	306	MEDICARE PLUS BLUE	BCBSM		00000000
IN1	97	42	307	MEDICARE PRIORITY HEALTH	PRIORITY		00000000
IN1	98	42	308	ACCIDENT FUND			00000000
IN1	99	42	309	AIG			00000000
IN1	100	42	310	AMERISURE			00000000
IN1	101	42	311	BRONSON EMPLOYEE WORKERS COMP			00000000
IN1	102	42	312	CCMSI			00000000
IN1	103	42	313	CHUBB			00000000
IN1	104	42	314	YORK RISK SERVICES GROUP WORKERS COMP			00000000
IN1	105	42	315	EAGLE CLAIMS			00000000
IN1	106	42	316	ESIS			00000000
IN1	107	42	317	FINCOR			00000000
IN1	108	42	318	FRANKENMUTH MUTUAL WORKERS COMP			00000000
IN1	109	42	319	GALLAGHER BASSETT			00000000
IN1	110	42	320	HARTFORD			00000000
IN1	111	42	321	HASTINGS MUTUAL			00000000
IN1	112	42	322	LIBERTY			00000000
IN1	113	42	323	MEADOWBROOK CLAIMS			00000000
IN1	114	42	324	ROYAL & SUN			00000000
IN1	115	42	325	RTW			00000000
IN1	116	42	326	SEDGWICK CMS			00000000
IN1	117	42	327	SPECIALTY RISK SERVICES			00000000
IN1	118	42	328	TRAVELERS			00000000
IN1	119	42	329	UNDERWRITERS SAFETY & CLAIMS			00000000
IN1	120	42	330	WAUSAU			00000000
IN1	121	42	331	WORKERS COMP GENERIC			00000000
IN1	122	42	332	ZURICH AMERICAN			00000000
IN1	123	42	333	MEDICAID ELIGIBLE	MEDICAID		00000000
IN1	124	42	334	SAGAMORE HEALTH NETWORK			00000000
IN1	125	42	335	SECURE HORIZONS ADVANTAGE			00000000
IN1	126	42	336	EBMS			00000000
IN1	127	42	337	MEDICARE UHC COMMUNITY PLAN			00000000
IN1	128	42	338	MEDICARE AETNA			00000000
IN1	129	42	339	MEDICARE UNITED HEALTHCARE			00000000
IN1	130	42	340	KALAMAZOO PSYCHIATRIC HOSPITAL			00000000
IN1	131	42	341	STRYKER CORP			00000000
IN1	132	42	342	CITY OF KALAMAZOO			00000000
IN1	133	42	343	MPI RESEARCH			00000000
IN1	134	42	344	US DEPT OF LABOR			00000000
IN1	135	42	345	ALLEGAN LAB & PATHOLOGY			00000000
IN1	136	42	346	ROGER BEYER MD BLOOM TEST			00000000
IN1	137	42	347	BRONSON LAKEVIEW HOSPITAL REFERENCE LAB			00000000
IN1	138	42	348	BMH BREASTFEEDING & MILK BANK			00000000
IN1	139	42	349	BMH PATIENT RELATIONS			00000000
IN1	140	42	350	BMH EXPOSURE WORKERS COMP			00000000
IN1	141	42	351	BMH MEDICAL STAFF OFFICE			00000000
IN1	142	42	352	BMH NEW HIRE EMPLOYEE HEALTH			00000000
IN1	143	42	353	BMH NON BMH EMP EXPOSURE			00000000
IN1	144	42	354	ALLEGAN GENERAL HOSPITAL			00000000
IN1	145	42	355	DEPT OF ENVIRONMENTAL QUALITY			00000000
IN1	146	42	356	BRONSON LAKEVIEW HOSPITAL			00000000
IN1	147	42	357	BRONSON LAKEVIEW LAB & PATHOLOGY			00000000
IN1	148	42	358	REGIONAL PATH CONSULTANTS			00000000
IN1	149	42	359	STURGIS HOSPITAL			00000000
IN1	150	42	361	MEDICAID MCLAREN HEALTH PLAN			00000000
IN1	151	42	362	KPH GARCIA CLINICAL LAB			00000000
IN1	152	42	363	K WINGS INJURED PLAYER			00000000
IN1	153	42	364	BMH DERMATOLOGY			00000000
IN1	154	42	365	BMH REFERENCE LAB FOR BLH			00000000
IN1	155	42	366	MEDICAID PRIORITY HEALTH	PRIORITY		00000000
IN1	156	42	367	MEDICAID COVENTRYCARES OF MI			00000000
IN1	157	42	368	PLANNED ADMINISTRATORS INC			00000000
IN1	158	42	369	MERITAIN HEALTH			00000000
IN1	159	42	370	BRONSON SOUTH HAVEN REFERENCE LAB			00000000
IN1	160	42	372	UMR			00000000
IN1	161	42	374	MEDICARE PLUS BLUE OUT OF AREA	BCBSM		00000000
IN1	162	42	375	PROFESSIONAL BENEFIT ADMINISTRATORS			00000000
IN1	163	42	376	ORR/DCS			00000000
IN1	164	42	377	BRONSON NURSING REHAB CENTER			00000000
IN1	165	42	378	HH HOSPICE CARE SW MI			00000000
IN1	166	42	379	MEDICARE MERIDIAN ADVANTAGE	MERIDIAN		00000000
IN1	167	42	380	DETROIT BIOMEDICAL LAB			00000000
IN1	168	42	381	MERIDIAN CHOICE/MERIDIAN HPM	MERIDIAN		00000000
IN1	169	42	384	EARLY DISCHARGE FUND			00000000
IN1	170	42	385	FREMONT INSURANCE			00000000
IN1	171	42	386	USAA			00000000
IN1	172	42	387	CITIZENS HANOVER			00000000
IN1	173	42	388	VISION SERVICE PLAN			00000000
IN1	174	42	389	HEALTHPLUS INS CO	HEALTHPLUS		00000000
IN1	175	42	390	NIPPON LIFE INSURANCE			00000000
IN1	176	42	391	WEB TPA			00000000
IN1	177	42	392	ALL SAVERS			00000000
IN1	178	42	426	BEACON HEALTH OPTIONS			00000000
IN1	179	42	800	BLUE CROSS SUPERPAYOR	BCBSM		00000000
IN1	180	42	801	BLUE CARE NETWORK SUPERPAYOR	BCBSM		00000000
IN1	181	42	802	HUMANA SUPERPAYOR			00000000
IN1	182	42	803	PRIORITY HEATLH SUPERPAYOR	PRIORITY		00000000
IN1	183	42	804	MEDICARE SUPERPAYOR	MEDICARE		00000000
IN1	184	42	805	AARP SUPERPAYOR			00000000
IN1	185	42	806	AETNA SUPERPAYOR			00000000
IN1	186	42	807	UNITED HEALTHCARE SUPERPAYOR			00000000
IN1	187	42	808	UHC COMMUNITY PLAN SUPERPAYOR			00000000
IN1	188	42	809	CARESOURCE SUPERPAYOR			00000000
IN1	189	42	810	NORTHERN GROUP SERVICES SUPERPAYOR			00000000
IN1	190	42	811	COMMERCIAL GENERIC SUPERPAYOR			00000000
IN1	191	42	812	UMR SUPERPAYOR			00000000
IN1	192	42	397	MEDICAID GENERIC HMO HMP			00000000
IN1	193	42	413	COMPONE ADMINISTRATORS			00000000
IN1	194	42	396	SOUTH HAVEN NURSING AND REHAB			00000000
IN1	195	42	408	ALLIED BENEFIT SYSTEMS			00000000
IN1	196	42	402	MEDICAID CALHOUN COUNTY CMH			00000000
IN1	197	42	406	AUTO OWNERS			00000000
IN1	198	42	412	BROADSPIRE			00000000
IN1	199	42	410	MEEMIC			00000000
IN1	200	42	393	COUNTRYSIDE NURSING HOME			00000000
IN1	201	42	398	FARM BUREAU			00000000
IN1	202	42	415	AUTOMATED BENEFIT SERVICES			00000000
IN1	203	42	394	HOSPICE AT HOME			00000000
IN1	204	42	414	MACKINAW ADMINISTRATORS			00000000
IN1	205	42	411	NATIONWIDE/TITAN			00000000
IN1	206	42	409	CONSUMERS MUTUAL OF MI			00000000
IN1	207	42	395	RIVER RIDGE RETIREMENT VILLAGE			00000000
IN1	208	42	399	MEDICARE AETNA BETTER HEALTH PREMIER			00000000
IN1	209	42	400	MEDICAID ALLEGAN COUNTY CMH			00000000
IN1	210	42	401	MEDICAID BARRY COUNTY CMH			00000000
IN1	211	42	403	MEDICAID KALAMAZOO COUNTY CMH			00000000
IN1	212	42	404	MEDICAID MUSKEGO COUNTY CMH			00000000
IN1	213	42	405	MEDICAID ST JOSEPH COUNTY CMH			00000000
IN1	214	42	407	CALHOUN COUNTY CORRECTIONAL			00000000
IN1	215	42	416	MEDICAID BRANCH COUNTY CMH			00000000
IN1	216	42	417	EQUITABLE LIFE CASUALTY INS			00000000
IN1	217	42	418	POINT COMFORT UNDERWRITERS INC			00000000
IN1	218	42	419	MEDICAID AETNA BETTER HEALTH OF MI			00000000
IN1	219	42	283	UNITED HEALTHCARE MEDICA			00000000
IN1	220	42	420	BEHAVIORAL HEALTH SYSTEMS			00000000
IN1	221	42	421	MEDICAID KENT COUNTY CMH			00000000
IN1	222	42	422	MEDICAID CLINTON EATON INGHAM COUNTY CMH			00000000
IN1	223	42	423	MEDICAID IONIA COUNTY CMH			00000000
IN1	224	42	424	MEDICAID JACKSON COUNTY LIFEWAYS CMH			00000000
IN1	225	42	425	MEDICAID VANBUREN COUNTY CMH			FFFFFF00
IN1	226	42	427	CLAIMS MANAGEMENT INC WORKERS COMP			00000000
IN1	227	42	428	VA CHOICE PROGRAM-VACAA			FFFFFF00
IN1	228	42	9999	NOT AVAILABLE	BCBSM		00000000
IN1	229	42	429	EMPLOYEE BENEFIT LOGISTICS			00000000
IN1	230	42	430	REGENCY EMPLOYEE BENEFITS			00000000
IN1	231	42	431	MEDICAID SW MI BEHAVIORAL HEALTH	MEDICAID		00000000
IN1	232	42	432	HASTINGS MUTUAL AUTO			00000000
IN1	233	42	433	UNINSURED AUTO ACCIDENT			00000000
IN1	234	42	452	MANHATTAN LIFE INSURANCE CO			00000000
IN1	235	42	453	GOVERNMENT PERSONNEL MUTUAL LIFE INS CO			00000000
IN1	236	42	454	CONTINENTAL GENERAL/LOYAL AMERICAN			00000000
IN1	237	42	455	FOUNTAINS			00000000
IN1	238	42	456	OXFORD LIFE INSURANCE CO			00000000
IN1	239	42	457	CIGNA MEDICARE SUPPLEMENT SOLUTIONS			00000000
IN1	240	42	458	CSI/CENTRAL STATES INDEMNITY			00000000
IN1	241	42	459	MEDICO CORP LIFE INSURANCE CO			00000000
IN1	242	42	460	STATE FARM HEALTH INSURANCE			00000000
IN1	243	42	461	BANKERS FIDELITY			00000000
IN1	244	42	462	FIRST AGENCY			00000000
IN1	245	42	446	MEDICAID MOLINA HEALTHCARE	MEDICAID		00000000
IN1	246	42	489	BOONG GROUP			00000000
IN1	247	42	486	CINCINNATI AUTO			00000000
IN1	248	42	475	MEDICAL MUTUAL OF OHIO			00000000
IN1	249	42	476	HEALTHSMART			00000000
IN1	250	42	477	CORRECTION RECOVERY			00000000
IN1	251	42	478	MEDICARE SW MI BEHAVIORAL HEALTH	MEDICARE		00000000
IN1	252	42	479	TRUSTMARK STARMARK COFINITY			00000000
IN1	253	42	480	BENEFIT ADMINISTRATIVE SYSTEMS			00000000
IN1	254	42	481	FREEDOM LIFE INS			00000000
IN1	255	42	474	UNITED BEHAVIORAL HEALTH MEDICAID	MEDICAID		00000000
IN1	256	42	488	MEDICAID BLUE CROSS COMPLETE	MEDICAID		00000000
IN1	257	42	490	ASRM			00000000
IN1	258	42	491	ADMINISTRATIVE CONCEPTS INC			00000000
IN1	259	42	492	CONSOLIDATED HEALTH PLANS			00000000
IN1	260	42	493	LHS/MEDCOST SOLUTIONS LCC			00000000
IN1	261	42	487	EASTERN ALLIANCE			00000000
IN1	262	42	494	CORESOURCE			00000000
IN1	263	42	495	OXFORD HEALTH			00000000
IN1	264	42	496	HARTFORD			00000000
IN1	265	42	497	MICHIGAN INSURANCE			00000000
IN1	266	42	498	PMA MEDICAL BILLS			00000000
IN1	267	42	499	CNA 			00000000
IN1	268	42	500	APPLIED UNDERWRITERS			00000000
IN1	269	42	501	CORVEL CORPORATION			00000000
IN1	270	42	502	FOREST COUNTY POTAWATOMI INSURANCE DEPT			00000000
IN1	271	42	503	ZELIS HEALTHCARE			00000000
IN1	272	42	504	MEDICARE MOLINA HEALTHCARE			00000000
IN1	273	42	505	MI STATE POLICE			00000000
IN1	274	42	506	MCLAREN HEALTH PLAN			00000000
IN1	275	42	510	AAA MICHIGAN 			00000000
IN1	276	42	512	HEALTH ALLIANCE PLAN			00000000
IN1	277	42	513	MEDICARE PACE OF SOUTHWEST MI			00000000
IN1	278	42	514	HEALTHGRAM INC			00000000
IN1	279	42	515	BRONSON AT HOME INFUSION SERVICES			00000000
IN1	280	42	516	HAP MIDWEST HEALTH PLAN			00000000
IN1	281	42	520	KINDRED HOSPICE			00000000
IN1	282	42	521	COMPSYCH			00000000
IN1	283	42	522	ALLSTATE			00000000
IN1	284	42	523	AMERIPRISE			00000000
IN1	285	42	524	AMERISU INSURANCE			00000000
IN1	286	42	525	ASU GROUP RISK MANAGEMENT			00000000
IN1	287	42	526	AU/METRO TRANSIT			00000000
IN1	288	42	527	ATLAS FINANCIAL HOLDINGS			00000000
IN1	289	42	528	AUTO OWNERS			00000000
IN1	290	42	529	BRISTOL WEST INSURANCE			00000000
IN1	291	42	530	CENTRAL MUTUAL INSURANCE			00000000
IN1	292	42	531	CINCINNATI AUTO			00000000
IN1	293	42	532	CITIZENS AUTO			00000000
IN1	294	42	533	ESURANCE			00000000
IN1	295	42	534	EVEREST NATIONAL			00000000
IN1	296	42	535	FARM BUREAU			00000000
IN1	297	42	536	FARMERS			00000000
IN1	298	42	537	FOREMOST INSURANCE			00000000
IN1	299	42	538	FRANKENMUTH MUTUAL AUTO			00000000
IN1	300	42	539	FREMONT INSURANCE			00000000
IN1	301	42	540	GEICO			00000000
IN1	302	42	541	GRANGE INSURANCE			00000000
IN1	303	42	542	HARTFORD			00000000
IN1	304	42	543	HASTINGS MUTUAL AUTO			00000000
IN1	305	42	544	LIBERTY MUTUAL			00000000
IN1	306	42	545	MEEMIC			00000000
IN1	307	42	546	METLIFE INSURANCE			00000000
IN1	308	42	547	MICHIGAN INSURANCE			00000000
IN1	309	42	548	MICHIGAN MILLERS MUTUAL			00000000
IN1	310	42	549	NATIONAL CASUALTY			00000000
IN1	311	42	550	NATIONAL GENERAL INSURANCE			00000000
IN1	312	42	551	NATIONWIDE/TITAN			00000000
IN1	313	42	552	NO FAULT GENERIC AUTO			00000000
IN1	314	42	553	PIONEER STATE MUTUAL INSURANCE			00000000
IN1	315	42	554	PROGRESSIVE			00000000
IN1	316	42	555	PROTECTIVE INSURANCE			00000000
IN1	317	42	556	SAFE AUTO INSURANCE			00000000
IN1	318	42	557	SAFECO INSURANCE COMPANY			00000000
IN1	319	42	558	SECURA			00000000
IN1	320	42	559	SELECTIVE INSURANCE			00000000
IN1	321	42	560	SENTRY INSURANCE			00000000
IN1	322	42	561	STATE AUTO INSURANCE			00000000
IN1	323	42	562	STATE FARM			00000000
IN1	324	42	563	TRAVELERS AUTO INSURANCE INDIANA			00000000
IN1	325	42	564	TRAVELERS AUTO INSURANCE NEW YORK			00000000
IN1	326	42	565	USAA			00000000
IN1	327	42	566	WESTFIELD AUTO INSURANCE			00000000
IN1	328	42	567	WOLVERINE MUTUAL INSURANCE			00000000
IN1	329	42	575	ALLEN COUNTY AMISH MEDICAL AID			00000000
IN1	330	42	578	GMS TPA SERVICES			00000000
IN1	331	42	579	AMERICAN POST WORKERS UNION			00000000
IN1	332	42	580	VA TRIWEST			00000000
IN1	333	42	581	TRANSAMERICA PREMIER LIFE INSURANCE			00000000
IN1	334	42	582	HEALTHCARE SOLUTIONS GROUP			00000000
IN1	335	42	583	INSIGHT BENEFIT ADMINISTRATORS			00000000
IN1	336	42	584	PRAIRIE STATES ENTERPRISES			00000000
IN1	337	42	585	SAS CORNERSTONE			00000000
IN1	338	42	586	SISCO SELF FUNDED			00000000
IN1	339	42	587	TOTAL HEALTH CARE			00000000
IN1	340	42	588	VARIPRO			00000000
IN1	341	42	589	WPS HEALTH INSURANCE			00000000
IN1	342	42	590	AUXIANT			00000000
IN1	343	42	591	EBPA			00000000
IN1	344	42	592	EBSO			00000000
IN1	345	42	593	EMPLOYEE PLANS			00000000
IN1	346	42	594	EXCEEDENT			00000000
IN1	347	42	595	HEALTHCOMP ADMINISTRATORS			00000000
IN1	348	42	596	INSURANCE MANAGEMENT SERVICE			00000000
IN1	349	42	597	LIFETIME BENEFIT SOLUTIONS			00000000
IN1	350	42	598	SUMMIT ADMINISTRATOR			00000000
IN1	351	42	599	UCHEALTH PLAN ADMINISTRATORS			00000000
IN1	352	42	600	UCS UNITED CLAIM SOLUTIONS			00000000
IN1	353	42	601	HEALTHSMART BENEFIT SOLUTIONS			00000000
IN1	354	42	602	LIBERTY UNION			00000000
IN1	355	42	603	SECUREONE BENEFIT ADMINISTRATORS			00000000
IN1	356	42	604	UNIFIED GROUP SERVICES			00000000
IN1	357	42	605	WELLS FARGO			00000000
IN1	358	42	606	PRO CLAIM PLUS			00000000
IN1	359	42	607	GROUP MARKETING SERVICES			00000000
IN1	360	42	608	AUTOMATED BENEFIT SYSTEMS			00000000
IN1	361	42	609	AUTOMATED BENEFIT SERVICES			00000000
IN1	362	42	610	MEDICARE WELLCARE ADVANTAGE	MERIDIAN		00000000
IN1	363	42	611	MEDICARE PHP ADVANTAGE	MEDICARE		00000000
IN1	364	42	612	VACCN OPTUM			00000000
IN1	365	42	614	KEY BENEFIT ADMINISTRATORS			00000000
IN1	366	42	615	AMERICAN HEALTH ALLIANCE			00000000
IN1	367	42	617	COVID 19 HRSA UNINSURED TESTING AND TREATMENT FUND			00000000
