filename	0	0		2.0 Mapping Tables - Hospitals/Hills & Dales General Hospital ADT 2.0 table 07-29-20.xlsx			
MSH-4	2	1	Hospital Value	Description			4
MSH-4	3	1	2.16.840.1.113883.3.1481.1.2.2	Hospital Name			2
MSH-4	4	1	2.16.840.1.113883.3.5416.1.6	Hills & Dales General Hospital			00000000
PID-8	2	3	MiHIN Value	Description	Hospital Value		4
PID-8	3	3	M	Male	M		2
PID-8	4	3	F	Female	F		4
PID-8	5	3	M	Male	M		4
PID-8	6	3	O	Other			4
PID-8	7	3	U	Unknown	U		4
PID-8	8	3	A	Ambiguous			4
PID-8	9	3	N	Not Applicable			4
PID-10	2	6	MiHIN Value	Description	Hospital Value		4
PID-10	3	6	2106-3	White	W		2
PID-10	4	6	1002-5	American Indian or Alaska Native	Am Indian		4
PID-10	5	6	2028-9	Asian	Asian		4
PID-10	6	6	2054-5	Black or African American	Black		4
PID-10	7	6	2076-8	Native Hawaiian or Other Pacific Islander	Pac Islander		4
PID-10	8	6	2106-3	White	White		4
PID-10	9	6	2131-1	Other Race	Other, Unknown, HISPANIC, NOT HISPANIC OR LATI		4
PID-10	10	6	MR	Multi-Racial	MULTIPLE		4
PID-10	11	6	PR	Patient Refused 	Pt Refused		4
PID-22	2	9	MiHIN Value	Description	Hospital Value		4
PID-22	3	9	H	Hispanic or Latino	Hisp		2
PID-22	4	9	H	Hispanic or Latino	HISPANIC OR LATINO		4
PID-22	5	9	N	Not Hispanic or Latino	NOT HISPANIC OR LATINO		4
PID-22	6	9	U	Unknown	UNKNOWN		4
PID-22	7	9	D	Declined	PATIENT REFUSED		4
PID-22	8	9	AN	Alaskan Native 			4
PID-22	9	9	AR	Arabic 			4
PID-22	10	9	AS	Asian 			4
PID-22	11	9	CA	Caucasian			4
PID-22	12	9	CHA	Chaldean 			4
PID-22	13	9	CHI	Chinese 			4
PID-22	14	9	DU	Dutch 			4
PID-22	15	9	EG	Egyptian 			4
PID-22	16	9	FR	French 			4
PID-22	17	9	GER	German 			4
PID-22	18	9	GRE	Greek 			4
PID-22	19	9	HA	Hawaiian 			4
PID-22	20	9	IRA	Iranian 			4
PID-22	21	9	IRQ	Iraqi 			4
PID-22	22	9	IRH	Irish 			4
PID-22	23	9	ITA	Italian 			4
PID-22	24	9	JA	Japanese 			4
PID-22	25	9	JE	Jewish 			4
PID-22	26	9	JO	Jordanian 			4
PID-22	27	9	KO	Korean 			4
PID-22	28	9	LE	Lebanese  			4
PID-22	29	9	MAC	Macedonian 			4
PID-22	30	9	ME	Middle Eastern			4
PID-22	31	9	MUL	Multi-Ethnic 			4
PID-22	32	9	NA	Native American			4
PID-22	33	9	O	Other 			4
PID-22	34	9	PO	Polish 			4
PID-22	35	9	RU	Russian 			4
PID-22	36	9	SC	Scottish 			4
PID-22	37	9	UK	Ukrainian 			4
PID-22	38	9	VIT	Vietnamese 			4
PID-30	2	12	MiHIN Value	Description	Hospital Value		4
PID-30	3	12	Y	Expired	E		2
PID-30	4	12	Y	Deceased/Yes	Y		4
PID-30	5	12	N	Not Deceased/No	N		4
DG1-6	2	15	MiHIN Value	Description	Hospital Value		4
DG1-6	3	15	A	Admitting	AD		2
DG1-6	4	15	A	Admitting	A		4
DG1-6	5	15	F	Final			4
DG1-6	6	15	W	Working 			4
DG1-6	7	15	O	Other			4
PV1-2	2	18	MiHIN Value	Description	Hospital Value		4
PV1-2	3	18	E	Emergency	ER		2
PV1-2	4	18	B	Obstetrics			4
PV1-2	5	18	C	Commercial Account			4
PV1-2	6	18	E	Emergency	E		4
PV1-2	7	18	I	Inpatient	I		4
PV1-2	8	18	N	Not Applicable			4
PV1-2	9	18	O	Outpatient	O		4
PV1-2	10	18	P	Preadmit	P		4
PV1-2	11	18	R	Recurring patient			4
PV1-2	12	18	U	Unknown			4
PV1-2	13	18	IH	IP Hospice 			4
PV1-2	14	18	NB	Newborn			4
PV1-2	15	18	OB	Observation 			4
PV1-2	16	18	SN	Skilled Nursing 			4
PV1-2	17	18	SA	Surgery Admit 	ERR2		4
PV1-4	2	21	MiHIN Value	Description	Hospital Value		4
PV1-4	3	21	E	Emergency	E		2
PV1-4	4	21	A	Accident			4
PV1-4	5	21	C	Elective	EL		4
PV1-4	6	21	E	Emergency	ER		4
PV1-4	7	21	L	Labor and Delivery			4
PV1-4	8	21	N	Newborn (Birth in healthcare facility)	NB		4
PV1-4	9	21	R	Routine			4
PV1-4	10	21	U	Urgent	UR		4
PV1-4	11	21	TC	Trauma Center 	T		4
PV1-4	12	21	O	Other	NA		4
PV1-14	2	24	MiHIN Value	Description	Hospital Value		4
PV1-14	3	24	2	Clinic referral	E		2
PV1-14	4	24	1	Physician referral	Phys Ref		4
PV1-14	5	24	2	Clinic referral	Clinic Ref		4
PV1-14	6	24	3	HMO referral	HMO Ref		4
PV1-14	7	24	4	Transfer from a hospital	Hospital, BORN INSIDE, TRANSFER FRO, CRITICAL ACC, Normal		4
PV1-14	8	24	5	Transfer froma skilled nursing facility	SNF		4
PV1-14	9	24	6	Transfer from another health care facility	HCF, Tr from Hosp, SICK BABY		4
PV1-14	10	24	7	Emergency Room	Emergency		4
PV1-14	11	24	8	Court/Law enforcement	Court/Law		4
PV1-14	12	24	9	Information not available	Info Unav		4
PV1-14	13	24	SR	Self-Referral			4
PV1-14	14	24	TRNF	Transfer from a non-health care facility	BORN OUTSIDE, Extramural, Premature		4
PV1-14	15	24	TRAD	Transfer from Ambulatory Department	Trans Amb, PsySAReh, or Rehab Hospital		4
PV1-18	2	27	MiHIN Suggested Values		Hospital Value	Description	4
PV1-18	3	27			A	Anonymous	2
PV1-18	4	27	1	Anonymous			4
PV1-18	5	27	2	Confidential			4
PV1-18	6	27	3	Employee	Employee	Employee	4
PV1-18	7	27	4	Dismissed	DISMISSED	DISMISSED	4
PV1-18	8	27	5	No Medicare			4
PV1-18	9	27	6	Prisoner			4
PV1-18	10	27	7	VIP	VIP	VIP	4
PV1-18	11	27	8	Staff Dependent			4
PV1-18	12	27	9	Benefactor			4
PV1-18	13	27	10	Employee Dependent	SPOUSE/DEPEN, sprtemp	SPOUSE/DEPEN, sprtemp	4
PV1-18	14	27	11	Non-Employee			4
PV1-18	15	27	12	Volunteer			4
PV1-18	16	27	13	Staff Physician	PHYSICIAN	PHYSICIAN	4
PV1-18	17	27	14	Non V.I.P			4
PV1-18	18	27	15	Retired Employee	RETIRED EMPL	RETIRED EMPL	4
PV1-18	19	27	42	Homeless			4
PV1-18	20	27	44	Celebrity			4
PV1-18	21	27	45	Donor			4
PV1-18	22	27	46	Transplant			4
PV1-18	23	27	47	Voucher			4
PV1-18	24	27	49	Board Member	BOARD OF DIR	BOARD OF DIR	4
PV1-18	25	27	49	Clergy			4
PV1-18	26	27	52	Other	Other	Other	4
PV1-18	27	27	58	Organ Donor			4
PV1-18	28	27	59	Organ 			4
PV1-18	29	27	60	Select Specialty			4
PV1-18	30	27			VETERAN	Veteran	00000000
PV1-18	31	27			EXCEPTION	Exception	00000000
PV1-18	32	27			Medical Stud	Medical Student	00000000
PV1-10	2	31	MiHIN Suggested Values		Hospital Value	Description	4
PV1-10	3	31			121	Pediatrics	2
PV1-10	4	31	104	Cardiology - General	Cardiology	Cardiology - General	4
PV1-10	5	31	105	Emergency Medicine	Emergency	Emergency Medicine	4
PV1-10	6	31	107	Geriatrics			4
PV1-10	7	31	108	Gastroenterology	Gastroenterology	Gastroenterology	4
PV1-10	8	31	109	Gynecology			4
PV1-10	9	31	110	Hospice Medicine			4
PV1-10	10	31	111	Medical Intensive Care			4
PV1-10	11	31	112	Internal Medicine			4
PV1-10	12	31	114	Neuro ICU	Neuro Trauma	Neuro Trauma	4
PV1-10	13	31	115	Neurology	Neurology	Neurology	4
PV1-10	14	31	116	Neonatology	Neonatology	Neonatology	4
PV1-10	15	31	117	Obstetrics	Obstetrics	Obstetrics	4
PV1-10	16	31	118	Oncology	Oncology	Oncology	4
PV1-10	17	31	119	Orthopedics	Orthopedics	Orthopedics	4
PV1-10	18	31	121	Pediatrics			4
PV1-10	19	31	123	Physical Medicine and Rehabilitation	Rehab	Rehab	4
PV1-10	20	31	124	General Surgery	Surgery	Surgery	4
PV1-10	21	31	125	Surgical Intensive Care			4
PV1-10	22	31	126	Nephrology Transplant			4
PV1-10	23	31	127	Acute Care Surgery			4
PV1-10	24	31	128	Allergy & Immunology			4
PV1-10	25	31	129	Anesthesiology			4
PV1-10	26	31	131	Dermatology			4
PV1-10	27	31	132	Family Medicine			4
PV1-10	28	31	133	Endocrinology			4
PV1-10	29	31	134	Genetics			4
PV1-10	30	31	135	Hematology			4
PV1-10	31	31	136	Infectious Disease			4
PV1-10	32	31	137	Nephrology			4
PV1-10	33	31	138	Neurosurgery			4
PV1-10	34	31	139	Ophthalmology			4
PV1-10	35	31	140	Otolaryngology/ENT			4
PV1-10	36	31	141	Plastic Surgery			4
PV1-10	37	31	143	Radiation Oncology			4
PV1-10	38	31	144	Rheumatology			4
PV1-10	39	31	145	Urology			4
PV1-10	40	31	148	Pharmacy	Amb Pharmacy	Amb Pharmacy	4
PV1-10	41	31	149	Interventional Radiology	Special Procedures	Special Procedures	4
PV1-10	42	31	150	Clinical Decision Unit			4
PV1-10	43	31	151	Wound/Ostomy Care			4
PV1-10	44	31	153	Newborn	Newborn	Newborn	4
PV1-10	45	31	154	Labor and Delivery			4
PV1-10	46	31	156	Hospitalist Medicine	Transitional Care, Medical	Transitional Care, medical	4
PV1-10	47	31	158	Select Specialty	Select Specialty	Select Specialty	4
PV1-10	48	31	161	Audiology			4
PV1-10	49	31	162	Behavioral Health - Psychology			4
PV1-10	50	31	163	Cardiology - Structural Heart Disease			4
PV1-10	51	31	165	Colon/Rectal Surgery			4
PV1-10	52	31	166	Gynecology/Obstetrics			4
PV1-10	53	31	172	Oral Surgery			4
PV1-10	54	31	175	Palliative Medicine 			4
PV1-10	55	31	178	Podiatry			4
PV1-10	56	31	180	Radiology			4
PV1-10	57	31	181	Sleep Center			4
PV1-10	58	31	184	Cardiac Surgery			4
PV1-10	59	31	185	Transplant	Organ Donor	Organ Donor	4
PV1-10	60	31	198	Bone Marrow Transplant			4
PV1-10	61	31	208	Chemotherapy			4
PV1-10	62	31	273	Pathology			4
PV1-10	63	31	293	Pulmonary	Pulmonary	Pulmonary	4
PV1-10	64	31	322	Thoracic Surgery			4
PV1-10	65	31	374	Transfusion Medicine			4
PV1-10	66	31	376	Family Practice			4
PV1-10	67	31	380	Orthopedic - Hand Surgery			4
PV1-10	68	31	381	Orthopedic - Spine			4
PV1-10	69	31	384	Hepatology			4
PV1-10	70	31	385	Pain Management			4
PV1-10	71	31	387	Urogynecology			4
PV1-10	72	31	399	Bone & Mineral			4
PV1-10	73	31	409	Cardiology - Electrophysiology			4
PV1-10	74	31	463	Bariatric Surgery			4
PV1-10	75	31	464	Intensive Care			4
PV1-10	76	31	465	Pulmonary Hypertension			4
PV1-10	77	31	466	Pulmonary Transplant			4
PV1-10	78	31	467	Pulmonary Interventional			4
PV1-10	79	31	469	Transplant HPB Surgery			4
PV1-10	80	31	470	Cardiothoracic Transplant			4
PV1-10	81	31	471	Vascular Surgery			4
PV1-10	82	31	472	Speech Pathology			4
PV1-10	83	31	473	Cardiology - Advanced Heart Failure/Transplant			4
PV1-10	84	31	474	Cardiology - Vascular Medicine			4
PV1-10	85	31	475	Physiatry			4
PV1-10	86	31	476	Orthopedic - Surgery			4
PV1-10	87	31	477	Cardiovascular SICU			4
PV1-10	88	31	478	Behavioral Health - Neuropsychology			4
PV1-10	89	31	479	Behavioral Health - Psychiatry			4
PV1-10	90	31	480	Surgical Endoscopy			4
PV1-10	91	31	481	Ethics			4
PV1-10	92	31	482	Trauma Surgery			4
PV1-10	93	31			Outpatient	Outpatient	00000000
PV1-10	94	31			Peds Annex	Peds Annex	00000000
PV1-36	2	35	MiHIN suggested values		Hospital Value	Description	4
PV1-36	3	35			01	Discharged to home or self care (routine discharge)	2
PV1-36	4	35	01	Discharged to home or self care (routine discharge)	HOME/SELF CA, Readm Home/S	Discharged to home or self care (routine discharge), 81 - W PL Readm Home/Self	4
PV1-36	5	35	02	Discharged/transferred to a short-term general hospital for inpatient care	ACF ACUTE CA	Discharged/transferred to a short-term general hospital for inpatient \ncare	4
PV1-36	6	35	03	Discharged/transferred to skilled nursing facility (SNF) with Medicare certification.	SNF SKILLED, Readm SNF	Discharged/transferred to skilled nursing facility (SNF) with Medicare \ncertification, 83 - W PL Readm SNF,	4
PV1-36	7	35	04	Discharged/transferred to an intermediate care facility (ICF)	BASIC NURSIN	Discharged/transferred to an intermediate care facility (ICF)	4
PV1-36	8	35	05	Discharged/transferred to another type of institution not defined elsewhere in this code list	DISCH/TR, DIVERTED, Readm ACF, Readm BNF, Readm Other, Readm HHC, Readm Court/, Readm Oth HC	Discharged/transferred to another type of institution not defined elsewhere \nin this code list, 200 - ED Dismiss - Diverted Elsewhere, 82 - W PL Readm ACF, 84 - W PL Readm BNF, 85 - W PL Readm Other (Caid/Rehab Pt), 86 - W PL Readm HHC, 87 - W PL Readm Court/Law, 90 - W PL Readm Rehab Fac, 95 - W PL Readm Other HealthCare Inst, Other Medicaid Rehab patient	4
PV1-36	9	35	06	Discharged/transferred to home under care of organized home health service organization	HHC HOME HEA	Discharged/transferred to home under care of organized home health service \norganization	4
PV1-36	10	35	07	Left against medical advice or discontinued care	AMA AGAINST 	Left against medical advice or discontinued care	4
PV1-36	11	35	08	Discharged/transferred to home under care of a Home IV provider			4
PV1-36	12	35	09	Admitted as an inpatient to this hospital	Hospice Expired in Medical Facility		4
PV1-36	13	35	10-19	Reserved for national assignment (Discontinued effective 10/16/03)			4
PV1-36	14	35	20	Expired	EXPIRED	Expired	4
PV1-36	15	35	2l-29	Reserved for national assignment (Discontinued effective 10/16/03)			4
PV1-36	16	35	30	Still Patient	STILL A PATI, STLL PAT	Still Patient	4
PV1-36	17	35	31-39	Reserved for national assignment (Discontinued effective 10/16/03)			4
PV1-36	18	35	40	Expired at home	EXP AT HM	Expired at home	4
PV1-36	19	35	41	Expired in a medical facility (e.g. hospital, SNF, ICF, or free standing hospice)	Admitted as IP	Admitted as IP	4
PV1-36	20	35	42	Expired - place unknown			4
PV1-36	21	35	43	Discharged/transferred to a federal health care facility. (Effective 10/1/03)	FED, Readm Fed Ho	Discharged/transferred to a federal health care facility. (Effective 10/1/03), 88 - W PL Readm Fed Hosp	4
PV1-36	22	35	44-49	Reserved for national assignment			4
PV1-36	23	35	50	Hospice - home	HOSPICEHOME	Hospice - home	4
PV1-36	24	35	51	Hospice - medical facility	HOSPICEMEDIC, Readm CAH	Hospice - medical facility, 94 - W PL Readm CAH	4
PV1-36	25	35	52-60	Reserved for national assignment			4
PV1-36	26	35	61	Discharged/transferred to hospital-based Medicare approved swing bed	DISCHARED/TR, Readm Swing	Discharged/transferred to hospital-based Medicare approved swing bed, 89 - W PL Readm Swing Bed	4
PV1-36	27	35	62	Discharged/transferred to an inpatient rehabilitation facility (IRF) including rehabilitation distinct part units of a hospital. (Effective retroactive to 1/1/02.)	REHAB, Readm Rehab, OTHER (MEDIC	Discharged/transferred to an inpatient rehabilitation facility (IRF) including, Other Medicaid Rehab Patient\nrehabilitation distinct part units of a hospital. (Effective \nretroactive to 1/1/02.)	4
PV1-36	28	35	63	Discharged/transferred to a Medicare certified long term care hospital (LTCH).(Effective 5/9/02.)	LONG TERM AC, Readm LTAC	Discharged/transferred to a Medicare certified long term care hospital \n(LTCH).(Effective 5/9/02.), 91 - W PL Readm LTAC	4
PV1-36	29	35	64	Discharged/transferred to a nursing facility certified under Medicaid but not certified under Medicare. (Effective 10/1/02.)	NURSING FACI	Discharged/transferred to a nursing facility certified under Medicaid \nbut not certified under Medicare. (Effective 10/1/02.)	4
PV1-36	30	35	65	Discharged/transferred to a psychiatric hospital or psychiatric distinct part unit of a hospital. (Effective 4/1/04)	PSYCH, Readm Psych	Discharged/transferred to a psychiatric hospital or psychiatric distinct \npart unit of a hospital. (Effective 4/1/04), 92 - W PL Readm Nurs Fac Caid, 93 - W PL Readm Psych Hosp	4
PV1-36	31	35	66	Discharged/transferred to a Critical Access Hospital (CAH). (Effective 1/1/06)	CAH	Discharged/transferred to a Critical Access Hospital (CAH). (Effective \n1/1/06)	4
PV1-36	32	35	67-70	Reserved for national assignment			4
PV1-36	33	35	71	Reserved for national assignment (Discontinued effective 4/1/03)			4
PV1-36	34	35	72	Reserved for national assignment (Discontinued effective 4/1/03)			4
PV1-36	35	35	73-99	Reserved for national assignment			4
PV1-36	36	35			NA	100 - ED Dismiss - Never Arrived	4
PV1-36	37	35			Readm Nurs F	W PL Readm Nurs Fac Caid	4
PV1-36	38	35			PATIENT REF	Patient Referral	4
PV1-36	39	35			PTDOESNTMEET	Patient Does not Meet Criteria	4
IN1-17	2	39	MiHIN Value	Description	Hospital Value		4
IN1-17	3	39	FTH	Father 	F		2
IN1-17	4	39	ASC	Associate			4
IN1-17	5	39	BRO	Brother 			4
IN1-17	6	39	CGV	Care giver 			4
IN1-17	7	39	CHD	Child	Child, Adop, CDF		4
IN1-17	8	39	DEP	Handicapped dependant	HdDp		4
IN1-17	9	39	DOM	Life partner	LfPt		4
IN1-17	10	39	EMC	Emergency contact			4
IN1-17	11	39	EME	Employee	Empl		4
IN1-17	12	39	EMR	Employer			4
IN1-17	13	39	EXF	Extended family			4
IN1-17	14	39	FCH	Foster child 	FsCh		4
IN1-17	15	39	FND	Friend			4
IN1-17	16	39	FTH	Father 	Fthr		4
IN1-17	17	39	GCH	Grandchild	GdCh		4
IN1-17	18	39	GRD	Guardian 	Gdn, ApGd		4
IN1-17	19	39	GRP	Grandparent 	GrPt		4
IN1-17	20	39	MGR	Manager			4
IN1-17	21	39	MTH	Mother 	Mthr		4
IN1-17	22	39	NCH	Natural child			4
IN1-17	23	39	NON	None			4
IN1-17	24	39	OAD	Other adult	Oadt, FMIL, OAdt		4
IN1-17	25	39	OTH	Other 	Orel, ODnr, CDnr, NcNp, InPf, SpDp, DMDp, SOth, Emnr, CoDp, Cous, SDIL, UnAu,OTH		4
IN1-17	26	39	OWN	Owner			4
IN1-17	27	39	PAR	Parent 	Prnt		4
IN1-17	28	39	SCH	Stepchild 	StCh		4
IN1-17	29	39	SEL	Self	Self		4
IN1-17	30	39	SIB	Sibling 	BrSi		4
IN1-17	31	39	SIS	Sister 			4
IN1-17	32	39	SPO	Spouse	Spouse		4
IN1-17	33	39	TRA	Trainer			4
IN1-17	34	39	UNK	Unknown	NG, Unkn		4
IN1-17	35	39	WRD	Ward of court	Ward		4
IN1-17	36	39	AUN	Aunt 			4
IN1-17	37	39	DAU	Daughter			4
IN1-17	38	39	EXS	Ex Spouse 	ExSp		4
IN1-17	39	39	EXH	Ex-husband			4
IN1-17	40	39	EXW	Ex-wife 			4
IN1-17	41	39	INL	In Law 			4
IN1-17	42	39	LEG	Legal Guardian 			4
IN1-17	43	39	SON	Son (S)			4
IN1-17	44	39	STP	Step Parent (STP)	StFa, StMo		4
IN1-17	45	39	STS	Step Sibling			4
IN1-17	46	39	UN	Uncle (UN)			4
IN1	2	42	IN1-3 Value	IN1-4 Value	Payer		4
IN1	3	42	1001	BCN	BCBSM		2
IN1	4	42	1000	MEDICARE	MEDICARE		00000000
IN1	5	42	1501	MEDICARE BCN ADV	MEDICARE		00000000
IN1	6	42	1502	MEDICARE PLUS BLUE	MEDICARE		00000000
IN1	7	42	1503	HUMANA MEDICARE ADVANTAGE PPO	MEDICARE		00000000
IN1	8	42	1504	MEDICARE KAISER PERMANENTE	MEDICARE		00000000
IN1	9	42	1505	MEDICARE HEALTHPLUS ADVANTAGE	MEDICARE		00000000
IN1	10	42	1506	ADVANTRA FREEDOM	MEDICARE		00000000
IN1	11	42	1507	AETNA MEDICARE	MEDICARE		00000000
IN1	12	42	1508	MEDICARE OUT OF AREA BCBS	MEDICARE		00000000
IN1	13	42	1509	FIDELIS SECURECARE INC	MEDICARE		00000000
IN1	14	42	1510	MEDICARE CARESOURCE	MEDICARE		00000000
IN1	15	42	1511	PRIORITY MEDICARE ADVANTAGE	MEDICARE		00000000
IN1	16	42	1512	TODAYS OPTIONS PYRAMID LIFE	MEDICARE		00000000
IN1	17	42	1513	MEDICARE MOLINA	MEDICARE		00000000
IN1	18	42	1514	MEDICARE MCLAREN ADVANTAGE	MEDICARE		00000000
IN1	19	42	1515	MEDICARE UNITEDHEALTHCARE	MEDICARE		00000000
IN1	20	42	1999	MEDICARE HMO GENERIC	MEDICARE		00000000
IN1	21	42	2000	MEDICAID	MEDICAID		00000000
IN1	22	42	2001	ABW MEDICAID COUNTY PLANS	MEDICAID		00000000
IN1	23	42	2499	MEDICAID GENERIC	MEDICAID		00000000
IN1	24	42	2500	MEDICAID CARESOURCE	MEDICAID		00000000
IN1	25	42	2501	MEDICAID UNITEDHEALTHCARE COMMUNITY PLA	MEDICAID		00000000
IN1	26	42	2502	MEDICAID MERIDIAN HEALTH PLAN OF MICHIG	MEDICAID		00000000
IN1	27	42	2503	MEDICAID MCLAREN	MEDICAID		00000000
IN1	28	42	2504	MEDICAID MOLINA	MEDICAID		00000000
IN1	29	42	2505	MEDICAID HEALTHPLUS	MEDICAID		00000000
IN1	30	42	2506	MEDICAID WELLNES PLAN	MEDICARD		00000000
IN1	31	42	2507	MEDICAID BLUE CROSS COMPLETE OF MICHIGA	MEDICAID		00000000
IN1	32	42	2508	MEDICAID TOTAL HEALTHCARE	MEDICAID		00000000
IN1	33	42	2509	PRIORITY HEALTH MEDICAID	MEDICAID		00000000
IN1	34	42	2510	MIDWEST HEALTH PLAN MEDICAID	MEDICAID		00000000
IN1	35	42	2999	MEDICAID HMO GENERIC	MEDICAID		00000000
IN1	36	42	3000	BCBSM TRUST	BCBSM		00000000
IN1	37	42	3001	BCBSM TRADITIONAL	BCBSM		00000000
IN1	38	42	3002	BCN	BCN		00000000
IN1	39	42	3400	BCBSM COVENANT	BCBSM		00000000
IN1	40	42	4000	HEALTHPLUS	HEALTHPLUS		00000000
IN1	41	42	4400	HEALTHPLUS COVENANT	HEALTHPLUS		00000000
IN1	42	42	5000	AAA			00000000
IN1	43	42	5001	AARP			00000000
IN1	44	42	5002	ABBE INSURANCE			00000000
IN1	45	42	5003	ARKANSAS BEST			00000000
IN1	46	42	5004	ACE AMERICAN			00000000
IN1	47	42	5005	PHCS			00000000
IN1	48	42	5006	ADMINISTRATIVE BENEFIT MGMT			00000000
IN1	49	42	5007	ADMINISTRATIVE CONCEPTS INC			00000000
IN1	50	42	5008	AETNA			00000000
IN1	51	42	5009	AFFIRMATIVE INS			00000000
IN1	52	42	5010	AFL CIO			00000000
IN1	53	42	5011	AFLAC			00000000
IN1	54	42	5012	AHA			00000000
IN1	55	42	5013	OCC MED			00000000
IN1	56	42	5014	ALICARE			00000000
IN1	57	42	5015	ALLIANCE			00000000
IN1	58	42	5016	ALLIED			00000000
IN1	59	42	5017	ALLSTATE			00000000
IN1	60	42	5018	AMERICAN ADMINISTRATIVE GROUP			00000000
IN1	61	42	5019	AMERICAN COMMUNITY			00000000
IN1	62	42	5020	AMERICAN COMPENSATION			00000000
IN1	63	42	5021	AMERICAN MEDICAL SECURITY			00000000
IN1	64	42	5022	AMERIHEALTH ADMINISTRATORS			00000000
IN1	65	42	5023	AMERAPLAN			00000000
IN1	66	42	5024	AMERIPRIZE			00000000
IN1	67	42	5025	AMERISURE CO			00000000
IN1	68	42	5026	AMERICAN POSTAL WORKERS			00000000
IN1	69	42	5027	ASR			00000000
IN1	70	42	5028	ASSOCIATES FOR HEALTHCARE			00000000
IN1	71	42	5029	ASSURECARE			00000000
IN1	72	42	5030	ASU			00000000
IN1	73	42	5031	AUTO OWNERS			00000000
IN1	74	42	5032	BANKERS LIFE			00000000
IN1	75	42	5033	BAY COUNTY JAIL			00000000
IN1	76	42	5034	COMMUNITY CARE			00000000
IN1	77	42	5035	BEACON INSURANCE			00000000
IN1	78	42	5036	BEECH STREET			00000000
IN1	79	42	5037	BIG LOTS			00000000
IN1	80	42	5038	BOILERMAKERS NATIONAL			00000000
IN1	81	42	5039	BRISTOL WEST INS			00000000
IN1	82	42	5040	CNA			00000000
IN1	83	42	5041	CAMBRIDGE			00000000
IN1	84	42	5042	CURANET			00000000
IN1	85	42	5043	CARE CHOICES			00000000
IN1	86	42	5044	CAMBRIDGE CBCA			00000000
IN1	87	42	5045	CBSA			00000000
IN1	88	42	5046	CELTIC			00000000
IN1	89	42	5047	CENTRAL STATES TEAM CARE			00000000
IN1	90	42	5048	CHAMPVA			00000000
IN1	91	42	5049	CHESTERFIELD RESOURCES			00000000
IN1	92	42	5050	CIGNA			00000000
IN1	93	42	5051	CINCINNATI INS CO			00000000
IN1	94	42	5052	CITIZENS			00000000
IN1	95	42	5053	FEDERAL BLACK LUNG PROGRAM			00000000
IN1	96	42	5054	COMBINED INSURANCE			00000000
IN1	97	42	5055	CONCORDIA			00000000
IN1	98	42	5056	CONNECT CARE			00000000
IN1	99	42	5057	CONSECO			00000000
IN1	100	42	5058	CONSOLIDATED			00000000
IN1	101	42	5059	CONTINENTAL GENERAL			00000000
IN1	102	42	5060	SECURE CARE			00000000
IN1	103	42	5061	CORESOURCE			00000000
IN1	104	42	5062	CORRECTIONAL MEDICAL SER			00000000
IN1	105	42	5063	CORVEL			00000000
IN1	106	42	5064	ESURANCE AUTO INSURANCE/MITCHELL INTERN			00000000
IN1	107	42	5065	CUNA MUTUAL			00000000
IN1	108	42	5066	FARM BUREAU			00000000
IN1	109	42	5067	DEFINITY HEALTH			00000000
IN1	110	42	5068	FARMERS INS			00000000
IN1	111	42	5069	FEDERATED CLAIM SERVICE			00000000
IN1	112	42	5070	FIREMANS FUND			00000000
IN1	113	42	5071	FIRST HEALTH COVENTRY			00000000
IN1	114	42	5072	FISERV HEALTH			00000000
IN1	115	42	5073	FMH BENEFIT SERVICES INC			00000000
IN1	116	42	5074	FOREMOST LIFE			00000000
IN1	117	42	5075	FORTIS			00000000
IN1	118	42	5076	FOUNDATION BENEFITS ADMINISTRA			00000000
IN1	119	42	5077	FOUNDERS INSURANCE			00000000
IN1	120	42	5078	FRANKENMUTH MUTUAL			00000000
IN1	121	42	5079	GEHA			00000000
IN1	122	42	5080	GEICO AUTO INSURANCE			00000000
IN1	123	42	5081	GENERAL AMERICAN LIFE			00000000
IN1	124	42	5082	GENTIVA HEALTH SERVICES			00000000
IN1	125	42	5083	GIFT OF LIFE ORGAN PROCUREMENT			00000000
IN1	126	42	5084	GMAC			00000000
IN1	127	42	5085	GOLDEN RULE			00000000
IN1	128	42	5086	GOOD SAMARITAN			00000000
IN1	129	42	5087	GRANGE			00000000
IN1	130	42	5088	GREAT LAKES CASUALTY			00000000
IN1	131	42	5089	GREAT WEST LIFE			00000000
IN1	132	42	5090	GROUP ADMINISTRATORS			00000000
IN1	133	42	5091	GROUP BENEFITS			00000000
IN1	134	42	5092	GUARDIAN			00000000
IN1	135	42	5093	HAP	HAP		00000000
IN1	136	42	5094	HARLEYVILLE			00000000
IN1	137	42	5095	HARRINGTON			00000000
IN1	138	42	5096	HARTFORD			00000000
IN1	139	42	5097	HARTFORD LIFE SR MEDICAL			00000000
IN1	140	42	5098	HARVEST LIFE			00000000
IN1	141	42	5099	HASTINGS			00000000
IN1	142	42	5100	HCAP HOSPITAL			00000000
IN1	143	42	5101	HEALTH KEEPERS			00000000
IN1	144	42	5102	HEALTH NET			00000000
IN1	145	42	5104	HEALTHSCOPE			00000000
IN1	146	42	5105	HEHR			00000000
IN1	147	42	5106	HERTZ CLAIM MANAGEMENT			00000000
IN1	148	42	5107	HORRACE MANN			00000000
IN1	149	42	5108	HUMANA			00000000
IN1	150	42	5109	IPA INSURANCE PROGRAM			00000000
IN1	151	42	5110	J P FARLEY CORP			00000000
IN1	152	42	5111	JOHN ALDEN			00000000
IN1	153	42	5112	JOHN HANCOCK			00000000
IN1	154	42	5113	LANDMARK SCHEMM INS AGENCY			00000000
IN1	155	42	5114	LIBERTY MUTUAL			00000000
IN1	156	42	5115	LINECO			00000000
IN1	157	42	5116	LUTHERN HOME			00000000
IN1	158	42	5117	MAGELLAN BEHAVIORAL OF MI			00000000
IN1	159	42	5118	MAIL HANDLERS BENEFIT			00000000
IN1	160	42	5119	MCARE			00000000
IN1	161	42	5120	MCLAREN HEALTH ADVANTAGE			00000000
IN1	162	42	5121	MICHIGAN EMPLOYEE BENEFIT			00000000
IN1	163	42	5122	MEDICAL MUTUAL OF OHIO			00000000
IN1	164	42	5123	MEDIPLAN			00000000
IN1	165	42	5124	MEEMIC			00000000
IN1	166	42	5125	MEGA LIFE			00000000
IN1	167	42	5128	MICHIGAN INSURANCE BUREAU			00000000
IN1	168	42	5129	MICHIGAN REHAB			00000000
IN1	169	42	5130	MIC GENERAL			00000000
IN1	170	42	5131	MICH REHAB CARE			00000000
IN1	171	42	5132	MICH UFCW HLTH & WELFARE FUND			00000000
IN1	172	42	5133	MICHIGAN TOOLING ASSOCIATION			00000000
IN1	173	42	5134	MID AMERICA			00000000
IN1	174	42	5135	POMCO MULTIPLAN			00000000
IN1	175	42	5136	M PLAN METHODIST MEDICAL GROUP			00000000
IN1	176	42	5137	MUTUAL OF OMAHA			00000000
IN1	177	42	5138	PPOM COFINITY			00000000
IN1	178	42	5139	PRINCIPAL MUTUAL			00000000
IN1	179	42	5140	NALC			00000000
IN1	180	42	5141	NATIONAL ELEVATOR INS			00000000
IN1	181	42	5142	NATIONAL FOOTCARE PROGRAM			00000000
IN1	182	42	5143	NATIONWIDE INSURANCE			00000000
IN1	183	42	5144	PROFESSIONAL BENEFIT SERVICES			00000000
IN1	184	42	5145	PROGRESSIVE			00000000
IN1	185	42	5146	NATIONAL BENEFIT CENTER			00000000
IN1	186	42	5147	NCAS			00000000
IN1	187	42	5148	NGS			00000000
IN1	188	42	5149	PRUDENTIAL INS			00000000
IN1	189	42	5150	NORTH AMERICAN ADMINISTRATION			00000000
IN1	190	42	5151	NORTHEAST HEALTH PLAN			00000000
IN1	191	42	5152	NORTHPOINTE AUTO			00000000
IN1	192	42	5153	NORTHSHORE ADMINISTRATION			00000000
IN1	193	42	5154	NOVA			00000000
IN1	194	42	5155	OMNICARE			00000000
IN1	195	42	5156	SAFECO			00000000
IN1	196	42	5157	HEALTH ADVANTAGE INC			00000000
IN1	197	42	5158	OXFORD HEALTH			00000000
IN1	198	42	5159	PABST RETIREE CENTER			00000000
IN1	199	42	5160	PACIFICARE			00000000
IN1	200	42	5161	PAI			00000000
IN1	201	42	5162	SECUREONE			00000000
IN1	202	42	5163	PARDEE OF BAY COUNTY			00000000
IN1	203	42	5164	PARDEE OF MIDLAND COUNTY			00000000
IN1	204	42	5165	SELECTCARE			00000000
IN1	205	42	5167	PERSONALCARE			00000000
IN1	206	42	5168	PGBA SOUTH REGION CLAIMS			00000000
IN1	207	42	5169	SET			00000000
IN1	208	42	5170	PHYSICIANS HEALTH PLAN			00000000
IN1	209	42	5171	PHYSICIANS MUTUAL INS CO			00000000
IN1	210	42	5172	PIONEER LIFE			00000000
IN1	211	42	5173	SOUTHERN MI INSURANCE			00000000
IN1	212	42	5174	SRC			00000000
IN1	213	42	5175	STANDARD LIFE AND ACCIDENT			00000000
IN1	214	42	5176	STAR ADMINISTRATIVE			00000000
IN1	215	42	5177	STARBRIDGE			00000000
IN1	216	42	5178	STATE AUTO INSURANCE			00000000
IN1	217	42	5179	STATE FARM			00000000
IN1	218	42	5180	SUPER FOOD TEAMSTERS			00000000
IN1	219	42	5181	SUPERIEN HEALTH			00000000
IN1	220	42	5182	TITAN			00000000
IN1	221	42	5183	TOTAL HEALTH			00000000
IN1	222	42	5184	TPA			00000000
IN1	223	42	5185	TRAVELERS			00000000
IN1	224	42	5186	TRICARE			00000000
IN1	225	42	5187	TRUSTMARK			00000000
IN1	226	42	5188	TW LORD AND ASSOCIATES			00000000
IN1	227	42	5189	UFCW			00000000
IN1	228	42	5190	UNITED HEALTH CARE			00000000
IN1	229	42	5191	UNITED MEDICAL RESOURCES			00000000
IN1	230	42	5192	UNICARE			00000000
IN1	231	42	5193	UNITED AMERICAN			00000000
IN1	232	42	5195	US HEALTH AND LIFE			00000000
IN1	233	42	5196	USAA			00000000
IN1	234	42	5197	VAMC			00000000
IN1	235	42	5198	SHELBY AUTO INS			00000000
IN1	236	42	5200	WASHINGTON NATIONAL INS			00000000
IN1	237	42	5201	WAUSAU			00000000
IN1	238	42	5202	WESTERN SOUTHERN LIFE			00000000
IN1	239	42	5203	WESTFIELD INSURANCE			00000000
IN1	240	42	5204	WEYCO			00000000
IN1	241	42	5205	WOLVERINE MUTUAL INSURANCE			00000000
IN1	242	42	5206	WOODWARD			00000000
IN1	243	42	5207	WORLD ACCESS REPRICING CENTER			00000000
IN1	244	42	5208	WPS FOREIGN CLAIMS UNIT			00000000
IN1	245	42	5209	ZURICH			00000000
IN1	246	42	5210	DRS			00000000
IN1	247	42	5211	CONTINENTAL LIFE			00000000
IN1	248	42	5212	EMPLOYEE PLANS INC			00000000
IN1	249	42	5213	ENTRUST INC			00000000
IN1	250	42	5214	CREATIVE RISK MANAGEMENT			00000000
IN1	251	42	5215	ETHIX GREAT LAKES			00000000
IN1	252	42	5216	MICHIGAN MILLERS			00000000
IN1	253	42	5217	PIONEER STATE MUTUAL			00000000
IN1	254	42	5218	MONUMENTAL LIFE			00000000
IN1	255	42	5219	POSTMASTERS BENEFIT PLAN			00000000
IN1	256	42	5220	MUTUAL PROTECTIVE MEDICO LIFE			00000000
IN1	257	42	5221	NABN			00000000
IN1	258	42	5222	PREFERRED CHOICES			00000000
IN1	259	42	5223	PRINCIPAL MUTUAL GRANT SYSC			00000000
IN1	260	42	5224	PREFERRED INSURANCE			00000000
IN1	261	42	5225	PREFERRED ONE			00000000
IN1	262	42	5226	PRIORITY HEALTH	PRIORITY HEALTH		00000000
IN1	263	42	5227	PRESTIGE INTERNATIONAL USA INC			00000000
IN1	264	42	5228	PROF CLAIMS ADM			00000000
IN1	265	42	5229	PRINCIPAL LIFE			00000000
IN1	266	42	5230	NATIONWIDE MUTUAL			00000000
IN1	267	42	5231	NETWORK HEALTH INS			00000000
IN1	268	42	5232	PROVIDENT LIFE			00000000
IN1	269	42	5233	PROVIDIAN LIFE			00000000
IN1	270	42	5234	RAILROAD MAINTENANCE & INDUSTR			00000000
IN1	271	42	5235	NORTHPOINTE			00000000
IN1	272	42	5236	RETIREE MEDICAL INSURANCE			00000000
IN1	273	42	5237	REYNOLDS AND REYNOLDS			00000000
IN1	274	42	5238	RISK CONTROL			00000000
IN1	275	42	5239	RURAL CARRIER BENEFIT PLAN			00000000
IN1	276	42	5240	ONE HEALTH PLAN			00000000
IN1	277	42	5241	SAG COUNTY MEDICAL EXAMINER			00000000
IN1	278	42	5242	SAGINAW BAY UNDERWRITERS			00000000
IN1	279	42	5243	SEAFARERS WELFARE PLAN			00000000
IN1	280	42	5244	PAN AMERICAN LIFE			00000000
IN1	281	42	5245	SELECT BENEFIT ADMIN			00000000
IN1	282	42	5246	PARDEE OF MT PLEASANT			00000000
IN1	283	42	5247	SELECT SPECIALTY HOSPITAL SAG			00000000
IN1	284	42	5248	PARTNERS NATIONAL INSURANCE			00000000
IN1	285	42	5249	PERFORMAX			00000000
IN1	286	42	5250	SENTRY CLAIMS			00000000
IN1	287	42	5251	PHA CORP			00000000
IN1	288	42	5252	SHAW			00000000
IN1	289	42	5253	SHELBY AUTO INS			00000000
IN1	290	42	5254	SHIELD BENEFIT			00000000
IN1	291	42	5255	SIOUX VALLEY HEALTH PLAN			00000000
IN1	292	42	5256	ASSURANT HEALTH			00000000
IN1	293	42	5257	CHOICE CARE NETWORK			00000000
IN1	294	42	5259	PHYSICIANS CARE			00000000
IN1	295	42	5260	HEALTH PARTNERS INC			00000000
IN1	296	42	5261	BENEFIT MANAGEMENT ADM INC			00000000
IN1	297	42	5262	SROC			00000000
IN1	298	42	5263	UNITED WORLD			00000000
IN1	299	42	5264	MERITAIN HEALTH			00000000
IN1	300	42	5265	UMR INS			00000000
IN1	301	42	5266	SMARTHEALTH			00000000
IN1	302	42	5267	ROYAL EMBASSY OF SAUDI ARABIA			00000000
IN1	303	42	5268	SNF CONTRACTED			00000000
IN1	304	42	5269	SNF NON CONTRACTED			00000000
IN1	305	42	5270	CORIZON			00000000
IN1	306	42	5271	AMA & ASSOCIATES			00000000
IN1	307	42	5272	EHIM			00000000
IN1	308	42	5273	AMERICAN CLAIMS MANAGEMENT			00000000
IN1	309	42	5274	MIDMICHIGAN HEALTH PLAN			00000000
IN1	310	42	5275	EA HEALTH			00000000
IN1	311	42	5276	AMERICAN NATIONAL LIFE INS			00000000
IN1	312	42	5277	MI DEPT COMMUNITY HLTH			00000000
IN1	313	42	5278	ALMA NUC MED			00000000
IN1	314	42	5279	KEY BENEFITS			00000000
IN1	315	42	5280	ASR HMO COVENANT			00000000
IN1	316	42	5281	ASR PPO COVENANT			00000000
IN1	317	42	5282	JVHL COMMERCIAL			00000000
IN1	318	42	5283	JVHL MEDICARE HMO	MEDICARE		00000000
IN1	319	42	5284	JVHL BCN	BCBSM		00000000
IN1	320	42	5285	JVHL MEDICAID HMO	MEDICAID		00000000
IN1	321	42	5286	JVHL HEALTHPLUS	HEALTHPLUS		00000000
IN1	322	42	5287	MAMP-MI ASSIGNED CLAIMS			00000000
IN1	323	42	5288	JVHL ABW MEDICAID	MEDICAID		00000000
IN1	324	42	5289	MACP - ASSIGNED CLAIMS			00000000
IN1	325	42	5400	PRIORITY HEALTH COVENANT EMP	PRIORITY HEALTH		00000000
IN1	326	42	5401	PHYSICIANS CARE COVENANT			00000000
IN1	327	42	5500	AUTO INSURANCE UNKNOWN ADDRESS			00000000
IN1	328	42	5600	JVHL BILLING ONLY			00000000
IN1	329	42	5999	COMMERCIAL GENERIC			00000000
IN1	330	42	7000	AUTO OWNERS WC			00000000
IN1	331	42	7001	SECURA WC			00000000
IN1	332	42	7002	SEDGWICK  WC			00000000
IN1	333	42	7003	ACCIDENT FUND WC			00000000
IN1	334	42	7004	AMERISURE WC			00000000
IN1	335	42	7005	ASU WC			00000000
IN1	336	42	7006	BROADSPIRE INSURANCE WC			00000000
IN1	337	42	7007	CAMBRIDGE WC			00000000
IN1	338	42	7008	CINCINNATI INS CO WC			00000000
IN1	339	42	7009	EAGLE CLAIMS MGMT WC			00000000
IN1	340	42	7010	ESIS WC			00000000
IN1	341	42	7011	FEDERATED MUTUAL INS CO WC			00000000
IN1	342	42	7012	FIRST HEALTH WC			00000000
IN1	343	42	7013	FRANK GATES SERVICE CO WC			00000000
IN1	344	42	7014	FRANKENMUTH MUTUAL WC			00000000
IN1	345	42	7015	GALLAGHER BASSETT WC			00000000
IN1	346	42	7016	GROUP ADMIN WC			00000000
IN1	347	42	7017	HARLEYVILLE WC			00000000
IN1	348	42	7018	HARTFORD LIFE SR MEDICAL WC			00000000
IN1	349	42	7019	HASTINGS WC			00000000
IN1	350	42	7020	MEADOWBROOK WC			00000000
IN1	351	42	7022	FINCOR SOLUTIONS DISABILITY			00000000
IN1	352	42	7023	NATIONAL BENEFIT CENTER WC			00000000
IN1	353	42	7024	SECUREONE WC			00000000
IN1	354	42	7025	ACORDIA WC			00000000
IN1	355	42	7026	TRAVELERS WC			00000000
IN1	356	42	7028	USPS WC			00000000
IN1	357	42	7029	AIG CLAIM SERVICE WC			00000000
IN1	358	42	7031	MEIJERS WORK COMP DIVISION WC			00000000
IN1	359	42	7032	CORVEL CORPORATION/PROTECTIVE INSURANCE			00000000
IN1	360	42	7033	CONSECO WC			00000000
IN1	361	42	7034	MCIM WC			00000000
IN1	362	42	7035	CLAIMS MANAGEMENT WC			00000000
IN1	363	42	7036	HEHR INTERNATIONAL WC			00000000
IN1	364	42	7037	LIBERTY MUTUAL WC			00000000
IN1	365	42	7038	ZURICH WC			00000000
IN1	366	42	7039	WESTFIELD INS WC			00000000
IN1	367	42	7040	CCMSI INS WC			00000000
IN1	368	42	7041	DEPARTMENT OF LABOR WC			00000000
IN1	369	42	7042	FEDERAL BLACK LUNG PROGRAM			00000000
IN1	370	42	7043	MICHIGAN MILLERS WC			00000000
IN1	371	42	7044	CMI WC			00000000
IN1	372	42	7045	WAUSAU WC INS			00000000
IN1	373	42	7046	AVIZENT INSURANCE WC			00000000
IN1	374	42	7047	COMPONE ADMINISTRATORS			00000000
IN1	375	42	7048	NEXTEER BENEFITS/SEDGWICK			00000000
IN1	376	42	7049	HANOVER CITIZENS INS			00000000
IN1	377	42	7200	WORKERS COMP CHS			00000000
IN1	378	42	7999	WC GENERIC			00000000
IN1	379	42	9500	CARE ASSIST			00000000
IN1	380	42	9501	ADVOMAS			00000000
IN1	381	42	9900	BCBSM ELECTRONIC REMIT ONLY	BCBSM		00000000
IN1	382	42	9901	HEALTHPLUS ELECTRONIC REMIT	HEALTHPLUS		00000000
IN1	383	42	9902	UHC ELECTRONIC REMITTANCE ONLY			00000000
IN1	384	42	9903	AETNA ELECTRONIC REMITTANCE			00000000
IN1	385	42	9904	HUMANA ELECTRONIC REMITTANCE			00000000
IN1	386	42	9905	ASR ELECTRONIC 			00000000
IN1	387	42	9990	SAD CHARGES ONLY			00000000
IN1	388	42	0000	SLF			00000000
IN1	389	42	7998	WC GENERIC-1500			00000000
IN1	390	42	7022	COVERYS			00000000
IN1	391	42	5230	NATIONWIDE AUTO INJURY SOLUTIONS			00000000
IN1	392	42	5998	COMMERCIAL GENERIC 1500			00000000
IN1	393	42	5271	AMA			00000000
IN1	394	42	5292	CONSUMERS MUTUAL			00000000
IN1	395	42	5064	ESURANCE AUTO INSURANCE			00000000
IN1	396	42	5290	HRA - HEALTH EQUITY			00000000
IN1	397	42	1516	MEDICARE MERIDIAN ADVANTAGE	MEDICARE		00000000
IN1	398	42	1517	MEDICARE HAP SENIOR PLUS	MEDICARE		00000000
IN1	399	42	7044	YORK RISK SERVICES GROUP	YORK		00000000
IN1	400	42	7020	CAREWORKS MANAGED CARE SERVICES	CAREWORKS		00000000
IN1	401	42	5084	NATIONAL GENERAL	NATIONAL GENERAL		00000000
IN1	402	42	1000	MEDICARE A&B	MEDICARE		00000000
IN1	403	42	1000	MEDICARE IP PART A ONLY	MEDICARE		00000000
IN1	404	42	1502	MEDICARE PLUS BLUE PPO	MEDICARE		00000000
IN1	405	42	1502	MEDICARE PLUS BLUE	MEDICARE		00000000
IN1	406	42	1503	HUMANA MEDICARE ADV PPO	MEDICARE		00000000
IN1	407	42	SLF	MEDICARE PLUS BLUE PPO	MEDICARE		00000000
IN1	408	42	SLF	MEDICARE A&B	MEDICARE		00000000
IN1	409	42	SLF	MEDICARE IP PART A ONLY	MEDICARE		00000000
