filename	0	0		2.0 Mapping Tables - Hospitals/Marlette Regional Hospital ADT 2.0 table 01-26-2022.xlsx			
MSH-4	2	1	Hospital Value	Description			4
MSH-4	3	1	2.16.840.1.113883.3.1481.1.2.2	Hospital Name			2
MSH-4	4	1	2.16.840.1.113883.4.497.1	Marlette Hospital 			00000000
PID-8	2	3	MiHIN Value	Description	Hospital Value		4
PID-8	3	3	M	Male	M		2
PID-8	4	3	F	Female	Female		4
PID-8	5	3	M	Male	Male		4
PID-8	6	3	O	Other			4
PID-8	7	3	U	Unknown	Unknown		4
PID-8	8	3	A	Ambiguous			4
PID-8	9	3	N	Not Applicable			4
PID-10	2	6	MiHIN Value	Description	Hospital Value		4
PID-10	3	6	2106-3	White	W		2
PID-10	4	6	1002-5	American Indian or Alaska Native	American Indian or Alaska Native		4
PID-10	5	6	2028-9	Asian	Asian		4
PID-10	6	6	2054-5	Black or African American	Black or African American		4
PID-10	7	6	2076-8	Native Hawaiian or Other Pacific Islander	Native Hawaiian or Pacific Islander		4
PID-10	8	6	2106-3	White	White		4
PID-10	9	6	2131-1	Other Race	Unknown, Other		4
PID-10	10	6	MR	Multi-Racial			4
PID-10	11	6	PR	Patient Refused 	Patient Refuses		4
PID-22	2	9	MiHIN Value	Description	Hospital Value		4
PID-22	3	9	H	Hispanic or Latino	Hisp		2
PID-22	4	9	H	Hispanic or Latino	Hispanic or Latino		4
PID-22	5	9	N	Not Hispanic or Latino	Not Hispanic or Latino		4
PID-22	6	9	U	Unknown	Unknown		4
PID-22	7	9	D	Declined	Refused		4
PID-22	8	9	AN	Alaskan Native 			4
PID-22	9	9	AR	Arabic 			4
PID-22	10	9	AS	Asian 			4
PID-22	11	9	CA	Caucasian			4
PID-22	12	9	CHA	Chaldean 			4
PID-22	13	9	CHI	Chinese 			4
PID-22	14	9	DU	Dutch 			4
PID-22	15	9	EG	Egyptian 			4
PID-22	16	9	FR	French 			4
PID-22	17	9	GER	German 			4
PID-22	18	9	GRE	Greek 			4
PID-22	19	9	HA	Hawaiian 			4
PID-22	20	9	IRA	Iranian 			4
PID-22	21	9	IRQ	Iraqi 			4
PID-22	22	9	IRH	Irish 			4
PID-22	23	9	ITA	Italian 			4
PID-22	24	9	JA	Japanese 			4
PID-22	25	9	JE	Jewish 			4
PID-22	26	9	JO	Jordanian 			4
PID-22	27	9	KO	Korean 			4
PID-22	28	9	LE	Lebanese  			4
PID-22	29	9	MAC	Macedonian 			4
PID-22	30	9	ME	Middle Eastern			4
PID-22	31	9	MUL	Multi-Ethnic 			4
PID-22	32	9	NA	Native American			4
PID-22	33	9	O	Other 			4
PID-22	34	9	PO	Polish 			4
PID-22	35	9	RU	Russian 			4
PID-22	36	9	SC	Scottish 			4
PID-22	37	9	UK	Ukrainian 			4
PID-22	38	9	VIT	Vietnamese 			4
PID-30	2	12	MiHIN Value	Description	Hospital Value		4
PID-30	3	12	Y	Expired	E		2
PID-30	4	12	Y	Deceased/Yes	Y, Yes		4
PID-30	5	12	N	Not Deceased/No	N, No		4
DG1-6	2	15	MiHIN Value	Description	Hospital Value		4
DG1-6	3	15	A	Admitting	AD		2
DG1-6	4	15	A	Admitting	A, Admitting		4
DG1-6	5	15	F	Final	F, Final, Discharge		4
DG1-6	6	15	W	Working 	W, Working		4
DG1-6	7	15	O	Other	O, Other		4
PV1-2	2	18	MiHIN Value	Description	Hospital Value		4
PV1-2	3	18	E	Emergency	ER		2
PV1-2	4	18	B	Obstetrics			4
PV1-2	5	18	C	Commercial Account			4
PV1-2	6	18	E	Emergency	Emergency, E		4
PV1-2	7	18	I	Inpatient	Inpatient, I		4
PV1-2	8	18	N	Not Applicable			4
PV1-2	9	18	O	Outpatient	Outpatient, O		4
PV1-2	10	18	P	Preadmit	Preadmit, PA		4
PV1-2	11	18	R	Recurring patient	Recurring, R		4
PV1-2	12	18	U	Unknown			4
PV1-2	13	18	IH	IP Hospice 			4
PV1-2	14	18	NB	Newborn			4
PV1-2	15	18	OB	Observation 	Observation, V		4
PV1-2	16	18	SN	Skilled Nursing 	SNF		4
PV1-2	17	18	SA	Surgery Admit 			4
PV1-4	2	21	MiHIN Value	Description	Hospital Value		4
PV1-4	3	21	E	Emergency	E		2
PV1-4	4	21	A	Accident			4
PV1-4	5	21	C	Elective	Elective		4
PV1-4	6	21	E	Emergency	Emergency		4
PV1-4	7	21	L	Labor and Delivery			4
PV1-4	8	21	N	Newborn (Birth in healthcare facility)	Newborn		4
PV1-4	9	21	R	Routine			4
PV1-4	10	21	U	Urgent	Urgent		4
PV1-4	11	21	TC	Trauma Center 	Trauma		4
PV1-4	12	21	O	Other	Other, Information not available		4
PV1-14	2	24	MiHIN Value	Description	Hospital Value		4
PV1-14	3	24	2	Clinic referral	E		2
PV1-14	4	24	1	Physician referral			4
PV1-14	5	24	2	Clinic referral	Clinic or Physicians Office		4
PV1-14	6	24	3	HMO referral			4
PV1-14	7	24	4	Transfer from a hospital	Transf from a Hospital (Diff Fac		4
PV1-14	8	24	5	Transfer froma skilled nursing facility	Transfer from SNF		4
PV1-14	9	24	6	Transfer from another health care facility	Transfer from another HC Facility		4
PV1-14	10	24	7	Emergency Room			4
PV1-14	11	24	8	Court/Law enforcement	Court/Law Enforcement		4
PV1-14	12	24	9	Information not available	Information Not Available		4
PV1-14	13	24	SR	Self-Referral			4
PV1-14	14	24	TRNF	Transfer from a non-health care facility	Non-HealthCare Point of Origin (		4
PV1-14	15	24	TRAD	Transfer from Ambulatory Department			4
PV1-18	2	27	MiHIN Suggested Values		Hospital Value	Description	4
PV1-18	3	27			A	Anonymous	2
PV1-18	4	27	1	Anonymous			4
PV1-18	5	27	2	Confidential			4
PV1-18	6	27	3	Employee			4
PV1-18	7	27	4	Dismissed			4
PV1-18	8	27	5	No Medicare			4
PV1-18	9	27	6	Prisoner			4
PV1-18	10	27	7	VIP			4
PV1-18	11	27	8	Staff Dependent			4
PV1-18	12	27	9	Benefactor			4
PV1-18	13	27	10	Employee Dependent			4
PV1-18	14	27	11	Non-Employee			4
PV1-18	15	27	12	Volunteer			4
PV1-18	16	27	13	Staff Physician			4
PV1-18	17	27	14	Non V.I.P			4
PV1-18	18	27	15	Retired Employee			4
PV1-18	19	27	42	Homeless			4
PV1-18	20	27	44	Celebrity			4
PV1-18	21	27	45	Donor			4
PV1-18	22	27	46	Transplant			4
PV1-18	23	27	47	Voucher			4
PV1-18	24	27	48	Board Member			4
PV1-18	25	27	49	Clergy			4
PV1-18	26	27	52	Other			4
PV1-18	27	27	58	Organ Donor			4
PV1-18	28	27	59	Organ 			4
PV1-18	29	27	60	Select Specialty			4
PV1-18	30	27			Day Surgery	Day Surgery	4
PV1-18	31	27			Emergency	Emergency	4
PV1-18	32	27			Hospice	Hospice	4
PV1-18	33	27			Inpatient	Inpatient	4
PV1-18	34	27			Observation	Observation	4
PV1-18	35	27			Outpatient	Outpatient	4
PV1-18	36	27			Preadmit	Preadmit	00000000
PV1-18	37	27			Recurring	Recurring	00000000
PV1-18	38	27			Clinic Preadmit	Clinic Preadmit	00000000
PV1-18	39	27			Home Health	Home Health	00000000
PV1-18	40	27			SNF	Skilled Nursing Facility	00000000
PV1-10	2	31	MiHIN Suggested Values		Hospital Value	Description	4
PV1-10	3	31			121	Pediatrics	2
PV1-10	4	31	104	Cardiology - General			4
PV1-10	5	31	105	Emergency Medicine	Emergency Medicine		4
PV1-10	6	31	107	Geriatrics			4
PV1-10	7	31	108	Gastroenterology			4
PV1-10	8	31	109	Gynecology			4
PV1-10	9	31	110	Hospice Medicine			4
PV1-10	10	31	111	Medical Intensive Care			4
PV1-10	11	31	112	Internal Medicine			4
PV1-10	12	31	114	Neuro ICU			4
PV1-10	13	31	115	Neurology			4
PV1-10	14	31	116	Neonatology			4
PV1-10	15	31	117	Obstetrics			4
PV1-10	16	31	118	Oncology			4
PV1-10	17	31	119	Orthopedics			4
PV1-10	18	31	121	Pediatrics			4
PV1-10	19	31	123	Physical Medicine and Rehabilitation			4
PV1-10	20	31	124	General Surgery			4
PV1-10	21	31	125	Surgical Intensive Care			4
PV1-10	22	31	126	Nephrology Transplant			4
PV1-10	23	31	127	Acute Care Surgery			4
PV1-10	24	31	128	Allergy & Immunology			4
PV1-10	25	31	129	Anesthesiology			4
PV1-10	26	31	131	Dermatology			4
PV1-10	27	31	132	Family Medicine			4
PV1-10	28	31	133	Endocrinology			4
PV1-10	29	31	134	Genetics			4
PV1-10	30	31	135	Hematology			4
PV1-10	31	31	136	Infectious Disease			4
PV1-10	32	31	137	Nephrology			4
PV1-10	33	31	138	Neurosurgery			4
PV1-10	34	31	139	Ophthalmology			4
PV1-10	35	31	140	Otolaryngology/ENT			4
PV1-10	36	31	141	Plastic Surgery			4
PV1-10	37	31	143	Radiation Oncology			4
PV1-10	38	31	144	Rheumatology			4
PV1-10	39	31	145	Urology			4
PV1-10	40	31	148	Pharmacy			4
PV1-10	41	31	149	Interventional Radiology			4
PV1-10	42	31	150	Clinical Decision Unit			4
PV1-10	43	31	151	Wound/Ostomy Care			4
PV1-10	44	31	153	Newborn			4
PV1-10	45	31	154	Labor and Delivery			4
PV1-10	46	31	156	Hospitalist Medicine			4
PV1-10	47	31	158	Select Specialty			4
PV1-10	48	31	161	Audiology			4
PV1-10	49	31	162	Behavioral Health - Psychology			4
PV1-10	50	31	163	Cardiology - Structural Heart Disease			4
PV1-10	51	31	165	Colon/Rectal Surgery			4
PV1-10	52	31	166	Gynecology/Oncology			4
PV1-10	53	31	172	Oral Surgery			4
PV1-10	54	31	175	Palliative Medicine 			4
PV1-10	55	31	178	Podiatry			4
PV1-10	56	31	180	Radiology			4
PV1-10	57	31	181	Sleep Center			4
PV1-10	58	31	184	Cardiac Surgery			4
PV1-10	59	31	185	Transplant			4
PV1-10	60	31	198	Bone Marrow Transplant			4
PV1-10	61	31	208	Chemotherapy			4
PV1-10	62	31	273	Pathology			4
PV1-10	63	31	293	Pulmonary			4
PV1-10	64	31	322	Thoracic Surgery			4
PV1-10	65	31	374	Transfusion Medicine			4
PV1-10	66	31	376	Family Practice			4
PV1-10	67	31	380	Orthopedic - Hand Surgery			4
PV1-10	68	31	381	Orthopedic - Spine			4
PV1-10	69	31	384	Hepatology			4
PV1-10	70	31	385	Pain Management			4
PV1-10	71	31	387	Urogynecology			4
PV1-10	72	31	399	Bone & Mineral			4
PV1-10	73	31	409	Cardiology - Electrophysiology			4
PV1-10	74	31	463	Bariatric Surgery			4
PV1-10	75	31	464	Intensive Care			4
PV1-10	76	31	465	Pulmonary Hypertension			4
PV1-10	77	31	466	Pulmonary Transplant			4
PV1-10	78	31	467	Pulmonary Interventional			4
PV1-10	79	31	469	Transplant HPB Surgery			4
PV1-10	80	31	470	Cardiothoracic Transplant			4
PV1-10	81	31	471	Vascular Surgery			4
PV1-10	82	31	472	Speech Pathology			4
PV1-10	83	31	473	Cardiology - Advanced Heart Failure/Transplant			4
PV1-10	84	31	474	Cardiology - Vascular Medicine			4
PV1-10	85	31	475	Physiatry			4
PV1-10	86	31	476	Orthopedic - Surgery			4
PV1-10	87	31	477	Cardiovascular SICU			4
PV1-10	88	31	478	Behavioral Health - Neuropsychology			4
PV1-10	89	31	479	Behavioral Health - Psychiatry			4
PV1-10	90	31	480	Surgical Endoscopy			4
PV1-10	91	31	481	Ethics			4
PV1-10	92	31	482	Trauma Surgery			4
PV1-10	93	31			23 Hour Observation	23 Hour Observation	00000000
PV1-10	94	31			Acute	Acute	00000000
PV1-10	95	31			Ambulance	Ambulance	00000000
PV1-10	96	31			Blood Transfusion	Blood Transfusion	00000000
PV1-10	97	31			Client Billing	Client Billing	00000000
PV1-10	98	31			Custodial Care	Custodial Care	00000000
PV1-10	99	31			Diabetic and Nutritional Therapy	Diabetic and Nutritional Therapy	00000000
PV1-10	100	31			Hospice	Hospice	00000000
PV1-10	101	31			Injections	Injections	00000000
PV1-10	102	31			IV Therapy	IV Therapy	00000000
PV1-10	103	31			Laboratory-Specimen	Laboratory-Specimen	00000000
PV1-10	104	31			Long Term Care	Long Term Care-Outpatient	00000000
PV1-10	105	31			Other	Other	00000000
PV1-10	106	31			Outpatient Testing	Outpatient Testing	00000000
PV1-10	107	31			Pre-op Testing	Pre-op Testing	00000000
PV1-10	108	31			Skilled Nursing Facility	Skilled Nursing Facility	00000000
PV1-10	109	31			Sleep Study	Sleep Study	00000000
PV1-10	110	31			Standing Order	Standing Order	00000000
PV1-10	111	31			Surgical	Surgical	00000000
PV1-10	112	31			Swing	Swing	00000000
PV1-10	113	31			Therapy-PT/OT/SP	Therapy-PT/OT/SP	00000000
PV1-10	114	31			Treatment Room	Treatment Room	00000000
PV1-10	115	31			Office Visit	Office Visit	00000000
PV1-36	2	35	MiHIN suggested values		Hospital Value	Description	4
PV1-36	3	35			01	Discharged to home or self care (routine discharge)	2
PV1-36	4	35	01	Discharged to home or self care (routine discharge)	Home with External Provider Foll, Home or Self Care	Home with External Provider Follow up, Home or Self Care	4
PV1-36	5	35	02	Discharged/transferred to a short-term general hospital for inpatient care	Another Hospital	Another Hospital	4
PV1-36	6	35	03	Discharged/transferred to skilled nursing facility (SNF) with Medicare certification.	Skilled Nursing Facility	Skilled Nursing Facility	4
PV1-36	7	35	04	Discharged/transferred to an intermediate care facility (ICF)	Intermediate Care	Intermediate Care	4
PV1-36	8	35	05	Discharged/transferred to another type of institution not defined elsewhere in this code list	Cancer Center or Children's Hospital, LAW/COURT, OTHER, Other HC Fac	Cancer Center or Children's Hospital, Law/Court, Other, Other HC Fac	4
PV1-36	9	35	06	Discharged/transferred to home under care of organized home health service organization	Home Care with Home Health	Home Care with Home Health	4
PV1-36	10	35	07	Left against medical advice or discontinued care	Left Against Medical Advice Left Without Being Seen	Left Against Medical Advice, Left without being seen	4
PV1-36	11	35	08	Discharged/transferred to home under care of a Home IV provider	Home Care IV Therapy	Home Care IV Therapy	4
PV1-36	12	35	09	Admitted as an inpatient to this hospital	Admitted as Inpatient	Admitted as Inpatient	4
PV1-36	13	35	20	Expired	EXPIRED	Expired	4
PV1-36	14	35	30	Still Patient	Still a Patient	Still a Patient	4
PV1-36	15	35	40	Expired at home	Expired at Home	Expired at Home	4
PV1-36	16	35	41	Expired in a medical facility (e.g. hospital, SNF, ICF, or free standing hospice)	Expired in a Medical Facility	Expired in a Medical Facility	4
PV1-36	17	35	42	Expired - place unknown	Expired Place Unknown	Expired Place Unknown	4
PV1-36	18	35	43	Discharged/transferred to a federal health care facility. (Effective 10/1/03)	Federal HCFAC	Federal HCFAC	4
PV1-36	19	35	50	Hospice - home	Hospice - Home	Hospice - Home	4
PV1-36	20	35	51	Hospice - medical facility	Hospice - Medical Facility	Hospice - Medical Facility	4
PV1-36	21	35	61	Discharged/transferred to hospital-based Medicare approved swing bed	Swing Bed	Swing Bed	4
PV1-36	22	35	62	Discharged/transferred to an inpatient rehabilitation facility (IRF) including rehabilitation distinct part units of a hospital. (Effective retroactive to 1/1/02.)	INPT Rehab Fac	INPT Rehab Fac	4
PV1-36	23	35	63	Discharged/transferred to a Medicare certified long term care hospital (LTCH).(Effective 5/9/02.)	Long Term Care Hospital	Long Term Care Hospital	4
PV1-36	24	35	64	Discharged/transferred to a nursing facility certified under Medicaid but not certified under Medicare. (Effective 10/1/02.)	Nurse Facility-Medicaid	Nurse Facility-Medicaid	4
PV1-36	25	35	65	Discharged/transferred to a psychiatric hospital or psychiatric distinct part unit of a hospital. (Effective 4/1/04)	Psychiatric Fac	Psychiatric Fac	4
PV1-36	26	35	66	Discharged/transferred to a Critical Access Hospital (CAH). (Effective 1/1/06)	Critical Access Hospital	Critical Access Hospital	4
IN1-17	2	39	MiHIN Value	Description	Hospital Value		4
IN1-17	3	39	FTH	Father 	F		2
IN1-17	4	39	ASC	Associate			4
IN1-17	5	39	BRO	Brother 	Brother, Brother-In-Law		4
IN1-17	6	39	CGV	Care giver 	Caretaker		4
IN1-17	7	39	CHD	Child	Child		4
IN1-17	8	39	DEP	Handicapped dependant	Handicapped Dependant		4
IN1-17	9	39	DOM	Life partner	Life Partner		4
IN1-17	10	39	EMC	Emergency contact			4
IN1-17	11	39	EME	Employee	Employee		4
IN1-17	12	39	EMR	Employer	Employer		4
IN1-17	13	39	EXF	Extended family			4
IN1-17	14	39	FCH	Foster child 	Foster Child, Foster Son, Foster Daughter, 		4
IN1-17	15	39	FND	Friend	 Friend		4
IN1-17	16	39	FTH	Father 	Father		4
IN1-17	17	39	GCH	Grandchild	 Grandchild, Granddaughter, Grandson		4
IN1-17	18	39	GRD	Guardian 	 Guardian		4
IN1-17	19	39	GRP	Grandparent 	 Grandparent, Grandfather, Grandfather (Maternal),Grandfather (Paternal), Grandmother (Maternal), Grandmother (Paternal),  Grandparents, Great Grandmother (Paternal), Great Grandfather (Paternal), Great Grandfather (Maternal)		4
IN1-17	20	39	MGR	Manager			4
IN1-17	21	39	MTH	Mother 	 Mother		4
IN1-17	22	39	NCH	Natural child			4
IN1-17	23	39	NON	None			4
IN1-17	24	39	OAD	Other adult			4
IN1-17	25	39	OTH	Other 	Advisor, Attorney, Cadaver Donor, Authorized Representative, Foreign Advisor, Social Worker, Power of Attorney, Fiance, Medical POA,  Other Relationship, Healthcare Surrogate, Case Manager, Organ Donor, Neighbor,  Girlfriend,Host Family,  Host Parent, Cousin,  Nephew, Niece, Aunt (paternal), Boyfriend, 		4
IN1-17	26	39	OWN	Owner			4
IN1-17	27	39	PAR	Parent 	Parent, Parents, Foster Father, Foster Parents, Foster Mother, 		4
IN1-17	28	39	SCH	Stepchild 	Step Daughter, Step Son		4
IN1-17	29	39	SEL	Self	 SELF		4
IN1-17	30	39	SIB	Sibling 	Sibling, Foster Brother, Foster Sister, 		4
IN1-17	31	39	SIS	Sister 	 Sister		4
IN1-17	32	39	SPO	Spouse	 Spouse, Husband, Wife		4
IN1-17	33	39	TRA	Trainer			4
IN1-17	34	39	UNK	Unknown	 Unknown		4
IN1-17	35	39	WRD	Ward of court	Ward of the Court		4
IN1-17	36	39	AUN	Aunt 	 Aunt, Aunt (maternal), Aunt (praternal)		4
IN1-17	37	39	DAU	Daughter	 Daughter, Daughter-In-Law		4
IN1-17	38	39	EXS	Ex Spouse 			4
IN1-17	39	39	EXH	Ex-husband	Ex Husband		4
IN1-17	40	39	EXW	Ex-wife 	Ex Wife		4
IN1-17	41	39	INL	In Law 	Father-In-Law, Mother-In-Law, Sister-In-Law, Son-In-Law, 		4
IN1-17	42	39	LEG	Legal Guardian 			4
IN1-17	43	39	SON	Son (S)	Son		4
IN1-17	44	39	STP	Step Parent (STP)	Step Father, Step Mother,		4
IN1-17	45	39	STS	Step Sibling	Step Sister, Step Brother, 		4
IN1-17	46	39	UN	Uncle (UN)	Uncle		4
IN1	2	42	IN1-3 Value	IN1-4 Value	Payer		4
IN1	3	42	1001	BCN	BCBSM		2
IN1	4	42		AAA MICHIGAN	AUTO		00000000
IN1	5	42		AAA MICHIGAN	AUTO		00000000
IN1	6	42		AARP HEALTH CARE OPTIONS	Commercial		00000000
IN1	7	42		AARP HEALTH CARE OPTIONS	Commercial		00000000
IN1	8	42		ABW-  ADULT BENEFIT WAIVER PLAN	Medicaid		00000000
IN1	9	42		ABW-  ADULT BENEFIT WAIVER PLAN	Medicaid		00000000
IN1	10	42		ACCIDENT FUND INSURANCE AUTO	Commercial		00000000
IN1	11	42		ACCIDENT FUND INSURANCE AUTO	Commercial		00000000
IN1	12	42		ACCIDENT FUND INSURANCE WC	Worker's Comp		00000000
IN1	13	42		ACCIDENT FUND INSURANCE WC	Worker's Comp		00000000
IN1	14	42		ADULT BENEFIT WAIVER PLAN	Medicaid		00000000
IN1	15	42		ADULT BENEFIT WAIVER PLAN	Medicaid		00000000
IN1	16	42		AETNA	Commercial		00000000
IN1	17	42		AETNA	Commercial		00000000
IN1	18	42		AETNA	Commercial		00000000
IN1	19	42		AIG INSURANCE	Commercial		00000000
IN1	20	42		AIG INSURANCE	Commercial		00000000
IN1	21	42		ALLIANCE HEALTH PLAN	Commercial		00000000
IN1	22	42		ALLIANCE HEALTH PLAN	Commercial		00000000
IN1	23	42		ALLIED AUTO INS	AUTO		00000000
IN1	24	42		ALLIED AUTO INS	AUTO		00000000
IN1	25	42		AMERAPLAN INC	Commercial		00000000
IN1	26	42		AMERAPLAN INC	Commercial		00000000
IN1	27	42		AMERICAN COMM MUTUAL	Commercial		00000000
IN1	28	42		AMERICAN COMM MUTUAL	Commercial		00000000
IN1	29	42		AMERICAN FELLOWSHIP AUTO	AUTO		00000000
IN1	30	42		AMERICAN FELLOWSHIP AUTO	AUTO		00000000
IN1	31	42		AMERISURE	Commercial		00000000
IN1	32	42		AMERISURE	Commercial		00000000
IN1	33	42		AMERISURE - PROFESSIONAL	Commercial		00000000
IN1	34	42		AMERISURE - PROFESSIONAL	Commercial		00000000
IN1	35	42		AMISH BOARD	Commercial		00000000
IN1	36	42		ASR/ADMIN SYS RESEARCH	Commercial		00000000
IN1	37	42		ASR/ADMIN SYS RESEARCH	Commercial		00000000
IN1	38	42		ASSURANT HEALTH	Commercial		00000000
IN1	39	42		ASSURANT HEALTH	Commercial		00000000
IN1	40	42		AUTO OWNERS - PROFESSIONAL	AUTO		00000000
IN1	41	42		AUTO OWNERS - PROFESSIONAL	AUTO		00000000
IN1	42	42		AUTO OWNERS MI PIP BRANCH	AUTO		00000000
IN1	43	42		AUTO OWNERS MI PIP BRANCH	AUTO		00000000
IN1	44	42		BANKERS LIFE AND CASUALTY	Commercial		00000000
IN1	45	42		BANKERS LIFE AND CASUALTY	Commercial		00000000
IN1	46	42		BANKERS LIFE AND CASUALTY - PROFESSIONAL	Commercial		00000000
IN1	47	42		BANKERS LIFE AND CASUALTY - PROFESSIONAL	Commercial		00000000
IN1	48	42		BCBSM	Blue Cross		00000000
IN1	49	42		BCBSM	Blue Cross		00000000
IN1	50	42		BCBSM TRUST	Blue Cross Trust		00000000
IN1	51	42		BCBSM TRUST	Blue Cross Trust		00000000
IN1	52	42		BENEFIT MGMT ADMN INC-BMAI	Commercial		00000000
IN1	53	42		BENEFIT MGMT ADMN INC-BMAI	Commercial		00000000
IN1	54	42		BLUE CROSS COMPLETE	Medicaid		00000000
IN1	55	42		BLUE CROSS COMPLETE	Medicaid		00000000
IN1	56	42		BLUECARE NETWORK	Blue Cross		00000000
IN1	57	42		BLUECARE NETWORK	Blue Cross		00000000
IN1	58	42		BLUECARE NETWORK	Blue Cross		00000000
IN1	59	42		BRISTOL WEST	Commercial		00000000
IN1	60	42		BRISTOL WEST	Commercial		00000000
IN1	61	42		BROADSPIRE (PREV RSKCO)	Worker's Comp		00000000
IN1	62	42		BROADSPIRE (PREV RSKCO)	Worker's Comp		00000000
IN1	63	42		Benefit Administrative Systems, LLC	Commercial		00000000
IN1	64	42		Benefit Administrative Systems, LLC	Commercial		00000000
IN1	65	42		CAM	Commercial		00000000
IN1	66	42		CAM	Commercial		00000000
IN1	67	42		CAMBRIDGE INSURANCE	Commercial		00000000
IN1	68	42		CAMBRIDGE INSURANCE	Commercial		00000000
IN1	69	42		CARING HEARTS	Commercial		00000000
IN1	70	42		CARING HEARTS	Commercial		00000000
IN1	71	42		CC - CRIPPLED CHILDREN	Medicaid		00000000
IN1	72	42		CC - CRIPPLED CHILDREN	Medicaid		00000000
IN1	73	42		CENTRA CLAIMS	Commercial		00000000
IN1	74	42		CENTRA CLAIMS	Commercial		00000000
IN1	75	42		CENTRAL STATE COMMUNITY SERVICE	Commercial		00000000
IN1	76	42		CENTRAL STATE COMMUNITY SERVICE	Commercial		00000000
IN1	77	42		CHAMPVA	Commercial		00000000
IN1	78	42		CHAMPVA	Commercial		00000000
IN1	79	42		CIGNA	Commercial		00000000
IN1	80	42		CIGNA	Commercial		00000000
IN1	81	42		CIGNA	Commercial		00000000
IN1	82	42		CITIZENS HANOVER INSURANCE	AUTO		00000000
IN1	83	42		CITIZENS HANOVER INSURANCE	AUTO		00000000
IN1	84	42		CITIZENS INSURANCE COMPANY	Commercial		00000000
IN1	85	42		CITIZENS INSURANCE COMPANY	Commercial		00000000
IN1	86	42		CLAIMS MANAGEMENT INC.	Commercial		00000000
IN1	87	42		CLAIMS MANAGEMENT INC.	Commercial		00000000
IN1	88	42		CNA INSURANCE	Commercial		00000000
IN1	89	42		CNA INSURANCE	Commercial		00000000
IN1	90	42		COFINITY/PPOM MISC	Commercial		00000000
IN1	91	42		COFINITY/PPOM MISC	Commercial		00000000
IN1	92	42		COLONIAL PENN LIFE INSURANCE	Commercial		00000000
IN1	93	42		COLONIAL PENN LIFE INSURANCE	Commercial		00000000
IN1	94	42		COMMERCIAL MISC	Commercial		00000000
IN1	95	42		COMMERCIAL MISC	Commercial		00000000
IN1	96	42		CONNECTICUT GENERAL	Commercial		00000000
IN1	97	42		CONNECTICUT GENERAL	Commercial		00000000
IN1	98	42		CONTINENTAL LIFE INSURANCE	Commercial		00000000
IN1	99	42		CONTINENTAL LIFE INSURANCE	Commercial		00000000
IN1	100	42		CORPORATE GROUP SYSTEMS	Commercial		00000000
IN1	101	42		CORPORATE GROUP SYSTEMS	Commercial		00000000
IN1	102	42		CRIPPLED CHILDREN	Medicaid		00000000
IN1	103	42		CRIPPLED CHILDREN	Medicaid		00000000
IN1	104	42		CROP PRODUCTION SERVICES	Commercial		00000000
IN1	105	42		CROP PRODUCTION SERVICES	Commercial		00000000
IN1	106	42		CT GENERAL LIFE INS	Commercial		00000000
IN1	107	42		CT GENERAL LIFE INS	Commercial		00000000
IN1	108	42		CURANET/HCAP	Commercial		00000000
IN1	109	42		CURANET/HCAP	Commercial		00000000
IN1	110	42		ClaimChoice Administrators	Commercial		00000000
IN1	111	42		ClaimChoice Administrators	Commercial		00000000
IN1	112	42		DEPARTMENT OF LABOR	Worker's Comp		00000000
IN1	113	42		DEPARTMENT OF LABOR	Worker's Comp		00000000
IN1	114	42		DRS SERVICES INC	Commercial		00000000
IN1	115	42		DRS SERVICES INC	Commercial		00000000
IN1	116	42		EHIM (EMP HEALTH INS)	Commercial		00000000
IN1	117	42		EHIM (EMP HEALTH INS)	Commercial		00000000
IN1	118	42		EMMIE DIE	Commercial		00000000
IN1	119	42		EMMIE DIE	Commercial		00000000
IN1	120	42		Emp Bene Logistics/NexCare-Health Sys	Commercial		00000000
IN1	121	42		Emp Bene Logistics/NexCare-Health Sys	Commercial		00000000
IN1	122	42		Emp Bene Logistics/NexCare-Health Sys	Commercial		00000000
IN1	123	42		Emp Bene Logistics/NexCare-Health Sys	Commercial		00000000
IN1	124	42		FARM BUREAU	Commercial		00000000
IN1	125	42		FARM BUREAU	Commercial		00000000
IN1	126	42		FEDERAL BC	Blue Cross		00000000
IN1	127	42		FEDERAL BC	Blue Cross		00000000
IN1	128	42		FEDERAL BC TRUST	Blue Cross Trust		00000000
IN1	129	42		FEDERAL BC TRUST	Blue Cross Trust		00000000
IN1	130	42		FEDERATED INSURANCE	Commercial		00000000
IN1	131	42		FEDERATED INSURANCE	Commercial		00000000
IN1	132	42		FINCOR/COVERYS	Worker's Comp		00000000
IN1	133	42		FINCOR/COVERYS	Worker's Comp		00000000
IN1	134	42		FIRST AGENCY	Commercial		00000000
IN1	135	42		FIRST AGENCY	Commercial		00000000
IN1	136	42		FORTIS INSURANCE CO	Commercial		00000000
IN1	137	42		FORTIS INSURANCE CO	Commercial		00000000
IN1	138	42		FORWARD EDGE ASSOCIATES	Commercial		00000000
IN1	139	42		FORWARD EDGE ASSOCIATES	Commercial		00000000
IN1	140	42		FRANKENMUTH MUTUAL INSURANCE	AUTO		00000000
IN1	141	42		FRANKENMUTH MUTUAL INSURANCE	AUTO		00000000
IN1	142	42		Fee Basis Program- John D. Dingel VA Medical Center	Commercial		00000000
IN1	143	42		Fee Basis Program- John D. Dingel VA Medical Center	Commercial		00000000
IN1	144	42		GE LIFE & ANNUITY	Commercial		00000000
IN1	145	42		GE LIFE & ANNUITY	Commercial		00000000
IN1	146	42		GEHA/GOVERN EMP HOSP	Commercial		00000000
IN1	147	42		GEHA/GOVERN EMP HOSP	Commercial		00000000
IN1	148	42		GENWORTH FINANCIAL	Commercial		00000000
IN1	149	42		GENWORTH FINANCIAL	Commercial		00000000
IN1	150	42		GERBER LIFE INSURANCE	Commercial		00000000
IN1	151	42		GERBER LIFE INSURANCE	Commercial		00000000
IN1	152	42		GLHP (UNITED HEALTHCARE COMMUNITY PLAN)	Medicaid		00000000
IN1	153	42		GLHP (UNITED HEALTHCARE COMMUNITY PLAN)	Medicaid		00000000
IN1	154	42		GLHP (UNITED HEALTHCARE COMMUNITY PLAN)	Medicaid		00000000
IN1	155	42		GLOBAL  MEDICAL MGMT	Commercial		00000000
IN1	156	42		GLOBAL  MEDICAL MGMT	Commercial		00000000
IN1	157	42		GOLDEN RULE LIFE INS	Commercial		00000000
IN1	158	42		GOLDEN RULE LIFE INS	Commercial		00000000
IN1	159	42		GREAT WEST LIFE	Commercial		00000000
IN1	160	42		GREAT WEST LIFE	Commercial		00000000
IN1	161	42		GREAT WEST LIFE/PHCS	Commercial		00000000
IN1	162	42		GREAT WEST LIFE/PHCS	Commercial		00000000
IN1	163	42		GROUP ADMINISTRATORS, LTD	Commercial		00000000
IN1	164	42		GROUP ADMINISTRATORS, LTD	Commercial		00000000
IN1	165	42		GROUP BENEFIT SERVICES	Commercial		00000000
IN1	166	42		GROUP BENEFIT SERVICES	Commercial		00000000
IN1	167	42		GUARDIAN	Commercial		00000000
IN1	168	42		GUARDIAN	Commercial		00000000
IN1	169	42		HAP	Commercial		00000000
IN1	170	42		HAP	Commercial		00000000
IN1	171	42		HAP	Commercial		00000000
IN1	172	42		HASTINGS MUTUAL	AUTO		00000000
IN1	173	42		HASTINGS MUTUAL	AUTO		00000000
IN1	174	42		HUMANA	Commercial		00000000
IN1	175	42		HUMANA	Commercial		00000000
IN1	176	42		HUMANA	Commercial		00000000
IN1	177	42		IBEW LOCAL 17	Commercial		00000000
IN1	178	42		IBEW LOCAL 17	Commercial		00000000
IN1	179	42		JVHL CLAIMS DEPARTMENT	Commercial		00000000
IN1	180	42		JVHL CLAIMS DEPARTMENT	Commercial		00000000
IN1	181	42		KOHLER OIL AND PROPANE	Commercial		00000000
IN1	182	42		KOHLER OIL AND PROPANE	Commercial		00000000
IN1	183	42		KOHLER PROPANE SOUTH	Commercial		00000000
IN1	184	42		KOHLER PROPANE SOUTH	Commercial		00000000
IN1	185	42		KOHLER PROPANE SOUTH	Commercial		00000000
IN1	186	42		KOHLER PROPANE SOUTH	Commercial		00000000
IN1	187	42		MAGELLAN CLAIMS	Commercial		00000000
IN1	188	42		MAGELLAN CLAIMS	Commercial		00000000
IN1	189	42		MAIL HANDLERS BENEFIT PLAN	Commercial		00000000
IN1	190	42		MAIL HANDLERS BENEFIT PLAN	Commercial		00000000
IN1	191	42		MC BCN ADVANTAGE	Medicare		00000000
IN1	192	42		MC BCN ADVANTAGE	Medicare		00000000
IN1	193	42		MC BCN ADVANTAGE	Medicare		00000000
IN1	194	42		MC BCN ADVANTAGE	Medicare		00000000
IN1	195	42		MC HAP Senior Plus	Medicare		00000000
IN1	196	42		MC HAP Senior Plus	Medicare		00000000
IN1	197	42		MC HUMANA/CHOICECARE	Medicare		00000000
IN1	198	42		MC HUMANA/CHOICECARE	Medicare		00000000
IN1	199	42		MC PLUS BLUE	Medicare		00000000
IN1	200	42		MC PLUS BLUE	Medicare		00000000
IN1	201	42		MC PLUS BLUE	Medicare		00000000
IN1	202	42		MC PRIORITY HEALTH	Medicare		00000000
IN1	203	42		MC PRIORITY HEALTH	Medicare		00000000
IN1	204	42		MC PRIORITY HEALTH	Medicare		00000000
IN1	205	42		MCARE	Commercial		00000000
IN1	206	42		MCARE	Commercial		00000000
IN1	207	42		MCLAREN HEALTH	Commercial		00000000
IN1	208	42		MCLAREN HEALTH	Commercial		00000000
IN1	209	42		MCLAREN HEALTH PLAN MDCD	Medicaid		00000000
IN1	210	42		MCLAREN HEALTH PLAN MDCD	Medicaid		00000000
IN1	211	42		MCLAREN HEALTH PLAN MDCD	Medicaid		00000000
IN1	212	42		MEBS	Commercial		00000000
IN1	213	42		MEBS	Commercial		00000000
IN1	214	42		MEDICAID	Medicaid		00000000
IN1	215	42		MEDICAID	Medicaid		00000000
IN1	216	42		MEDICAID MGT CARE MISC	Medicaid		00000000
IN1	217	42		MEDICAID MGT CARE MISC	Medicaid		00000000
IN1	218	42		MEDICARE	Medicare		00000000
IN1	219	42		MEDICARE	Medicare		00000000
IN1	220	42		MEDICARE MGT CARE MISC	Medicare		00000000
IN1	221	42		MEDICARE MGT CARE MISC	Medicare		00000000
IN1	222	42		MEDICARE RAILROAD	Medicare		00000000
IN1	223	42		MEDICARE RAILROAD	Medicare		00000000
IN1	224	42		MEEMIC	AUTO		00000000
IN1	225	42		MEEMIC	AUTO		00000000
IN1	226	42		MERIDIAN HEALTH PLAN	Medicaid		00000000
IN1	227	42		MERIDIAN HEALTH PLAN	Medicaid		00000000
IN1	228	42		MERIDIAN HEALTH PLAN	Medicaid		00000000
IN1	229	42		METROPOLITAN LIFE INS	Commercial		00000000
IN1	230	42		METROPOLITAN LIFE INS	Commercial		00000000
IN1	231	42		MI UFCW HEALTH & WELFARE	Commercial		00000000
IN1	232	42		MI UFCW HEALTH & WELFARE	Commercial		00000000
IN1	233	42		MINNEAPOLIS GROUP CLAIMS	Commercial		00000000
IN1	234	42		MINNEAPOLIS GROUP CLAIMS	Commercial		00000000
IN1	235	42		MOLINA HEALTHCARE of MICHIGAN	Medicaid		00000000
IN1	236	42		MOLINA HEALTHCARE of MICHIGAN	Medicaid		00000000
IN1	237	42		MOLINA HEALTHCARE of MICHIGAN	Medicaid		00000000
IN1	238	42		MORTON BLDG EMP HEALTH	Commercial		00000000
IN1	239	42		MORTON BLDG EMP HEALTH	Commercial		00000000
IN1	240	42		MRH BLUE CROSS - PROFESSIONAL	MRH BLUE CROSS PPO		00000000
IN1	241	42		MRH BLUE CROSS - PROFESSIONAL	MRH BLUE CROSS PPO		00000000
IN1	242	42		MRH BLUE CROSS TRUST	MRH BLUE CROSS PPO		00000000
IN1	243	42		MRH BLUE CROSS TRUST	MRH BLUE CROSS PPO		00000000
IN1	244	42		MRH Screening	Commercial		00000000
IN1	245	42		MRH Screening	Commercial		00000000
IN1	246	42		MUTUAL OF OMAHA	Commercial		00000000
IN1	247	42		MUTUAL OF OMAHA	Commercial		00000000
IN1	248	42		Michigan BCCCP	Commercial		00000000
IN1	249	42		Michigan BCCCP	Commercial		00000000
IN1	250	42		Misc Commercial	Commercial		00000000
IN1	251	42		Misc Commercial	Commercial		00000000
IN1	252	42		NATIONAL ASSOCIATION OF LETTER CARRIERS	Commercial		00000000
IN1	253	42		NATIONAL ASSOCIATION OF LETTER CARRIERS	Commercial		00000000
IN1	254	42		NEW ERA LIFE INS CO	Commercial		00000000
IN1	255	42		NEW ERA LIFE INS CO	Commercial		00000000
IN1	256	42		NGS AMERICAN, INC	Commercial		00000000
IN1	257	42		NGS AMERICAN, INC	Commercial		00000000
IN1	258	42		NORTH POINTE INSURANCE	Commercial		00000000
IN1	259	42		NORTH POINTE INSURANCE	Commercial		00000000
IN1	260	42		National Diagnostics Incorporated	Commercial		00000000
IN1	261	42		P & T LEASING	Commercial		00000000
IN1	262	42		P & T LEASING	Commercial		00000000
IN1	263	42		PHCS/MULTIPLAN MISC	Commercial		00000000
IN1	264	42		PHCS/MULTIPLAN MISC	Commercial		00000000
IN1	265	42		PHYSICIANS CARE	Commercial		00000000
IN1	266	42		PHYSICIANS CARE	Commercial		00000000
IN1	267	42		PIONEER STATE MUTUAL	AUTO		00000000
IN1	268	42		PIONEER STATE MUTUAL	AUTO		00000000
IN1	269	42		PIONEER STATE MUTUAL	AUTO		00000000
IN1	270	42		PIONEER STATE MUTUAL	AUTO		00000000
IN1	271	42		PLAN FIRST	Medicaid		00000000
IN1	272	42		PLAN FIRST	Medicaid		00000000
IN1	273	42		PRINCIPAL LIFE INS	Commercial		00000000
IN1	274	42		PRINCIPAL LIFE INS	Commercial		00000000
IN1	275	42		PRIORITY HEALTH PROFESSIONAL	Commercial		00000000
IN1	276	42		PRIORITY HEALTH PROFESSIONAL	Commercial		00000000
IN1	277	42		PRIORITY HEALTH PROFESSIONAL	Commercial		00000000
IN1	278	42		PROGRESSIVE INSURANCE	AUTO		00000000
IN1	279	42		PROGRESSIVE INSURANCE	AUTO		00000000
IN1	280	42		PROGRESSIVE INSURANCE - PROFESSIONAL 1	AUTO		00000000
IN1	281	42		PROGRESSIVE INSURANCE - PROFESSIONAL 1	AUTO		00000000
IN1	282	42		PROGRESSIVE INSURANCE - PROFESSIONAL 2	AUTO		00000000
IN1	283	42		PROGRESSIVE INSURANCE - PROFESSIONAL 2	AUTO		00000000
IN1	284	42		PRUDENTIAL	Commercial		00000000
IN1	285	42		PRUDENTIAL	Commercial		00000000
IN1	286	42		PYRAMID CLAIMS	Commercial		00000000
IN1	287	42		PYRAMID CLAIMS	Commercial		00000000
IN1	288	42		QUALITY ENERGY	Commercial		00000000
IN1	289	42		QUALITY ENERGY	Commercial		00000000
IN1	290	42		RAY MARTUS TRUCKING	Worker's Comp		00000000
IN1	291	42		RAY MARTUS TRUCKING	Worker's Comp		00000000
IN1	292	42		REGENCY BENEFITS	Commercial		00000000
IN1	293	42		REGENCY BENEFITS	Commercial		00000000
IN1	294	42		REGENCY BENEFITS	Commercial		00000000
IN1	295	42		REGENCY BENEFITS	Commercial		00000000
IN1	296	42		SANILAC CO DEPT OF HUMAN SERV	Commercial		00000000
IN1	297	42		SANILAC CO DEPT OF HUMAN SERV	Commercial		00000000
IN1	298	42		SELECTCARE PPO	Commercial		00000000
IN1	299	42		SELECTCARE PPO	Commercial		00000000
IN1	300	42		SELF PAY	Self Pay		00000000
IN1	301	42		SELF PAY	Self Pay		00000000
IN1	302	42		SET SEG	Commercial		00000000
IN1	303	42		SET SEG	Commercial		00000000
IN1	304	42		SHIELD BENEFIT ADM	Commercial		00000000
IN1	305	42		SHIELD BENEFIT ADM	Commercial		00000000
IN1	306	42		STATE FARM INSURANCE	Commercial		00000000
IN1	307	42		STATE FARM INSURANCE	Commercial		00000000
IN1	308	42		STATE MUTUAL LIFE	Commercial		00000000
IN1	309	42		STATE MUTUAL LIFE	Commercial		00000000
IN1	310	42		STONEGATE ASSISTED LIVING	Other		00000000
IN1	311	42		STONEGATE ASSISTED LIVING	Commercial		00000000
IN1	312	42		STONEGATE VILLAGE ASSISTED LIVING	Commercial		00000000
IN1	313	42		STONEGATE VILLAGE ASSISTED LIVING	Commercial		00000000
IN1	314	42		STUDENT ASSURANCE SERVICES INC	Commercial		00000000
IN1	315	42		STUDENT ASSURANCE SERVICES INC	Commercial		00000000
IN1	316	42		SUMMIT UNDERWRITERS	Commercial		00000000
IN1	317	42		SUMMIT UNDERWRITERS	Commercial		00000000
IN1	318	42		Schwans-National Diagnostics	Commercial		00000000
IN1	319	42		Schwans-National Diagnostics	Commercial		00000000
IN1	320	42		Stonegate Village Assisted Living	Commercial		00000000
IN1	321	42		Stonegate Village Assisted Living	Commercial		00000000
IN1	322	42		TIG INS	Commercial		00000000
IN1	323	42		TIG INS	Commercial		00000000
IN1	324	42		TIME INSURANCE COMPANY	Commercial		00000000
IN1	325	42		TIME INSURANCE COMPANY	Commercial		00000000
IN1	326	42		TITAN CLAIMS	AUTO		00000000
IN1	327	42		TITAN CLAIMS	AUTO		00000000
IN1	328	42		Tricare East Region	Commercial		00000000
IN1	329	42		Tricare East Region	Commercial		00000000
IN1	330	42		UMR 1	Commercial		00000000
IN1	331	42		UMR 1	Commercial		00000000
IN1	332	42		UMR 2	Commercial		00000000
IN1	333	42		UMR 2	Commercial		00000000
IN1	334	42		UNITED AMERICAN INSURANCE CO	Commercial		00000000
IN1	335	42		UNITED AMERICAN INSURANCE CO	Commercial		00000000
IN1	336	42		UNITED HC ATLANTA GA	Commercial		00000000
IN1	337	42		UNITED HC ATLANTA GA	Commercial		00000000
IN1	338	42		UNITED HC ATLANTA GA	Commercial		00000000
IN1	339	42		UNITED HC ATLANTA GA	Commercial		00000000
IN1	340	42		United Healthcare	Commercial		00000000
IN1	341	42		VA/JOHN D. DINGELL	Commercial		00000000
IN1	342	42		VA/JOHN D. DINGELL	Commercial		00000000
IN1	343	42		Veterans Choice Program	Commercial		00000000
IN1	344	42		Veterans Choice Program	Commercial		00000000
IN1	345	42		WATER QUALITY ASSOCIATION	Commercial		00000000
IN1	346	42		WATER QUALITY ASSOCIATION	Commercial		00000000
IN1	347	42		WAUSAU/HCAP	Commercial		00000000
IN1	348	42		WAUSAU/HCAP	Commercial		00000000
IN1	349	42		WELLNESS PLAN-MEDICAID HMO	Medicaid		00000000
IN1	350	42		WELLNESS PLAN-MEDICAID HMO	Medicaid		00000000
IN1	351	42		WEYCO INC	Commercial		00000000
IN1	352	42		WEYCO INC	Commercial		00000000
IN1	353	42		WORKERS COMP MISC	Worker's Comp		00000000
IN1	354	42		WORKERS COMP MISC	Worker's Comp		00000000
