filename	0	0		2.0 Mapping Tables - Hospitals/Memorial Healthcare ADT 2.0 table 2.27.20.xlsx			
MSH-4	2	1	Hospital Value	Description			4
MSH-4	3	1	2.16.840.1.113883.3.1481.1.2.2	Hospital Name			2
MSH-4	4	1	2.16.840.1.113883.3.992	Memorial Healthcare			00000000
PID-8	2	3	MiHIN Value	Description	Hospital Value		4
PID-8	3	3	M	Male	M		2
PID-8	4	3	F	Female	F		4
PID-8	5	3	M	Male	M		4
PID-8	6	3	O	Other			4
PID-8	7	3	U	Unknown	U		4
PID-8	8	3	A	Ambiguous			4
PID-8	9	3	N	Not Applicable			4
PID-10	2	6	MiHIN Value	Description	Hospital Value		4
PID-10	3	6	2106-3	White	W		2
PID-10	4	6	1002-5	American Indian or Alaska Native	AN		4
PID-10	5	6	2028-9	Asian	A		4
PID-10	6	6	2054-5	Black or African American	B		4
PID-10	7	6	2076-8	Native Hawaiian or Other Pacific Islander	N		4
PID-10	8	6	2106-3	White	H, W		4
PID-10	9	6	2131-1	Other Race	O		4
PID-10	10	6	MR	Multi-Racial			4
PID-10	11	6	PR	Patient Refused 			4
PID-22	2	9	MiHIN Value	Description	Hospital Value		4
PID-22	3	9	H	Hispanic or Latino	Hisp		2
PID-22	4	9	H	Hispanic or Latino	HI		4
PID-22	5	9	N	Not Hispanic or Latino	NH		4
PID-22	6	9	U	Unknown	UA		4
PID-22	7	9	D	Declined	DC		4
PID-22	8	9	AN	Alaskan Native 			4
PID-22	9	9	AR	Arabic 			4
PID-22	10	9	AS	Asian 			4
PID-22	11	9	CA	Caucasian			4
PID-22	12	9	CHA	Chaldean 			4
PID-22	13	9	CHI	Chinese 			4
PID-22	14	9	DU	Dutch 			4
PID-22	15	9	EG	Egyptian 			4
PID-22	16	9	FR	French 			4
PID-22	17	9	GER	German 			4
PID-22	18	9	GRE	Greek 			4
PID-22	19	9	HA	Hawaiian 			4
PID-22	20	9	IRA	Iranian 			4
PID-22	21	9	IRQ	Iraqi 			4
PID-22	22	9	IRH	Irish 			4
PID-22	23	9	ITA	Italian 			4
PID-22	24	9	JA	Japanese 			4
PID-22	25	9	JE	Jewish 			4
PID-22	26	9	JO	Jordanian 			4
PID-22	27	9	KO	Korean 			4
PID-22	28	9	LE	Lebanese  			4
PID-22	29	9	MAC	Macedonian 			4
PID-22	30	9	ME	Middle Eastern			4
PID-22	31	9	MUL	Multi-Ethnic 			4
PID-22	32	9	NA	Native American			4
PID-22	33	9	O	Other 			4
PID-22	34	9	PO	Polish 			4
PID-22	35	9	RU	Russian 			4
PID-22	36	9	SC	Scottish 			4
PID-22	37	9	UK	Ukrainian 			4
PID-22	38	9	VIT	Vietnamese 			4
PID-30	2	12	MiHIN Value	Description	Hospital Value		4
PID-30	3	12	Y	Expired	E		2
PID-30	4	12	Y	Deceased/Yes	Y		4
PID-30	5	12	N	Not Deceased/No	N		4
DG1-6	2	15	MiHIN Value	Description	Hospital Value		4
DG1-6	3	15	A	Admitting	AD		2
DG1-6	4	15	A	Admitting	A 		4
DG1-6	5	15	F	Final	F		4
DG1-6	6	15	W	Working 	W		4
DG1-6	7	15	O	Other			4
PV1-2	2	18	MiHIN Value	Description	Hospital Value		4
PV1-2	3	18	E	Emergency	ER		2
PV1-2	4	18	B	Obstetrics			4
PV1-2	5	18	C	Commercial Account			4
PV1-2	6	18	E	Emergency	E		4
PV1-2	7	18	I	Inpatient	I		4
PV1-2	8	18	N	Not Applicable			4
PV1-2	9	18	O	Outpatient	O, C, S		4
PV1-2	10	18	P	Preadmit	P		4
PV1-2	11	18	R	Recurring patient	R		4
PV1-2	12	18	U	Unknown			4
PV1-2	13	18	IH	IP Hospice 			4
PV1-2	14	18	NB	Newborn			4
PV1-2	15	18	OB	Observation 			4
PV1-2	16	18	SN	Skilled Nursing 			4
PV1-2	17	18	SA	Surgery Admit 			4
PV1-4	2	21	MiHIN Value	Description	Hospital Value		4
PV1-4	3	21	E	Emergency	E		2
PV1-4	4	21	A	Accident			4
PV1-4	5	21	C	Elective	E		4
PV1-4	6	21	E	Emergency	ER		4
PV1-4	7	21	L	Labor and Delivery			4
PV1-4	8	21	N	Newborn (Birth in healthcare facility)	NB		4
PV1-4	9	21	R	Routine	R		4
PV1-4	10	21	U	Urgent	U		4
PV1-4	11	21	TC	Trauma Center 			4
PV1-4	12	21	O	Other			4
PV1-14	2	24	MiHIN Value	Description	Hospital Value		4
PV1-14	3	24	2	Clinic referral	E		2
PV1-14	4	24	1	Physician referral	CM, FIA, INF, PR		4
PV1-14	5	24	2	Clinic referral	CR		4
PV1-14	6	24	3	HMO referral	HMO		4
PV1-14	7	24	4	Transfer from a hospital	AC,AC-CHS,AC-GEN,AC-HURL,AC-INGHAM,AC-MCL,AC-MHC,AC-MHC LTC,AC-SPARR,AC-STJ,AC-STL,AC-STM,AC-UM,AC-VA ANN,AC-VA SAG		4
PV1-14	8	24	5	Transfer from a skilled nursing facility	SNF		4
PV1-14	9	24	6	Transfer from another health care facility	B,C,D,F,Hospice,MH TO STRE,NH,NH-CHES,NH-DURCON,NH-OLIVE,NH-OVID,NH-SCMCF,VAAA		4
PV1-14	10	24	7	Emergency Room	ER		4
PV1-14	11	24	8	Court/Law enforcement	LAW		4
PV1-14	12	24	9	Information not available	UNK, OTH		4
PV1-14	13	24	SR	Self-Referral			4
PV1-14	14	24	TRNF	Transfer from a non-health care facility			4
PV1-14	15	24	TRAD	Transfer from Ambulatory Department	AMB SUR CE		4
PV1-18	2	27	MiHIN Suggested Values		Hospital Value	Description	4
PV1-18	3	27			A	Anonymous	2
PV1-18	4	27	1	Anonymous			4
PV1-18	5	27	2	Confidential			4
PV1-18	6	27	3	Employee			4
PV1-18	7	27	4	Dismissed			4
PV1-18	8	27	5	No Medicare			4
PV1-18	9	27	6	Prisoner			4
PV1-18	10	27	7	VIP			4
PV1-18	11	27	8	Staff Dependent			4
PV1-18	12	27	9	Benefactor			4
PV1-18	13	27	10	Employee Dependent			4
PV1-18	14	27	11	Non-Employee			4
PV1-18	15	27	12	Volunteer			4
PV1-18	16	27	13	Staff Physician			4
PV1-18	17	27	14	Non V.I.P			4
PV1-18	18	27	15	Retired Employee			4
PV1-18	19	27	42	Homeless			4
PV1-18	20	27	44	Celebrity			4
PV1-18	21	27	45	Donor			4
PV1-18	22	27	46	Transplant			4
PV1-18	23	27	47	Voucher			4
PV1-18	24	27	49	Board Member			4
PV1-18	25	27	49	Clergy			4
PV1-18	26	27	52	Other	AMB,CLIE,CLI,ER,IN,IRF,LTCH,NB,INO,POV,RCR,REF,SNF,SDC	Ambulatory Office Visit, Client, Clinical, Emergency, Inpatient, Inpatinet Rehabilitation Facility, Long Term Care Hospital, Newborn, Observation, Provider Office Visit, Recurring, Referred, Skilled Nursing, Facility, Surgical Day Care	4
PV1-18	27	27	58	Organ Donor			4
PV1-18	28	27	59	Organ 			4
PV1-18	29	27	60	Select Specialty			4
PV1-10	2	31	MiHIN Suggested Values		Hospital Value	Description	4
PV1-10	3	31			121	Pediatrics	2
PV1-10	4	31	104	Cardiology - General	CAR	Cardiology - General	4
PV1-10	5	31	105	Emergency Medicine	ER	Emergency Medicine	4
PV1-10	6	31	107	Geriatrics			4
PV1-10	7	31	108	Gastroenterology			4
PV1-10	8	31	109	Gynecology			4
PV1-10	9	31	110	Hospice Medicine	HOSP	Hospice Medicine	4
PV1-10	10	31	111	Medical Intensive Care	ICU,ICUM, 	INTENSIVE CARE UNIT, MEDICAL SPECIAL BED	4
PV1-10	11	31	112	Internal Medicine	MED, MED OBSER	MEDICAL, MEDICAL OBSERVATION	4
PV1-10	12	31	114	Neuro ICU			4
PV1-10	13	31	115	Neurology			4
PV1-10	14	31	116	Neonatology			4
PV1-10	15	31	117	Obstetrics	MEDOB, OBG	Obstetrics, OBSTETRICS/GYNECOLOGY	4
PV1-10	16	31	118	Oncology			4
PV1-10	17	31	119	Orthopedics			4
PV1-10	18	31	121	Pediatrics	PEDMED, PEDSUR, PEDSURG2, PEDSURGEX	Pediatrics	4
PV1-10	19	31	123	Physical Medicine and Rehabilitation	REHABIN	IN-PATIENT REHAB	4
PV1-10	20	31	124	General Surgery	SUR, SURG2, SURGEX	General Surgery	4
PV1-10	21	31	125	Surgical Intensive Care	ICUS, ICUSURGEX	SURGICAL SPECIAL BED, ICU SURG EXTENDED RECOVERY	4
PV1-10	22	31	126	Nephrology Transplant			4
PV1-10	23	31	127	Acute Care Surgery			4
PV1-10	24	31	128	Allergy & Immunology			4
PV1-10	25	31	129	Anesthesiology			4
PV1-10	26	31	131	Dermatology			4
PV1-10	27	31	132	Family Medicine			4
PV1-10	28	31	133	Endocrinology			4
PV1-10	29	31	134	Genetics			4
PV1-10	30	31	135	Hematology			4
PV1-10	31	31	136	Infectious Disease			4
PV1-10	32	31	137	Nephrology			4
PV1-10	33	31	138	Neurosurgery			4
PV1-10	34	31	139	Ophthalmology			4
PV1-10	35	31	140	Otolaryngology/ENT			4
PV1-10	36	31	141	Plastic Surgery			4
PV1-10	37	31	143	Radiation Oncology			4
PV1-10	38	31	144	Rheumatology			4
PV1-10	39	31	145	Urology			4
PV1-10	40	31	148	Pharmacy			4
PV1-10	41	31	149	Interventional Radiology			4
PV1-10	42	31	150	Clinical Decision Unit			4
PV1-10	43	31	151	Wound/Ostomy Care			4
PV1-10	44	31	153	Newborn	NB	Newborn	4
PV1-10	45	31	154	Labor and Delivery			4
PV1-10	46	31	156	Hospitalist Medicine			4
PV1-10	47	31	158	Select Specialty	LTC, OCHMED, PAC, SKILLED, SUBAC, U	LONG TERM CARE, OCCUPATIONAL MEDICINE, PHYSICIAN ASSISTANT, SKILLED NURSING, SUB ACUTE, Unknown	4
PV1-10	48	31	161	Audiology			4
PV1-10	49	31	162	Behavioral Health - Psychology			4
PV1-10	50	31	163	Cardiology - Structural Heart Disease			4
PV1-10	51	31	165	Colon/Rectal Surgery			4
PV1-10	52	31	166	Gynecology/Obstetrics			4
PV1-10	53	31	172	Oral Surgery			4
PV1-10	54	31	175	Palliative Medicine 			4
PV1-10	55	31	178	Podiatry			4
PV1-10	56	31	180	Radiology	RAD	RADIOLOGY	4
PV1-10	57	31	181	Sleep Center			4
PV1-10	58	31	184	Cardiac Surgery			4
PV1-10	59	31	185	Transplant			4
PV1-10	60	31	198	Bone Marrow Transplant			4
PV1-10	61	31	208	Chemotherapy			4
PV1-10	62	31	273	Pathology			4
PV1-10	63	31	293	Pulmonary			4
PV1-10	64	31	322	Thoracic Surgery			4
PV1-10	65	31	374	Transfusion Medicine			4
PV1-10	66	31	376	Family Practice			4
PV1-10	67	31	380	Orthopedic - Hand Surgery			4
PV1-10	68	31	381	Orthopedic - Spine			4
PV1-10	69	31	384	Hepatology			4
PV1-10	70	31	385	Pain Management			4
PV1-10	71	31	387	Urogynecology			4
PV1-10	72	31	399	Bone & Mineral			4
PV1-10	73	31	409	Cardiology - Electrophysiology			4
PV1-10	74	31	463	Bariatric Surgery	BARSUR	Bariatric Surgery	4
PV1-10	75	31	464	Intensive Care	BARCCU, CCU, CCUM, CCUS, CCUSURG2, CCUSURGEX, PCU	Intensive Care	4
PV1-10	76	31	465	Pulmonary Hypertension			4
PV1-10	77	31	466	Pulmonary Transplant			4
PV1-10	78	31	467	Pulmonary Interventional			4
PV1-10	79	31	469	Transplant HPB Surgery			4
PV1-10	80	31	470	Cardiothoracic Transplant			4
PV1-10	81	31	471	Vascular Surgery			4
PV1-10	82	31	472	Speech Pathology			4
PV1-10	83	31	473	Cardiology - Advanced Heart Failure/Transplant			4
PV1-10	84	31	474	Cardiology - Vascular Medicine			4
PV1-10	85	31	475	Physiatry			4
PV1-10	86	31	476	Orthopedic - Surgery			4
PV1-10	87	31	477	Cardiovascular SICU			4
PV1-10	88	31	478	Behavioral Health - Neuropsychology			4
PV1-10	89	31	479	Behavioral Health - Psychiatry	PSY, STRESSOP	PSYCHIATRY, STRESS OUT PATIENT	4
PV1-10	90	31	480	Surgical Endoscopy			4
PV1-10	91	31	481	Ethics			4
PV1-10	92	31	482	Trauma Surgery			4
PV1-36	2	35	MiHIN suggested values		Hospital Value	Description	4
PV1-36	3	35			01	Discharged to home or self care (routine discharge)	2
PV1-36	4	35	01	Discharged to home or self care (routine discharge)	01,ADC/AL,COUNVI,EROR,HH-MHCCM,HOM,HOMELESS,HSP DC,MATTH,MHC ER,MEADOWS,MIDDLE,OLIVBRNCH,OLIVST,OLIWOOD,OTH AFC,PERRY GR,ROSEG,SCCMH, HHS,	Discharged to home or self care (routine discharge)	4
PV1-36	5	35	02	Discharged/transferred to a short-term general hospital for inpatient care	02,BAY,BEAUMONT,CHS,CLINT,ERCCU,ERTMF,ERUB,FOH,GENE,HENRY,HURLEY,INGHAM,JACKSON,MCLAREN,MHC ACUTE,OACF,OTH STH,SPARROW,ST JOE AA,ST LUKE SG,STMARYSG,STL,UOFM, OTHVA 	Discharged/transferred to a short-term general hospital for inpatient \ncare	4
PV1-36	6	35	03	Discharged/transferred to skilled nursing facility (SNF) with Medicare certification.	03,ASHLEY,BURCHAM,CHES SKILL,CREST,DUR CONV,EAST LHC,HAZEL,HEART,HOLLY,INGHAM 2,LAURELS,MEDILODGE,MHC SKILLD,MHCSUBAC,MONTROSE,OVID CONV,PINES,RESHH,SCMCF,SNF,TEND S,TEND W,WHITE	Discharged/transferred to skilled nursing facility (SNF) with Medicare \ncertification.	4
PV1-36	7	35	04	Discharged/transferred to an intermediate care facility (ICF)	CHES REST,DUR BASIC,ICF,OVID BASIC,SCMCF BASI	Discharged/transferred to an intermediate care facility (ICF)	4
PV1-36	8	35	05	Discharged/transferred to another type of institution not defined elsewhere in this code list	DET CHILDR,DEVOS,JAIL,OTH,OTH CHILD, XCLE,  XDAS, XFHF	Discharged/transferred to another type of institution not defined elsewhere \nin this code list	4
PV1-36	9	35	06	Discharged/transferred to home under care of organized home health service organization	06,HH-A&D,HH-ADVANCE,HH-BAYMED,HH-CLINTON,HH-COMM HH,HH-FRIENDS,HH-GENESYS,HH-GENTIVA,HH-GRATIOT,HH-GREAT,HH-H-CARE,HH-HEARTLA,HH-INGHAM,HH-MARLOT,HH-MAXIM,HH-MCLAREN,HH-MED PRO,HH-MHC,HH-MUNSON,HH-OTHER,HH-PHC,HH-SEASONS,HH-SPARROW,HH-TENCAR,HH-TLC,HH-VNA,PHC-HH	Discharged/transferred to home under care of organized home health service \norganization	4
PV1-36	10	35	07	Left against medical advice or discontinued care	AMA,LBTC,LWOBS,NOTREAT	Left against medical advice or discontinued care	4
PV1-36	11	35	08	Discharged/transferred to home under care of a Home IV provider			4
PV1-36	12	35	09	Admitted as an inpatient to this hospital	AIP	Admitted as Inpatient	4
PV1-36	13	35	10-19	Reserved for national assignment (Discontinued effective 10/16/03)			4
PV1-36	14	35	20	Expired	20,DOA,EXP,E	Expired	4
PV1-36	15	35	2l-29	Reserved for national assignment (Discontinued effective 10/16/03)			4
PV1-36	16	35	30	Still Patient	OB,PAIN,PAT	Still Patient	4
PV1-36	17	35	31-39	Reserved for national assignment (Discontinued effective 10/16/03)			4
PV1-36	18	35	40	Expired at home	HSP EXPHOM,EHM	Expired at home	4
PV1-36	19	35	41	Expired in a medical facility (e.g. hospital, SNF, ICF, or free standing hospice)	HSP EXPMED,EMF	Expired in a medical facility (e.g. hospital, SNF, ICF, or free standing \nhospice)	4
PV1-36	20	35	42	Expired - place unknown	HSP EXPUNK,EPU	Expired - place unknown	4
PV1-36	21	35	43	Discharged/transferred to a federal health care facility. (Effective 10/1/03)	ANNARBVA,SAG VA	Discharged/transferred to a federal health care facility. (Effective 10/1/03)	4
PV1-36	22	35	44-49	Reserved for national assignment			4
PV1-36	23	35	50	Hospice - home	50,HH-HOPE,HH-MHCHOSP,HH-SHIA,OTH HOSPIC, HPH	Hospice - home	4
PV1-36	24	35	51	Hospice - medical facility	HH-AVALON,HH-MHHOSPI, HPM	Hospice - medical facility	4
PV1-36	25	35	52-60	Reserved for national assignment			4
PV1-36	26	35	61	Discharged/transferred to hospital-based Medicare approved swing bed			4
PV1-36	27	35	62	Discharged/transferred to an inpatient rehabilitation facility (IRF) including rehabilitation distinct part units of a hospital. (Effective retroactive to 1/1/02.)	62,DOT,KAIRO,ODESSEY,OTH IPREH	Discharged/transferred to an inpatient rehabilitation facility (IRF) including rehabilitation distinct part units of a hospital. (Effective retroactive to 1/1/02.)	4
PV1-36	28	35	63	Discharged/transferred to a Medicare certified long term care hospital (LTCH).(Effective 5/9/02.)	MHC LTC,OTH LTC	Discharged/transferred to a Medicare certified long term care hospital \n(LTCH).(Effective 5/9/02.)	4
PV1-36	29	35	64	Discharged/transferred to a nursing facility certified under Medicaid but not certified under Medicare. (Effective 10/1/02.)			4
PV1-36	30	35	65	Discharged/transferred to a psychiatric hospital or psychiatric distinct part unit of a hospital. (Effective 4/1/04)	65,BRIDGE,CARO,CARSON,CEDAR,FOREST,GENCC,GRAT PHY,HAVWYCK,INGHAM GEM,KALZ,MHC SU,MIDMICH,OTH PSY,RIVENDELL,SPARROW SU,WHITEPINES	Discharged/transferred to a psychiatric hospital or psychiatric distinct \npart unit of a hospital. (Effective 4/1/04)	4
PV1-36	31	35	66	Discharged/transferred to a Critical Access Hospital (CAH). (Effective 1/1/06)	XCAH		4
PV1-36	32	35	67-70	Reserved for national assignment	OTH VA,OTHER,RIVERFR	Reserved for national assignment	4
PV1-36	33	35	71	Reserved for national assignment (Discontinued effective 4/1/03)			4
PV1-36	34	35	72	Reserved for national assignment (Discontinued effective 4/1/03)			4
PV1-36	35	35	73-99	Reserved for national assignment			4
IN1-17	2	39	MiHIN Value	Description	Hospital Value		4
IN1-17	3	39	FTH	Father 	F		2
IN1-17	4	39	ASC	Associate			4
IN1-17	5	39	BRO	Brother 	BR		4
IN1-17	6	39	CGV	Care giver 			4
IN1-17	7	39	CHD	Child	MD		4
IN1-17	8	39	DEP	Handicapped dependant			4
IN1-17	9	39	DOM	Life partner	LP		4
IN1-17	10	39	EMC	Emergency contact			4
IN1-17	11	39	EME	Employee			4
IN1-17	12	39	EMR	Employer			4
IN1-17	13	39	EXF	Extended family			4
IN1-17	14	39	FCH	Foster child 			4
IN1-17	15	39	FND	Friend	FR		4
IN1-17	16	39	FTH	Father 	FA		4
IN1-17	17	39	GCH	Grandchild	GD, GS		4
IN1-17	18	39	GRD	Guardian 			4
IN1-17	19	39	GRP	Grandparent 	GF, GM		4
IN1-17	20	39	MGR	Manager	CM		4
IN1-17	21	39	MTH	Mother 	MO		4
IN1-17	22	39	NCH	Natural child			4
IN1-17	23	39	NON	None			4
IN1-17	24	39	OAD	Other adult	FF, FM 		4
IN1-17	25	39	OTH	Other 	FO		4
IN1-17	26	39	OWN	Owner			4
IN1-17	27	39	PAR	Parent 	PA		4
IN1-17	28	39	SCH	Stepchild 	SC		4
IN1-17	29	39	SEL	Self	S		4
IN1-17	30	39	SIB	Sibling 			4
IN1-17	31	39	SIS	Sister 	SI		4
IN1-17	32	39	SPO	Spouse	HU,WI		4
IN1-17	33	39	TRA	Trainer			4
IN1-17	34	39	UNK	Unknown	UNK		4
IN1-17	35	39	WRD	Ward of court	WC		4
IN1-17	36	39	AUN	Aunt 	AU		4
IN1-17	37	39	DAU	Daughter	DA		4
IN1-17	38	39	EXS	Ex Spouse 			4
IN1-17	39	39	EXH	Ex-husband			4
IN1-17	40	39	EXW	Ex-wife 			4
IN1-17	41	39	INL	In Law 			4
IN1-17	42	39	LEG	Legal Guardian 	HD		4
IN1-17	43	39	SON	Son (S)	SO		4
IN1-17	44	39	STP	Step Parent (STP)	SF, SM		4
IN1-17	45	39	STS	Step Sibling			4
IN1-17	46	39	UN	Uncle (UN)	UN		4
IN1	2	42	IN1-3 Value	IN1-4 Value	Payer		4
IN1	3	42	1001	BCN	BCBSM		2
IN1	4	42	3D MAMM	MHC FOUNDATION			00000000
IN1	5	42	44 NORTH	44 NORTH			00000000
IN1	6	42	AA AAAMI	AAA MICHIGAN			00000000
IN1	7	42	AA ALLST	ALLSTATE INS			00000000
IN1	8	42	AA AUTO	AUTO OWNERS INSURANCE			00000000
IN1	9	42	AA AUTOMI	AUTO OWNERS INSURANCE			00000000
IN1	10	42	AA CITIZE	Citizen Auto Ins			00000000
IN1	11	42	AA ESUR	ESURANCE			00000000
IN1	12	42	AA FAR	FARM BUREAU INS   LANSING			00000000
IN1	13	42	AA FARM	FARMERS INSURANCE			00000000
IN1	14	42	AA FOR	FOREMOST AUTO INS			00000000
IN1	15	42	AA FRAMU	FRANKENMUTH INS/MITCHELL WCS			00000000
IN1	16	42	AA GEIAU	GEICO AUTO INS			00000000
IN1	17	42	AA GMAC	GMAC			00000000
IN1	18	42	AA GRANGE	GRANGE AUTO INS			00000000
IN1	19	42	AA HARMI	HARLEYSVILLE MIDWEST CLAIMS			00000000
IN1	20	42	AA HAS	HASTING MUTUAL INS			00000000
IN1	21	42	AA LIBMU	LIBERTY MUTUAL			00000000
IN1	22	42	AA MEE	MEEMIC INSURANCE CO			00000000
IN1	23	42	AA MICHMI	MICHIGAN MILLERS MUTUAL			00000000
IN1	24	42	AA OTHAA	OTHER AUTO ACCIDENT			00000000
IN1	25	42	AA PIOST	PIONEER STATE MUTUAL			00000000
IN1	26	42	AA PROG	PROGRESSIVE AUTO INS			00000000
IN1	27	42	AA PROMI	PROGRESSIVE AUTO INS			00000000
IN1	28	42	AA SAFE	SAFECO			00000000
IN1	29	42	AA STATE	STATE FARM AUT INS  MI PIP			00000000
IN1	30	42	AA TITAN	TITAN INSURANCE			00000000
IN1	31	42	AARP	AARP HEALTH CARE OPTIONS			00000000
IN1	32	42	AARP2	AARP			00000000
IN1	33	42	AARP3	AARP HEALTH CARE OPTIONS			00000000
IN1	34	42	AARP4	AARP			00000000
IN1	35	42	ADMCO	ADMINISTRATIVE CONCEPTS INC			00000000
IN1	36	42	ADVCOR	ADVANCED CORRECTIONAL HEALTH			00000000
IN1	37	42	ADVO	ADVOMAS			00000000
IN1	38	42	AET	AETNA US HEALTHCARE			00000000
IN1	39	42	AET OTHER	Aetna (2nd Aetna Only)			00000000
IN1	40	42	AET PREF	AETNA PREFERRED			00000000
IN1	41	42	AFLAC	AFLAC MCR SUPPLEMENTAL			00000000
IN1	42	42	ALLHE	ALLIANCE HEALTH AND LIFE INS			00000000
IN1	43	42	ALLI/COF	Allied Benefit Syst- Cofinity			00000000
IN1	44	42	AMA	AMA			00000000
IN1	45	42	AMENA/COF	American National- Cofinity			00000000
IN1	46	42	AMER FAM	AMERICAN FAMILY LIFE ASSURANCE			00000000
IN1	47	42	AMER POS	AMERICAN POSTAL WORKERS UNION			00000000
IN1	48	42	AMERA	AMERA PLAN			00000000
IN1	49	42	AMERCO	AMERICAN COMMUNITY			00000000
IN1	50	42	AMERMA	AMERICAN MARITIME OFFICERS			00000000
IN1	51	42	ASR/COF	ASR- Cofinity			00000000
IN1	52	42	ASRCO	ASR CORPORATION			00000000
IN1	53	42	ASSCAMI	ASSURECARE			00000000
IN1	54	42	AUTBEMI	AUTOMATED BENEFIT SERV			00000000
IN1	55	42	AUTGA/COF	Automated Group Admin-Cofinity			00000000
IN1	56	42	BAN	BANKERS FIDELITY			00000000
IN1	57	42	BANK	BANKERS LIFE INSURANCE			00000000
IN1	58	42	BC FED	FEDERAL BLUE CROSS			00000000
IN1	59	42	BC MHC	BLUE CROSS MEMORIAL HEALTHCARE			00000000
IN1	60	42	BC OTHER	BCBSMI(2ND BC MI ONLY)			00000000
IN1	61	42	BCBS	BLUE CROSS BLUE SHIELD MI			00000000
IN1	62	42	BCCCPMHA	MICHIGAN BCCCP			00000000
IN1	63	42	BCN	BCN OF EAST MI			00000000
IN1	64	42	BCN OTHER	BCN OF EAST MI (2ND BCN ONLY)			00000000
IN1	65	42	CH WPS	TRICARE/WPS FOR LIFE			00000000
IN1	66	42	CHAMPVA	CHAMPVA CENTER			00000000
IN1	67	42	CHRCA	CHRISTIAN CARE/MEDI SHARE			00000000
IN1	68	42	CIG/SIS	CIGNA/SISCO			00000000
IN1	69	42	CIGNA	CIGNA HEALTHCARE			00000000
IN1	70	42	CMH ALC	NORTHERN AFFILIATION			00000000
IN1	71	42	CMH ALLEG	Allegan County CMH			00000000
IN1	72	42	CMH BAY	ACCESS ALLIANCE/BAY/ARENAC CMH			00000000
IN1	73	42	CMH BRA	BRANCH CO COMM MENTAL HEALTH			00000000
IN1	74	42	CMH CLARE	CMH FOR CENTRAL MICHIGAN			00000000
IN1	75	42	CMH GEN	GENESSEE CO MENTAL HEALTH			00000000
IN1	76	42	CMH GRAT	GRATIOT CO COMM MENTAL HEALTH			00000000
IN1	77	42	CMH HUR	HURON BEHAVIORAL HEALTH			00000000
IN1	78	42	CMH ING	INGHAM CO COM MENTAL HEALTH			00000000
IN1	79	42	CMH ION	IONIA CO CMH			00000000
IN1	80	42	CMH ISA	ISABELLA CO CMH			00000000
IN1	81	42	CMH JACK	LIFEWAYS MANAGED CARE ORGANIZA			00000000
IN1	82	42	CMH KAL	KALAMAZOO COUNTY CMH			00000000
IN1	83	42	CMH KENT	KENT CO			00000000
IN1	84	42	CMH LAKE	LAKE CO CMH			00000000
IN1	85	42	CMH LAP	LAPEER COUNTY CMH			00000000
IN1	86	42	CMH LIV	LIVINGSTON COUNTY CMH			00000000
IN1	87	42	CMH MAC	MACOMB COUNTY CMH			00000000
IN1	88	42	CMH MES	MECOSTA CO MENTAL HEALTH			00000000
IN1	89	42	CMH MONT	MONTCALM CO CMH			00000000
IN1	90	42	CMH MUS	MUSKEGON CO CMH			00000000
IN1	91	42	CMH NEW	NEWAYGO COMM MENTAL HEALTH			00000000
IN1	92	42	CMH NOREA	NORTHEAST MI CO CMH			00000000
IN1	93	42	CMH NORL	NORTHERN LAKES CMH			00000000
IN1	94	42	CMH OAK	OAKLAND CO			00000000
IN1	95	42	CMH OSCO	OSCODA CO CMH			00000000
IN1	96	42	CMH ROS	ROSCOMMON CO COM MENTAL HEALTH			00000000
IN1	97	42	CMH SAG	SAGINAW COMM MENTAL HEALTH			00000000
IN1	98	42	CMH SAN	SANILAC CO			00000000
IN1	99	42	CMH SHIA	SHIAWASSEE COUNTY CMH AUTHORIT			00000000
IN1	100	42	CMH STCLA	THUMB ALLIANCE			00000000
IN1	101	42	CMH TUS	ACCESS ALLIANCE OF MICHIGAN			00000000
IN1	102	42	CMH WAS	WASHTENAW CO COMM SUPPORT			00000000
IN1	103	42	CMH WAY	WAYNE CO MENTAL HEALTH			00000000
IN1	104	42	COFIN	COFINITY			00000000
IN1	105	42	COFIN ADV	Cofinity Advantage			00000000
IN1	106	42	COLPE	COLONIAL PENN LIFE			00000000
IN1	107	42	COMB	COMBINED INSURANCE CO OF AMERI			00000000
IN1	108	42	COMWA	COMBINED INSURANCE			00000000
IN1	109	42	CONHEIL	CONSECO HEALTH			00000000
IN1	110	42	CONHEIN	CONSECO SENIOR HEALTH			00000000
IN1	111	42	CONLI	CONTINENTAL LIFE INS			00000000
IN1	112	42	CORES/COF	CoreSource- Cofinity			00000000
IN1	113	42	CORREC	Correctional Recovery			00000000
IN1	114	42	CORSO	CORESOURCE			00000000
IN1	115	42	EBMS/COF	EBMS-EE's -Cofinity			00000000
IN1	116	42	EMPBEN LO	EMPLOYEE BENEFIT LOGISTICS			00000000
IN1	117	42	EMPHEMI	EMPLOYEE HEALTH INS OF MI			00000000
IN1	118	42	FA115	FINANCIAL ASSISTANCE 115%			00000000
IN1	119	42	GEHA	GOVERNMENT EMPLOYEES HOSPITAL			00000000
IN1	120	42	GELI	GE LIFE AND ANNUITY/MCR SUPPL			00000000
IN1	121	42	GELIPA	GE LIFE AND ANNUITY			00000000
IN1	122	42	GOLRU	GOLDEN RULE			00000000
IN1	123	42	GOLRUIN	GOLDEN RULE INS CO			00000000
IN1	124	42	GOLRUUT	GOLDEN RULE INS			00000000
IN1	125	42	GREWEMO	GREAT WEST LIFE/CIGNA			00000000
IN1	126	42	GRORE/COF	Group Resources- Cofinity			00000000
IN1	127	42	HAP	HAP PREFERRED PPO			00000000
IN1	128	42	HAP HMO	HAP HMO			00000000
IN1	129	42	HAP OTHER	HAP (2ND HAP ONLY)			00000000
IN1	130	42	HAP OUT	HAP Out of network			00000000
IN1	131	42	HAP/CIGNA	CIGNA			00000000
IN1	132	42	HAR	GE LIFE AND ANNUITY			00000000
IN1	133	42	HARLICT	HARTFORD LIFE SENIOR MEDICAL			00000000
IN1	134	42	HARLIIA	HARTFORD LIFE			00000000
IN1	135	42	HDI	HEALTH DELIVERY INC			00000000
IN1	136	42	HDI B	HEALTH DELIVERY INC B			00000000
IN1	137	42	HDI C	HEALTH DELIVERY INC C			00000000
IN1	138	42	HDI D	HEALTH DELIVERY INC D			00000000
IN1	139	42	HDI E	HEALTH DELIVERY INC E			00000000
IN1	140	42	HDI F	HEALTH DELIVERY INC F			00000000
IN1	141	42	HEAADMI	HEALTH ADVANTAGE			00000000
IN1	142	42	HEAAL	HEALTH ALLIANCE PLAN			00000000
IN1	143	42	HEALT	HEALTH ALLIANCE PLAN			00000000
IN1	144	42	HEHR1	HEHR INTERNATIONAL			00000000
IN1	145	42	HEHRG	HEHR GLASS CO			00000000
IN1	146	42	HUMHE	HUMANA LIFE			00000000
IN1	147	42	HUMKY	HUMANA CLAIMS OFFICE			00000000
IN1	148	42	HUMME	HUMANA MEDICAL PLAN			00000000
IN1	149	42	JFP	JFP BENEFIT MANAGEMENT INC			00000000
IN1	150	42	KAIFO	KAISER PERMANENTE INS CO KPIC			00000000
IN1	151	42	KEYBE/COF	Key Benefit Admin- Cofinity			00000000
IN1	152	42	KLACO	KLAIS & COMPANY INC			00000000
IN1	153	42	LL LIAB	LIABILITY			00000000
IN1	154	42	LL OTHLIA	OTHER LIABILITY			00000000
IN1	155	42	LOOCO	LOOMIS COMPANY			00000000
IN1	156	42	MAG	MAGELLAN CLAIMS			00000000
IN1	157	42	MAIL	MAIL HANDLERS BENEFIT PLAN			00000000
IN1	158	42	MCD	MEDICAID			00000000
IN1	159	42	MCD BC	BC Complete			00000000
IN1	160	42	MCD BCHMP	MCD BC Complete HMP			00000000
IN1	161	42	MCD GEN	GENESEE HEALTH PLAN			00000000
IN1	162	42	MCD HMP	MCD Healthy Michigan			00000000
IN1	163	42	MCD MCL	MCLAREN HEALTH PLAN MCD			00000000
IN1	164	42	MCD MCLHM	MCLAREN HEALTHY MI PLAN			00000000
IN1	165	42	MCD MER	MERIDIAN HEALTH PLAN OF MI			00000000
IN1	166	42	MCD MERHM	MERIDIAN HEALTHY MI PLAN			00000000
IN1	167	42	MCD MIDHM	MIDWEST HEALTH PLAN HEALTHY MI			00000000
IN1	168	42	MCD MIDM	MID MICHIGAN HEALTH PLAN			00000000
IN1	169	42	MCD MIDW	MIDWEST HEALTH PLAN			00000000
IN1	170	42	MCD MOL	MOLINA HEALTHCARE MCD			00000000
IN1	171	42	MCD MOLHM	MOLINA HEALTHY MI PLAN			00000000
IN1	172	42	MCD MOMS	MI MEDICAID MOMS PROGRAM			00000000
IN1	173	42	MCD OTH	MEDICAID OTHER			00000000
IN1	174	42	MCD PRI	MEDICAID PRIORITY HEALTH			00000000
IN1	175	42	MCD PRIHM	PRIORITY HEALTH HEALTHY MI PLA			00000000
IN1	176	42	MCD SAG	SAGINAW HEALTH PLAN			00000000
IN1	177	42	MCD SD	MEDICAID SPEND DOWN			00000000
IN1	178	42	MCD UHC	MEDICAID UNITED HEALTHCARE			00000000
IN1	179	42	MCD UNIHM	UNITED HEALTHCARE HEALTHY MI			00000000
IN1	180	42	MCD UP	MCD UPPER PENISULA			00000000
IN1	181	42	MCLHE	MCLAREN HEALTH ADVANTAGE			00000000
IN1	182	42	MCLHEPL	MCLAREN HEALTHPLAN COM			00000000
IN1	183	42	MCR	MEDICARE			00000000
IN1	184	42	MCR A	Medicare Part A			00000000
IN1	185	42	MCR AET	AETNA MEDICARE			00000000
IN1	186	42	MCR BCBS	MEDICARE PLUS BLUE BCBS OF MI			00000000
IN1	187	42	MCR BCN	BCN MCR ADVANTAGE HMO			00000000
IN1	188	42	MCR CIG	CIGNA MEDICARE			00000000
IN1	189	42	MCR FID	FIDELIS SECURE CARE OF MI			00000000
IN1	190	42	MCR GL PA	Medicare Great Lakes Pace			00000000
IN1	191	42	MCR GOL	GOLDEN RULE INS CO MCR			00000000
IN1	192	42	MCR HAPH	HAP MEDICARE HMO			00000000
IN1	193	42	MCR HAPOU	HAP MCR Out of Network			00000000
IN1	194	42	MCR HAPP	HAP MEDICARE PPO			00000000
IN1	195	42	MCR HUM	HUMANA MEDICARE			00000000
IN1	196	42	MCR MCL	MCLAREN MEDICARE ADVANTAGE			00000000
IN1	197	42	MCR MER	Meridian Medicare			00000000
IN1	198	42	MCR MOL	MCR Molina			00000000
IN1	199	42	MCR OTHER	MISC MCR HMO			00000000
IN1	200	42	MCR PHP	Medicare PHP			00000000
IN1	201	42	MCR PRI	PRIORITY HEALTH MCR ADVANTAGE			00000000
IN1	202	42	MCR RR	WPS MEDICARE RR			00000000
IN1	203	42	MCR UHC	UNITED HEALTHCARE MEDICARE			00000000
IN1	204	42	MCR UNIC	UNICARE MCR HMO			00000000
IN1	205	42	MEDI	MEDIPLUS			00000000
IN1	206	42	MEDMU	MEDICAL MUTUAL OF OHIO			00000000
IN1	207	42	MERHE	MERITAIN HEALTH			00000000
IN1	208	42	MERI/COF	Meritain Okemos- Cofinity			00000000
IN1	209	42	MI BC	BLUE CROSS MI CHILD			00000000
IN1	210	42	MI MCD	MEDICAID MI CHILD			00000000
IN1	211	42	MI MCLA	MCLAREN MI CHILD			00000000
IN1	212	42	MI MER	MERIDIAN MI CHILD			00000000
IN1	213	42	MI MOLINA	MOLINA MI CHILD			00000000
IN1	214	42	MICRELA	MICHGIAN REHABILITATION SERVIC			00000000
IN1	215	42	MUL	MULTIPLAN			00000000
IN1	216	42	MUT OMAHA	MUTUAL OF OMAHA			00000000
IN1	217	42	MUTPR	MUTUAL PROTECTIVE MEDICO LIFE			00000000
IN1	218	42	MVP	MVP SELECT CARE			00000000
IN1	219	42	NALC	NALC HEALTH BENEFIT SERVICES			00000000
IN1	220	42	NGSAM	NGS CORESOURCE			00000000
IN1	221	42	NIPPO/COF	Nippon Life Ins- Cofinity			00000000
IN1	222	42	OTH.MISC1	Misc Ins Primary Only			00000000
IN1	223	42	OTH.MISC2	Misc secondary ins only			00000000
IN1	224	42	OTH.OK	OTHER MISC INS OK			00000000
IN1	225	42	PAI	PAI			00000000
IN1	226	42	PEND RS	MEDICAID PENDING			00000000
IN1	227	42	PHP ACA	Physicians Health Plan ACA			00000000
IN1	228	42	PHPMM	PHPMM			00000000
IN1	229	42	PHPMM OTH	PHPMM OTH			00000000
IN1	230	42	PHPMM-TPA	PHPMM-TPA			00000000
IN1	231	42	PHYMU	PHYSICIANS MUTUAL			00000000
IN1	232	42	PRAIR	PRAIRIE STATES ENTERPRISES INC			00000000
IN1	233	42	PREFO/COF	Preferred One Admin- Cofinity			00000000
IN1	234	42	PRIFICO	PRINCIPAL FINANCIAL GROUP			00000000
IN1	235	42	PRIHEMI	GTESS OPERATIONS CENTER			00000000
IN1	236	42	PRIHEWI	PRIORITY HEALTH MUL			00000000
IN1	237	42	PRILI	PRINCIPAL LIFE INSURANCE			00000000
IN1	238	42	PRIO/COF	Priority Health Manag-Cofinity			00000000
IN1	239	42	PRIOR	PRIORITY HEALTH			00000000
IN1	240	42	PROBE	PROFESSIONAL BENEFITS SERVICES			00000000
IN1	241	42	PROCL/COF	Pro Claim Plus Inc- Cofinity			00000000
IN1	242	42	PROFR	PROVIDER FRIENDLY NETWORK			00000000
IN1	243	42	RMSCO/COF	RMSCO Inc- Cofinity			00000000
IN1	244	42	SANE	SANE-CRIME VICTIM SERV COMM			00000000
IN1	245	42	SEC	SECURA			00000000
IN1	246	42	SECHOFL	SECURE HORIZONS			00000000
IN1	247	42	SILVER	SILVER STAR/FOUNDATION			00000000
IN1	248	42	SISC/COF	Sisco Self Ins Svs-Cofinity			00000000
IN1	249	42	SP	SELF PAY INSURANCE			00000000
IN1	250	42	STAAD	STAR ADMINISTRATIVE SERVICES			00000000
IN1	251	42	STAIL01	STATE FARM INSURANCE GROUP			00000000
IN1	252	42	STATX	STANDARD LIFE & ACCIDENT INS			00000000
IN1	253	42	TRI EAST	TRICARE			00000000
IN1	254	42	TRI OVER	TRICAE OVERSEAS			00000000
IN1	255	42	TRI PRIM	TRICARE PRIME REMOTE			00000000
IN1	256	42	TRI WEST	WPS Tricare West			00000000
IN1	257	42	TRUMA	TRUSTMARK INSURANCE CO			00000000
IN1	258	42	TRUMA/COF	Trustmark- Cofinity			00000000
IN1	259	42	UHC	UNITED HEALTHCARE			00000000
IN1	260	42	UHC OTHER	UHC (2nd UHC Only)			00000000
IN1	261	42	UMR/COF	UMR- Cofinity			00000000
IN1	262	42	UNI AMER	UNITED AMERICAN INS			00000000
IN1	263	42	UNI UHC	UHC CHOICE PLUS  DEFINITY HP			00000000
IN1	264	42	UNIBEUT	UNITED BEHAVIORAL HEALTH			00000000
IN1	265	42	UNICOTR	UNITED COMMERCIAL TRAVELERS			00000000
IN1	266	42	UNIMEOH	UMR			00000000
IN1	267	42	UNIMIUT	UNITED MINE WORKERS ASSOC			00000000
IN1	268	42	UNITE	UNITED TEACHER ASSOC INS CO			00000000
IN1	269	42	USAA	USAA CLAIMS ATTN HEALTH CLAIMS			00000000
IN1	270	42	VA ANNARB	DEPT OF VETERAN AFFAIRS			00000000
IN1	271	42	VA BATTLE	Dept of Veterans Affairs			00000000
IN1	272	42	VA DETROI	Dept of Veterans Affairs			00000000
IN1	273	42	VA SAGINA	Dept of Veterans Affairs			00000000
IN1	274	42	VALGM	VALUE OPTIONS GM			00000000
IN1	275	42	VALOPNY	VALUE OPTIONS			00000000
IN1	276	42	VALOPTX2	VALUE OPTIONS			00000000
IN1	277	42	WAU	WAUSAU INSURANCE			00000000
IN1	278	42	WAUWI01	WAUSAU BENEFITS			00000000
IN1	279	42	WC	Workers Compensation			00000000
IN1	280	42	WC MHC	COVERYS			00000000
IN1	281	42	WEBTP/COF	WEB TPA- Cofinity			00000000
IN1	282	42	WEBTPA	WEB TPA			00000000
IN1	283	42	WEY	WEYCO			00000000
IN1	284	42	XXX	XXX			00000000
IN1	285	42	MCR A	MEDICARE WPS PART A ONLY	MCR		00000000
IN1	286	42	MCR TR	MEDICARE WPS	MCR		00000000
IN1	287	42	MEDI	MEDIPLUS			00000000
IN1	288	42	MEDICO	MEDICO INS CO			00000000
IN1	289	42	MEDMU	MEDICAL MUTUAL OF OHIO			00000000
IN1	290	42	MEDMU3	MEDICAL MUTUAL OF OH			00000000
IN1	291	42	MEE	MEEMIC INSURANCE CO			00000000
IN1	292	42	MEGALI	MEGA LIFE AND HEALTH INS CO			00000000
IN1	293	42	MERHE	MERITAIN HEALTH			00000000
IN1	294	42	MERIMCR	MERIDIAN PRIME MEDICARE	MCR		00000000
IN1	295	42	MES CO	MECOSTA CO MENTAL HEALTH			00000000
IN1	296	42	MI BC	BLUE CROSS MI CHILD	MCD		00000000
IN1	297	42	MI HP	HEALTHPLUS MI CHILD	MCD		00000000
IN1	298	42	MI MCD	MEDICAID MI CHILD	MCD		00000000
IN1	299	42	MI MCLA	MCLAREN MI CHILD	MCD		00000000
IN1	300	42	MI MER	MERIDIAN MI CHILD	MCD		00000000
IN1	301	42	MI MOLINA	MOLINA MI CHILD	MOL		00000000
IN1	302	42	MI PHP	PHP MI CHILD	MCD		00000000
IN1	303	42	MICHMI	MICHIGAN MILLERS MUTUAL			00000000
IN1	304	42	MICRELA	MICHGIAN REHABILITATION SERVIC			00000000
IN1	305	42	MICREOW	MICHIGAN REHAB SERVICES			00000000
IN1	306	42	MICUN	MI UNITED FOOD COMM WORKERS			00000000
IN1	307	42	MID CO	MIDLAND CO CMH OF CENTRAL MI			00000000
IN1	308	42	MOLMCR	MOLINA MEDICARE	MCR		00000000
IN1	309	42	MONR CO	MONROE CO CMH			00000000
IN1	310	42	MONT CO	MONTCALM CO CMH			00000000
IN1	311	42	MUL	MULTIPLAN			00000000
IN1	312	42	MUS CO	MUSKEGON CO CMH			00000000
IN1	313	42	MUT OMAHA	MUTUAL OF OMAHA			00000000
IN1	314	42	MUTPR	MUTUAL PROTECTIVE MEDICO LIFE			00000000
IN1	315	42	MVP	MVP SELECT CARE			00000000
IN1	316	42	NALC	NALC HEALTH BENEFIT SERVICES			00000000
IN1	317	42	NATHEOH	NATIONWIDE HEALTH PLAN			00000000
IN1	318	42	NATWI	NATIONWIDE HEALTH PLAN			00000000
IN1	319	42	NEW CO	NEWAYGO COMM MENTAL HEALTH			00000000
IN1	320	42	NGSAM	NGS CORESOURCE			00000000
IN1	321	42	NOR CO	NORTHERN LAKES CMH			00000000
IN1	322	42	NOR2 CO	NORTHERN LAKES CMH			00000000
IN1	323	42	NORCO CO	NORTH COUNTRY COM MENTAL HEALT			00000000
IN1	324	42	NOREA CO	NORTHEAST MI CO CMH			00000000
IN1	325	42	OAK CO	OAKLAND CO			00000000
IN1	326	42	OCE CO	OCEANA CO WEST MICHIGAN CMH			00000000
IN1	327	42	OSCO CO	OSCODA CO CMH			00000000
IN1	328	42	OTH.1	OTHER INS.			00000000
IN1	329	42	OTH.AUTO	OTHER AUTO ACCIDENT			00000000
IN1	330	42	OTH.LIAB	OTHER LIABILITY			00000000
IN1	331	42	OTH.MCRHMO	MISC MCR HMO	MCR		00000000
IN1	332	42	OTH.MISC 1	MISC. INS PRIMARY ONLY			00000000
IN1	333	42	OTH.MISC 1	AIG			00000000
IN1	334	42	OTH.MISC 1	ASC			00000000
IN1	335	42	OTH.MISC 1	BROADSPIRE			00000000
IN1	336	42	OTH.MISC 1	CINCINNATI INSURANCE COMPANIES			00000000
IN1	337	42	OTH.MISC 1	CITIZENS INSURANCE			00000000
IN1	338	42	OTH.MISC 1	CLAIMS MANAGEMENT INC			00000000
IN1	339	42	OTH.MISC 1	ESIS INSURANCE			00000000
IN1	340	42	OTH.MISC 1	ESIS-ACE			00000000
IN1	341	42	OTH.MISC 1	FRANKENMUTH INSURANCE			00000000
IN1	342	42	OTH.MISC 1	GENEX			00000000
IN1	343	42	OTH.MISC 1	HARTFORD			00000000
IN1	344	42	OTH.MISC 1	HIGHMARK BLUE CROSS OF PA	BC		00000000
IN1	345	42	OTH.MISC 1	KEMPER NATIONAL SERVICES			00000000
IN1	346	42	OTH.MISC 1	LIBERTY MUTUAL INSURANCE GROUP			00000000
IN1	347	42	OTH.MISC 1	MCD- UNITED HEALTHCARE - PHP	MCD		00000000
IN1	348	42	OTH.MISC 1	MEDICAID GENERAL ASSISTANCE	MCD		00000000
IN1	349	42	OTH.MISC 1	MEDICAID GREAT LAKES	MCD		00000000
IN1	350	42	OTH.MISC 1	MEIJER BENEFIT DEPT			00000000
IN1	351	42	OTH.MISC 1	OLIVER WOODS			00000000
IN1	352	42	OTH.MISC 1	PPOM/ADVANTUS*USE COFIN			00000000
IN1	353	42	OTH.MISC 1	TRAVELERS INSURANCE			00000000
IN1	354	42	OTH.MISC 1	MISC. INS PRIMARY ONLY			00000000
IN1	355	42	OTH.MISC 2	MISC SECONDARY INS ONLY			00000000
IN1	356	42	OTH.OK	OTHER MISC INS OK			00000000
IN1	357	42	OTT CO	OTTAWA COMM MENTAL HEALTH			00000000
IN1	358	42	PACADMCR	PACIFICARE ADM SERVICES			00000000
IN1	359	42	PAI	PAI			00000000
IN1	360	42	PARHE	PARAMOUNT HEALTH CARE			00000000
IN1	361	42	PCIP	PCIP-FED PREEXISTING COND PLAN			00000000
IN1	362	42	PENDING RS	PENDING MEDICAID			00000000
IN1	363	42	PHCSKS	PHCS			00000000
IN1	364	42	PHCSTX	PHCS			00000000
IN1	365	42	PHCSWI	PHCS NETWORK			00000000
IN1	366	42	PHP	UNITED HEALTHCARE-PHP LANSING			00000000
IN1	367	42	PHP ACA	PHYSICIANS HEALTH PLAN ACA			FFFFFF00
IN1	368	42	PHP HIP	PHP HIP			00000000
IN1	369	42	PHP PSYCH2	PHP BEHAVIORAL HEALTH			00000000
IN1	370	42	PHPMM	PHPMM			00000000
IN1	371	42	PHPMM OTH	PHPMM OTH			00000000
IN1	372	42	PHPMM-TPA	PHPMM-TPA			00000000
IN1	373	42	PHYMU	PHYSICIANS MUTUAL			00000000
IN1	374	42	PIOST	PIONEER STATE MUTUAL			00000000
IN1	375	42	PPOM	PPOM/ADVANTUS*USE COFIN			00000000
IN1	376	42	PRAIR	PRAIRIE STATES ENTERPRISES INC			00000000
IN1	377	42	PRE CO	PRESQUE CO NORTHEAST CMH			00000000
IN1	378	42	PRIFICO	PRINCIPAL FINANCIAL GROUP			00000000
IN1	379	42	PRIHEMCR	PRIORITY HEALTH MCR ADVANTAGE	PR		00000000
IN1	380	42	PRIHEMI	GTESS OPERATIONS CENTER	PR		00000000
IN1	381	42	PRIHEWI	PRIORITY HEALTH MUL	PR		00000000
IN1	382	42	PRILI	PRINCIPAL LIFE INSURANCE			00000000
IN1	383	42	PRIOR	PRIORITY HEALTH	PR		00000000
IN1	384	42	PRIPHNC	PRIMARY PHYSICIANS CARE			00000000
IN1	385	42	PROAD	PROGRESSIVE ADMINISTRATORS			00000000
IN1	386	42	PROBE	PROFESSIONAL BENEFITS SERVICES			00000000
IN1	387	42	PROCA	PROCARE HEALTH PLAN			00000000
IN1	388	42	PROFR	PROVIDER FRIENDLY NETWORK			00000000
IN1	389	42	PROG	PROGRESSIVE AUTO INS			00000000
IN1	390	42	PROGR	PROVIDERS GROUP			00000000
IN1	391	42	PROMI	PROGRESSIVE AUTO INS			00000000
IN1	392	42	PYRLI	PYRAMID LIFE INS CO			00000000
IN1	393	42	ROS CO	ROSCOMMON CO COM MENTAL HEALTH			00000000
IN1	394	42	RUR	RURAL CARRIER BENEFIT PLAN			00000000
IN1	395	42	SAG CO	SAGINAW COMM MENTAL HEALTH			00000000
IN1	396	42	SAL	CHESTERFIELD RESOURCES INC			00000000
IN1	397	42	SAN CO	SANILAC CO			00000000
IN1	398	42	SANE	SANE-CRIME VICTIM SERV COMM			00000000
IN1	399	42	SEC	SECURA			00000000
IN1	400	42	SEC HOR	SECURE HORIZONS			00000000
IN1	401	42	SECHOFL	SECURE HORIZONS			00000000
IN1	402	42	SECHOR2MCR	SECURE HORIZON DIRECT	MCR		00000000
IN1	403	42	SENLI	SENTRY LIFE INSURANCE			00000000
IN1	404	42	SEVCOIN	SEVEN CORNERS			00000000
IN1	405	42	SHIA CO	SHIAWASSEE COUNTY CMH AUTHORIT			00000000
IN1	406	42	SILVER	SILVER STAR/FOUNDATION			00000000
IN1	407	42	SIS	SISCO			00000000
IN1	408	42	SOUWE BEH	SOUTHWEST MI BEHAVIORAL HEALTH			FFFFFF00
IN1	409	42	SP	SELF PAY INSURANCE			00000000
IN1	410	42	SRC	SRC			00000000
IN1	411	42	STAAD	STAR ADMINISTRATIVE SERVICES			00000000
IN1	412	42	STAFAIL01	STATE FARM AUT INS  MI PIP			00000000
IN1	413	42	STAFAMI	STATE FARM INSURANCE			00000000
IN1	414	42	STAIL01	STATE FARM INSURANCE GROUP			00000000
IN1	415	42	STAMA	STARMARK			00000000
IN1	416	42	STATX	STANDARD LIFE & ACCIDENT INS			00000000
IN1	417	42	STCLAIR CO	THUMB ALLIANCE			00000000
IN1	418	42	STJO CO	ST JOSEPH CMH			00000000
IN1	419	42	STU	STUDENT RESOURCES UNITEDHEALTH			00000000
IN1	420	42	TITMI	TITAN INSURANCE			00000000
IN1	421	42	TRAIL	THE TRAVELERS			00000000
IN1	422	42	TRI EAST	TRICARE EAST			00000000
IN1	423	42	TRUMA	TRUSTMARK INSURANCE CO			00000000
IN1	424	42	TUS CO	TUSCOLA BEHAVIOR HEALTH SYSTEM			00000000
IN1	425	42	UNI AMER	UNITED AMERICAN INS			00000000
IN1	426	42	UNI UHC	UHC CHOICE PLUS  DEFINITY HP			00000000
IN1	427	42	UNIBEUT	UNITED BEHAVIORAL HEALTH			00000000
IN1	428	42	UNICAIL	UNICARE LIFE & HEALTH INS CO			00000000
IN1	429	42	UNICAIL07	UNICARE LIFE & HEALTH INS CO			00000000
IN1	430	42	UNICATX3	UNICARE MCR HMO			00000000
IN1	431	42	UNICO	UNITED COMMERCIAL TRAVELERS			00000000
IN1	432	42	UNICOTR	UNITED COMMERCIAL TRAVELERS			00000000
IN1	433	42	UNIHE	UNITED HEALTHCARE			00000000
IN1	434	42	UNIHEFL	UNITED HEALTHCARE			00000000
IN1	435	42	UNIHEGA	UNITED HEALTHCARE			00000000
IN1	436	42	UNIHEGA03	UNITED HEALTHCARE			00000000
IN1	437	42	UNIHETXMCR	UNITED HEALTHCARE MEDICARE	MCR		00000000
IN1	438	42	UNIHEUT01	UNITED HEALTHCARE			00000000
IN1	439	42	UNIHEUT1	UNITED HEALTHCARE CENTER			00000000
IN1	440	42	UNIME	UNIFORM MEDICAL PLAN			00000000
IN1	441	42	UNIMEOH	UMR			00000000
IN1	442	42	UNIMIUT	UNITED MINE WORKERS ASSOC			00000000
IN1	443	42	UNIPAC	UNION PACIFIC RAILROAD			00000000
IN1	444	42	UNITE	UNITED TEACHER ASSOC INS CO			00000000
IN1	445	42	USAA	USAA CLAIMS ATTN HEALTH CLAIMS			00000000
IN1	446	42	VA ANNARB	VA ANN ARBOR HEALTH CARE			00000000
IN1	447	42	VA BATTLEC	DEPT OF VETERAN AFFAIRS			00000000
IN1	448	42	VA DETROIT	DEPT OF VETERAN AFFAIRS			00000000
IN1	449	42	VA SAGINAW	DEPT OF VETERAN AFFAIRS			00000000
IN1	450	42	VALGM	VALUE OPTIONS/BEACON HEALTH GM			00000000
IN1	451	42	VALOPNY	VALUE OPTIONS			00000000
IN1	452	42	VALOPTX2	VALUE OPTIONS			00000000
IN1	453	42	VETCH	VETERANS CHOICE PROGRAM VACAA			00000000
IN1	454	42	WAS CO	WASHTENAW CO COMM SUPPORT			00000000
IN1	455	42	WAU	WAUSAU INSURANCE			00000000
IN1	456	42	WAUWI01	WAUSAU BENEFITS			00000000
IN1	457	42	WAY CO	WAYNE CO MENTAL HEALTH			00000000
IN1	458	42	WC	WORKMANS COMPENSATION			00000000
IN1	459	42	WC BYRO	CCMSI			00000000
IN1	460	42	WC CNI3	ST PAUL CONCENTRA			00000000
IN1	461	42	WC CNI4	RTW INC			00000000
IN1	462	42	WC COLLINS	AIG			00000000
IN1	463	42	WC CONS	CONSUMER ENERGY			00000000
IN1	464	42	WC CORU	BROADSPIRE			00000000
IN1	465	42	WC DURA	RSKCO			00000000
IN1	466	42	WC DURA2	GENEX			00000000
IN1	467	42	WC DURAN2	LIBERTY MUTUAL			00000000
IN1	468	42	WC DURSCH	BROADSPIRE SERVICES			00000000
IN1	469	42	WC KELL	CNA			00000000
IN1	470	42	WC KES/SAV	CINCINNATI INSURANCE COMPANIES			00000000
IN1	471	42	WC LEAR	SPECIALTY RISK SERVICES			00000000
IN1	472	42	WC MACH	ASC			00000000
IN1	473	42	WC MEIJ	MEIJER BENEFIT DEPT			00000000
IN1	474	42	WC MHC	COVERYS			00000000
IN1	475	42	WC MIDW4	ACCIDENT FUND			00000000
IN1	476	42	WC MOTO2	HARTFORD			00000000
IN1	477	42	WC NERO	LIBERTY MUTUAL INSURANCE GROUP			00000000
IN1	478	42	WC OLIVER	OLIVER WOODS			00000000
IN1	479	42	WC OWOP	BROADSPIRE			00000000
IN1	480	42	WC QUAL3	QUALIFIED STAFFING			00000000
IN1	481	42	WC SCA	TRAVELERS TOWER			00000000
IN1	482	42	WC SHIA	ACCIDENT FUND			00000000
IN1	483	42	WC SHIA02	BROADSPIRE			00000000
IN1	484	42	WC STAT	CITIZENS MANAGEMENT INC			00000000
IN1	485	42	WC VAUNG3	INDIANA INSURANCE CO			00000000
IN1	486	42	WC WALM	CLAIMS MANAGEMENT INC			00000000
IN1	487	42	WC WOOD	GALLAGHER BASSETT SERVICES			00000000
IN1	488	42	WEBTPA	WEB TPA			00000000
IN1	489	42	WESTOH2	WESTERN AND SOUTHERN LIFE			00000000
IN1	490	42	WEY	WEYCO			00000000
IN1	491	42	XXX	XXX			00000000
