filename	0	0		2.0 Mapping Tables - Hospitals/Munson Healthcare ADT 2.0 table 11-18-2021.xlsx			
MSH-4	2	1	Hospital Value	Description			4
MSH-4	3	1	2.16.840.1.113883.3.1481.1.2.2	Hospital Name			2
MSH-4	4	1	2.16.840.1.113883.3.1164	Munson Medical Center			00000000
MSH-4	5	1	2.16.840.1.113883.3.3252	Munson Healthcare Cadillac Hospital			00000000
MSH-4	6	1	2.16.840.1.113883.3.3253	Munson Healthcare Grayling Hospital			00000000
MSH-4	7	1	2.16.840.1.113883.3.3254	Paul Oliver Memorial Hospital			00000000
MSH-4	8	1	2.16.840.1.113883.3.3255	Kalkaska Memorial Health Center			00000000
PID-8	2	3	MiHIN Value	Description	Hospital Value		4
PID-8	3	3	M	Male	M		2
PID-8	4	3	F	Female	F		4
PID-8	5	3	M	Male	M		4
PID-8	6	3	O	Other			4
PID-8	7	3	U	Unknown	U		4
PID-8	8	3	A	Ambiguous			4
PID-8	9	3	N	Not Applicable			4
PID-10	2	6	MiHIN Value	Description	Hospital Value		4
PID-10	3	6	2106-3	White	W		2
PID-10	4	6	1002-5	American Indian or Alaska Native	1002-5, 14799, 603630839, 		4
PID-10	5	6	2028-9	Asian	2028-9		4
PID-10	6	6	2054-5	Black or African American	2054-5,14797		4
PID-10	7	6	2076-8	Native Hawaiian or Other Pacific Islander	2076-8, 16555		4
PID-10	8	6	2106-3	White	2106-3		4
PID-10	9	6	2131-1	Other Race	2131-1, 2135-2, UNK, 2M		4
PID-10	10	6	MR	Multi-Racial	350000397		4
PID-10	11	6	PR	Patient Refused 	603632483		4
PID-10	12	6	 	Patient Declined	F		4
PID-22	2	9	MiHIN Value	Description	Hospital Value		4
PID-22	3	9	H	Hispanic or Latino	Hisp		2
PID-22	4	9	H	Hispanic or Latino	1		4
PID-22	5	9	N	Not Hispanic or Latino	2		4
PID-22	6	9	U	Unknown	5		4
PID-22	7	9	D	Declined	4		4
PID-22	8	9	AN	Alaskan Native 			4
PID-22	9	9	AR	Arabic 			4
PID-22	10	9	AS	Asian 			4
PID-22	11	9	CA	Caucasian			4
PID-22	12	9	CHA	Chaldean 			4
PID-22	13	9	CHI	Chinese 			4
PID-22	14	9	DU	Dutch 			4
PID-22	15	9	EG	Egyptian 			4
PID-22	16	9	FR	French 			4
PID-22	17	9	GER	German 			4
PID-22	18	9	GRE	Greek 			4
PID-22	19	9	HA	Hawaiian 			4
PID-22	20	9	IRA	Iranian 			4
PID-22	21	9	IRQ	Iraqi 			4
PID-22	22	9	IRH	Irish 			4
PID-22	23	9	ITA	Italian 			4
PID-22	24	9	JA	Japanese 			4
PID-22	25	9	JE	Jewish 			4
PID-22	26	9	JO	Jordanian 			4
PID-22	27	9	KO	Korean 			4
PID-22	28	9	LE	Lebanese  			4
PID-22	29	9	MAC	Macedonian 			4
PID-22	30	9	ME	Middle Eastern			4
PID-22	31	9	MUL	Multi-Ethnic 			4
PID-22	32	9	NA	Native American			4
PID-22	33	9	O	Other 			4
PID-22	34	9	PO	Polish 			4
PID-22	35	9	RU	Russian 			4
PID-22	36	9	SC	Scottish 			4
PID-22	37	9	UK	Ukrainian 			4
PID-22	38	9	VIT	Vietnamese 			4
PID-30	2	12	MiHIN Value	Description	Hospital Value		4
PID-30	3	12	Y	Expired	E		2
PID-30	4	12	Y	Deceased/Yes	Y		4
PID-30	5	12	N	Not Deceased/No	N		4
DG1-6	2	15	MiHIN Value	Description	Hospital Value		4
DG1-6	3	15	A	Admitting	AD		2
DG1-6	4	15	A	Admitting	A		4
DG1-6	5	15	F	Final	F		4
DG1-6	6	15	W	Working 	W		4
DG1-6	7	15	O	Other	O		4
PV1-2	2	18	MiHIN Value	Description	Hospital Value		4
PV1-2	3	18	E	Emergency	ER		2
PV1-2	4	18	B	Obstetrics			4
PV1-2	5	18	C	Commercial Account			4
PV1-2	6	18	E	Emergency	E		4
PV1-2	7	18	I	Inpatient	I		4
PV1-2	8	18	N	Not Applicable	CM, CHT, IM, OM, PD, WL		4
PV1-2	9	18	O	Outpatient	O, BLD, HH, RES		4
PV1-2	10	18	P	Preadmit	P		4
PV1-2	11	18	R	Recurring patient	R		4
PV1-2	12	18	U	Unknown			4
PV1-2	13	18	IH	IP Hospice 			4
PV1-2	14	18	NB	Newborn			4
PV1-2	15	18	OB	Observation 	OB		4
PV1-2	16	18	SN	Skilled Nursing 	SN		4
PV1-2	17	18	SA	Surgery Admit 			4
PV1-4	2	21	MiHIN Value	Description	Hospital Value		4
PV1-4	3	21	E	Emergency	E		2
PV1-4	4	21	A	Accident			4
PV1-4	5	21	C	Elective	C, ES		4
PV1-4	6	21	E	Emergency	E, ED, EF		4
PV1-4	7	21	L	Labor and Delivery			4
PV1-4	8	21	N	Newborn (Birth in healthcare facility)	N		4
PV1-4	9	21	R	Routine			4
PV1-4	10	21	U	Urgent	U, UF		4
PV1-4	11	21	TC	Trauma Center 			4
PV1-4	12	21	O	Other	O		4
PV1-14	2	24	MiHIN Value	Description	Hospital Value		4
PV1-14	3	24	2	Clinic referral	E		2
PV1-14	4	24	1	Physician referral	1		4
PV1-14	5	24	2	Clinic referral	2		4
PV1-14	6	24	3	HMO referral	3		4
PV1-14	7	24	4	Transfer from a hospital	4, I, TSF, 		4
PV1-14	8	24	5	Transfer froma skilled nursing facility	5		4
PV1-14	9	24	6	Transfer from another health care facility	6, O, LTC, 		4
PV1-14	10	24	7	Emergency Room	7		4
PV1-14	11	24	8	Court/Law enforcement	8		4
PV1-14	12	24	9	Information not available	9		4
PV1-14	13	24	SR	Self-Referral			4
PV1-14	14	24	TRNF	Transfer from a non-health care facility	NONHC		4
PV1-14	15	24	TRAD	Transfer from Ambulatory Department			4
PV1-18	2	27	MiHIN Suggested Values		Hospital Value	Description	4
PV1-18	3	27			A	Anonymous	2
PV1-18	4	27	1	Anonymous			4
PV1-18	5	27	2	Confidential			4
PV1-18	6	27	3	Employee			4
PV1-18	7	27	4	Dismissed			4
PV1-18	8	27	5	No Medicare			4
PV1-18	9	27	6	Prisoner			4
PV1-18	10	27	7	VIP			4
PV1-18	11	27	8	Staff Dependent			4
PV1-18	12	27	9	Benefactor			4
PV1-18	13	27	10	Employee Dependent			4
PV1-18	14	27	11	Non-Employee			4
PV1-18	15	27	12	Volunteer			4
PV1-18	16	27	13	Staff Physician			4
PV1-18	17	27	14	Non V.I.P			4
PV1-18	18	27	15	Retired Employee			4
PV1-18	19	27	42	Homeless			4
PV1-18	20	27	44	Celebrity			4
PV1-18	21	27	45	Donor			4
PV1-18	22	27	46	Transplant			4
PV1-18	23	27	47	Voucher			4
PV1-18	24	27	49	Board Member			4
PV1-18	25	27	49	Clergy			4
PV1-18	26	27	52	Other			4
PV1-18	27	27	58	Organ Donor			4
PV1-18	28	27	59	Organ 			4
PV1-18	29	27	60	Select Specialty			4
PV1-18	30	27			 THV	THV (Traverse Heart & Vascular)	4
PV1-18	31	27			BAP	BAP (Bay Area Urology Procedure)	4
PV1-18	32	27			 IDC	IDC (Infectious Disease Clinic)	4
PV1-18	33	27			 NPH	NPH (Nephrology Consults)	4
PV1-18	34	27			 ALC	ALC (Leelanau Part A Contract)	4
PV1-18	35	27			 LKE	LKE (Lakeview Manor Nursing)	4
PV1-18	36	27			 PGT	PGT (Pre Gynecological Testing)	4
PV1-18	37	27			 OTS	OTS (Oncology Treatment Skyview)	4
PV1-18	38	27			 NSR	NSR (No Service Rendered)	4
PV1-18	39	27			 MVN	MVN (Maple Valley Nursing Home)	4
PV1-18	40	27			 RCC	RCC (Radiology Clinic Charlevoix)	4
PV1-18	41	27			 AUS	AUS (AuSable Free Clinic)	4
PV1-18	42	27			 RHC	RHC (Rural Health Clinic)	4
PV1-18	43	27			 WMP	WMP (Weight Mgt Program)	4
PV1-18	44	27			 MOP	MOP (Mercy OB Partners)	4
PV1-18	45	27			 UCN	UCN (Urgent Care North)	4
PV1-18	46	27			 PER	PER (ER Pre-Registration)	4
PV1-18	47	27			 NSY	NSY (Neurosurgery)	4
PV1-18	48	27			 OBD	OBD (Outpatient in a Bed)	4
PV1-18	49	27			 CLK	CLK (Crystal Lake Clinic Kingsley)	4
PV1-18	50	27			 LUC	LUC (Leelanau Urgent Care)	4
PV1-18	51	27			 CFP	CFP (Cadillac Family Practice)	4
PV1-18	52	27			 CLM	CLM (Crystal Lake Clinic - Main Office)	4
PV1-18	53	27			 IVT	IVT (IV Therapy Series)	4
PV1-18	54	27			 PSC	PSC (Pre-Surgical Clinic)	4
PV1-18	55	27			 CDS	CDS (O/P Cardiac Diagnostic Suite)	4
PV1-18	56	27			 PST	PST (Pre-surgical Testing)	4
PV1-18	57	27			 ELK	ELK (Elk Rapids Clinic)	4
PV1-18	58	27			 MPP	MPP (Munson Pain Procedures)	4
PV1-18	59	27			 PR	PR (Procedure Room)	4
PV1-18	60	27			 COP	COP (Copper Ridge)	4
PV1-18	61	27			 OPL	OPL (Outpatient Lab)	4
PV1-18	62	27			 BTZ	BTZ (Bortz Nursing Home)	4
PV1-18	63	27			 SDC	SDC (Sleep Disorder Clinic)	4
PV1-18	64	27			 REL	REL (Release Contract)	4
PV1-18	65	27			 I/P	I/P (Inpatient)	4
PV1-18	66	27			 MDC	MDC (Multi Disc Clinic)	4
PV1-18	67	27			 ECT	ECT (Electroconvulsive Therapy)	4
PV1-18	68	27			 HVD	HVD (Heart & Vasc Diag)	4
PV1-18	69	27			 DSA	DSA (DSA Xray)	4
PV1-18	70	27			 PC	PC (Outpatient Pain Clinic)	4
PV1-18	71	27			 TEN	TEN (Tendercare)	4
PV1-18	72	27			 MCL	MCL (Mancelona Clinic Lab)	4
PV1-18	73	27			 AKI	AKI (Acute Kidney Injury)	4
PV1-18	74	27			 CON	CON (Contract Account)	4
PV1-18	75	27			 CDM	CDM (Cad Digital Mamm O/P)	4
PV1-18	76	27			 INF	INF (Infusion Therapy Series)	4
PV1-18	77	27			 PMC	PMC (Physical Medicine Clinic)	4
PV1-18	78	27			 LCC	LCC (Leelanau Memorial Care Ctr)	4
PV1-18	79	27			 PDM	PDM (POMH Digital Mamm O/P	4
PV1-18	80	27			 PRS	PRS (Prudenville Series)	4
PV1-18	81	27			 PRH	PRH (Pulmonary Rehab Series)	4
PV1-18	82	27			 AAT	AAT (Autumwood Part A)	4
PV1-18	83	27			 MCP	MCP (Pain Procedures)	4
PV1-18	84	27			 OHC	OHC (Occupation Health Clinic)	4
PV1-18	85	27			 PXY	PXY (Pre X-ray)	4
PV1-18	86	27			 PRF	PRF (Professional Services)	4
PV1-18	87	27			 ROS	ROS (Roscommon Outpatient)	4
PV1-18	88	27			 CLI	CLI (Crystal Lake Clinic - Interlochen)	4
PV1-18	89	27			 CYT	CYT (O/P Lab Cyt & Hist)	4
PV1-18	90	27			 IHR	IHR (O/P IV Hydration Rad)	4
PV1-18	91	27			 PRU	PRU (Prudenville Outpatient)	4
PV1-18	92	27			 AUT	AUT (Autumwood Nursing Home)	4
PV1-18	93	27			 CYC	CYC (Outpatient Series)	4
PV1-18	94	27			 NUR	NUR (Nursery)	4
PV1-18	95	27			 LAB	LAB (O/P Lab)	4
PV1-18	96	27			 ANT	ANT (Antepartum)	4
PV1-18	97	27			 SER	SER (Series)	4
PV1-18	98	27			CLS	CLS (Clinic Specialist)	4
PV1-18	99	27			 ORC	ORC (Orchard Creek)	4
PV1-18	100	27			 E/R	E/R (Emergency Rm)	4
PV1-18	101	27			 GTP	GTP (Grand Traverse Pavilions)	4
PV1-18	102	27			 PSP	PSP (Pre-Sleep)	4
PV1-18	103	27			 LTV	LTV (Long Term Vision)	4
PV1-18	104	27			 FPM	FPM (Family Practice Center Munson)	4
PV1-18	105	27			 EMP	EMP (O/P Walk In Empire)	4
PV1-18	106	27			 AGP	AGP (GT Pav Part A Contract)	4
PV1-18	107	27			 AOC	AOC (Orchard Creek Part A Contract)	4
PV1-18	108	27			 ONC	ONC (Oncology Series)	4
PV1-18	109	27			 CRH	CRH (Cardiac Rehab Series)	4
PV1-18	110	27			 OTR	OTR (Oncology Treatments Royal)	4
PV1-18	111	27			 ABR	ABR (Birchwood Part A Contract)	4
PV1-18	112	27			 DIG	DIG (Digitized Radiology)	4
PV1-18	113	27			 UCK	UCK (Urgent Care Kalkaska)	4
PV1-18	114	27			 BIR	BIR (Birchwood)	4
PV1-18	115	27			 OBV	OBV (Observation)	4
PV1-18	116	27			 RTX	RTX (Radiation Therapy Series)	4
PV1-18	117	27			 PRT	PRT (Pre-registration)	4
PV1-18	118	27			 CRP	CRP (Copper Ridge Procedure)	4
PV1-18	119	27			 ER	ER (Emergency Room)	4
PV1-18	120	27			 RHU	RHU (Rheumatology)	4
PV1-18	121	27			BAU	BAU (Bay Area Urology)	4
PV1-18	122	27			 CCL	CCL (Cardiac Cath Lab)	4
PV1-18	123	27			 KDM	KDM (KMH Digital Mamm O/P)	4
PV1-18	124	27			 ALK	ALK (Lakeview Part A Contract)	4
PV1-18	125	27			 MCH	MCH (Munson Community Health Ctr)	4
PV1-18	126	27			 OPE	OPE (Procedural Extended Stay)	4
PV1-18	127	27			 OPR	OPR (O/P Rad Procedure)	4
PV1-18	128	27			 HAB	HAB (Rehab Unit I/P)	4
PV1-18	129	27			 NTH	NTH (North Campus Outpatient)	4
PV1-18	130	27			 LTC	LTC (I/P Long-Term Care)	4
PV1-18	131	27			 MIL	MIL (Milliken Office)	4
PV1-18	132	27			 GTI	GTI (Grand Traverse Internists)	4
PV1-18	133	27			 PDS	PDS (Physician Diagnostic Services)	4
PV1-18	134	27			 KTC	KTC (O/P KMH Teen Clinic	4
PV1-18	135	27			 XCL	XCL (Cancelled Procedure)	4
PV1-18	136	27			 MRT	MRT (Mini Registration)	4
PV1-18	137	27			 ABZ	ABZ (Bortz Part A Contract)	4
PV1-18	138	27			 O/P	O/P (Outpatient)	4
PV1-18	139	27			CBP	CBP (Comprehensive Breast Program)	4
PV1-18	140	27			 TPY	TPY (PT/OT/SH Therapy Series)	4
PV1-18	141	27			 CMP	CMP (Cad Mamm Procedure)	4
PV1-18	142	27			 FAC	FAC (O/P Forest Area Schools Teen Clnc)	4
PV1-18	143	27			 NEP	NEP (Nephrology Series)	4
PV1-18	144	27			 AUD	AUD (Audiology)	4
PV1-18	145	27			 PUC	PUC (Pre-Urgent Care)	4
PV1-18	146	27			 ATN	ATN (Tendercare Part A Contract)	4
PV1-18	147	27			 XLO	XLO (No Care/No Charges)	4
PV1-18	148	27			 PAB	PAB (O/P Pre-Lab)	4
PV1-18	149	27			 NM	NM (Nuclear Medicine Series)	4
PV1-18	150	27			 CLF	CLF (Crystal Lake Clinic - Frankfort)	4
PV1-18	151	27			 OPS	OPS (O/P Surgery)	4
PV1-18	152	27			 MDM	MDM (Munson Digital Mamm)	4
PV1-18	153	27			 PPD	PPD	4
PV1-18	154	27			 M/M	M/M (Mercy Manor)	4
PV1-18	155	27			 DAU	DAU (Drug/BAT Contract for OHM)	4
PV1-18	156	27			 END	END (Endocrinology)	4
PV1-18	157	27			 MRI	MRI (MRI XRAY)	4
PV1-18	158	27			 ROF	ROF (Radiology Outside Films)	4
PV1-18	159	27			 SWB	SWB (I/P Swing Bed)	4
PV1-18	160	27			 WMC	WMC (Weight Mngt Clinic)	4
PV1-18	161	27			 LIT	LIT (MOB Lithotripsy)	4
PV1-18	162	27			 SCL	SCL (Specialty Clinic)	4
PV1-18	163	27			 HCL	HCL (Heart Clinic)	4
PV1-18	164	27			 GDM		4
PV1-18	165	27			 F/C		4
PV1-18	166	27			 SHS	SHS (Trauma And Acute Surgery Services)	4
PV1-18	167	27			 GCT	GCT (Gynecologic Oncology Trmt Series)	4
PV1-18	168	27			 MPL	MPL (Maples Medical Care Fac)	4
PV1-18	169	27			 AWC	AWC (Advanced Wound Care)	4
PV1-18	170	27			 WAR	WAR (O/P War Memorial)	4
PV1-18	171	27			 MAP	MAP (Maples-Benzie Cty Med Care Fac)	4
PV1-18	172	27			 VDM		4
PV1-18	173	27			 COT	COT (Cottages at GTP)	4
PV1-18	174	27			VTP	VTP (Villa Traverse Point)	00000000
PV1-18	175	27			AVT	AVT (Villa Traverse Point PrtA Contract)	00000000
PV1-18	176	27			OB	OB (Maternity Unit I/P)	00000000
PV1-18	177	27			RSS	RSS (Roscommon Series)	00000000
PV1-18	178	27			S/H	S/H (Speech & Hearing Testing)	00000000
PV1-18	179	27			OOR	OOR (Oncology Office Royal)	00000000
PV1-18	180	27			MDP	MDP (Munson Digitial Proc)	00000000
PV1-18	181	27			SOC	SOC (Summary of Care)	00000000
PV1-18	182	27			CDU	CDU (Cardiac DX)	00000000
PV1-18	183	27			AMV	AMV (Maple Valley Part A Contract)	00000000
PV1-18	184	27			RSP	RSP (I/P Respite Care)	00000000
PV1-18	185	27			AMK	AMK (Meadowbroke Part A Cont)	00000000
PV1-18	186	27			COI	COI (Comb Out to In)	00000000
PV1-18	187	27			NAP	NAP (O/P Non APC)	00000000
PV1-18	188	27			AEG	AEG (EGG Ambulatory Series)	00000000
PV1-18	189	27			ADM	ADM (Admission)	00000000
PV1-18	190	27			FLU	FLU (Flu Shot Clinic)	00000000
PV1-18	191	27			AMP	AMP (Maples Part A Contract)	00000000
PV1-18	192	27			BBL	BBL (Beaumont Bld Lab)	00000000
PV1-18	193	27			POP	POP (Pre Lab Per Our Phleb)	00000000
PV1-18	194	27			CIP	CIP (Combined Inpatient)	00000000
PV1-18	195	27			UCC	UCC (Urgent Care Cadillac)	00000000
PV1-10	2	31	MiHIN Suggested Values		Hospital Value	Description	4
PV1-10	3	31			121	Pediatrics	2
PV1-10	4	31	104	Cardiology - General	CAR, CP, EEG, CLT, NC, CCL, 	(CLN-CARDIOLOGY), CP (O/P CARDIOP THERAPY), EEG (O/P ELECTROENCEPHAL), CLT (CARDIOLITE), NC (O/P-NONINV CARDIOLO), CCL (CARDIAC CATH LAB), CDU (O/P CARDIAC DX UNIT)	4
PV1-10	5	31	105	Emergency Medicine	ER, 	ER (EMERGENCY ROOM), 	4
PV1-10	6	31	107	Geriatrics			4
PV1-10	7	31	108	Gastroenterology	GEC, 	GEC (CLN-GASTROENTEROLOG), 	4
PV1-10	8	31	109	Gynecology	GYN, 	GYN (CLN-GYNEOCLOGY), 	4
PV1-10	9	31	110	Hospice Medicine	HPC, 	HPC (HOSPICE INPATIENT), 	4
PV1-10	10	31	111	Medical Intensive Care			4
PV1-10	11	31	112	Internal Medicine			4
PV1-10	12	31	114	Neuro ICU			4
PV1-10	13	31	115	Neurology			4
PV1-10	14	31	116	Neonatology			4
PV1-10	15	31	117	Obstetrics	CNM, ANT, PNC, OB, MPS	CNM (CLN-MIDWIFE CLINIC), ANT (O/P ANTEPARTUM TEST), PNC (O/P-PERINATOLOGY CL, OB (I/P OB), MPS (MATERNITY PREPARED STAY)	4
PV1-10	16	31	118	Oncology	OTR, ONC, OTS, GCT, OOR, MMO	OTR (ONCOLOGY TRMY ROYAL), ONC (O/P-ONCOLOGY), OTS (ONCOL TRMT SKYVIEW), (CYNECOLOGICAL ONCOLOGY TRMT SERIES), OOR (ONCOLOGY OFC ROYAL), MMO (Munson Med Oncology)	4
PV1-10	17	31	119	Orthopedics	GLO, ORT	GLO (GREAT LAKES ORTHO), ORT (CLN-ORTHOPEDIC)	4
PV1-10	18	31	121	Pediatrics	SYN, PED, NUR, PD, OTP, 	(I/P PEDIATRICS), NUR (I/P NURSERY), PD (CLN-PEDIATRICS), OTP (PED OCC/HEAD THERAPY), SYN (O/P SYNAGIS INFANT)	4
PV1-10	19	31	123	Physical Medicine and Rehabilitation	PMC, PTC, PT, KPT, PTE, CRH, AQT, PTP, PMR, ptw, OT, HAB, MAS, AQO, OTM, PDC, OTT, PTL, OCC, REH, PTW	(PHYSICAL MEDICINE CLINIC), PTC (O/P PT CRYSTAL LAKE), PT (O/P PHYS THERAPY), KPT (PHY TPY KINGSLEY), PTE (PHYSICAL THERAPY EMPIRE), CRH (O/P CARDIAC REHAB), AQT (AQUATRIC THERAPY), PTP (PED PHYSICAL THERAPY), PMR (MULTIPLE REHAB SERV), ptw (physical therapy west), OT (O/P-OCC THERAPY), HAB (I/P REHAB UNIT), MAS (O/P MASSAGE THERAPY), AQO (MCHC AQUA OCC TPY), OTM (O/P-OCC THER-MUNSON), PDC (PT DIAGNOSTIC CENTER) OTE (OCC THERAPY EMPIRE), PTL (PHYSICAL THERAPY LEELANAU) OCC (OCC HEALTH OUTPATIENT), REH (O/P REHAB THERAPY), PTW (PHYSICAL THERAPY WEST)	4
PV1-10	20	31	124	General Surgery	S, OPS, gfs, PSC, SFS, SRG, SUR, GFS	SUR (I/P SURGERY), OPS (O/P-SURGERY), gfs (surgery ground flr), PSC (PRE-SRUGICAL CLINIC), SFS (SURGERY SECOND FLR), SRG (CLINIC-SURGERY), SUR (SURG), SUR (SURGERY-OFFICE), GFS (SURGERY GENERAL FLR)	4
PV1-10	21	31	125	Surgical Intensive Care			4
PV1-10	22	31	126	Nephrology Transplant			4
PV1-10	23	31	127	Acute Care Surgery			4
PV1-10	24	31	128	Allergy & Immunology			4
PV1-10	25	31	129	Anesthesiology			4
PV1-10	26	31	131	Dermatology	DER	DER (CLN-DERMATOLOGY)	4
PV1-10	27	31	132	Family Medicine	EFC	EFC (EMPIRE FAMILY CARE)	4
PV1-10	28	31	133	Endocrinology	END	END (ENDOCRINOLOGY)	4
PV1-10	29	31	134	Genetics	GCC, 	GCC (GENETIC COUNSELING CLINIC), 	4
PV1-10	30	31	135	Hematology			4
PV1-10	31	31	136	Infectious Disease	IDC	(INFECTIOUS DISEASE CLINIC)	4
PV1-10	32	31	137	Nephrology	NEP, NPH, AKI, LIT, 205797093	(O/P-NEPHROLOGY), (NEPHROLOGY CONSULT), AKI (ACUTE KIDNEY INJ), LIT (O/P-MOB LITHOTRIPSY), 205797093 (Dialysis Room), BBL (O/P BEAUMONT BL LAB)	4
PV1-10	33	31	138	Neurosurgery	NSY	NSY (NEUROSURGERY)	4
PV1-10	34	31	139	Ophthalmology	OPT, EYE	OPT(CLN OPTHALMOLOGY), EYE (O/P EYE CENTER)	4
PV1-10	35	31	140	Otolaryngology/ENT			4
PV1-10	36	31	141	Plastic Surgery			4
PV1-10	37	31	143	Radiation Oncology			4
PV1-10	38	31	144	Rheumatology	RHU	RHU (RHEUMATOLOGY)	4
PV1-10	39	31	145	Urology	BAP, BAU, 	BAP (BAY AREA UROLOGY PROCEDURE), BAU (BAY AREA UROLOGY), 	4
PV1-10	40	31	148	Pharmacy			4
PV1-10	41	31	149	Interventional Radiology	IRC, 	IRC (INTERVENTIONAL RADIOLOGY CLINIC), 	4
PV1-10	42	31	150	Clinical Decision Unit			4
PV1-10	43	31	151	Wound/Ostomy Care	TWC, AWC, 	TWC (TRADITIONALWNDCARE), AWC (ADVANCED WOUND CARE),	4
PV1-10	44	31	153	Newborn			4
PV1-10	45	31	154	Labor and Delivery			4
PV1-10	46	31	156	Hospitalist Medicine			4
PV1-10	47	31	158	Select Specialty	MTO, INF, FAC, EMR, PRF, PE, CYT, XLO, NM, IHR, SAL, LAB, SHS, TJC, OBM, NTC, OUT, FPM, CMD, ITC, NSR, UCK, RHC, UCN, WMP, ivt, MED, PR, MCH, LTC, PDS, MDC, MMC, CE, KTC, XCL, MCL, WMC, INJ, OPE, RHW, ITO, SWB, WOC, EMG, SCL, HC, HCS, MTP, OSL, BBL, AEG, NOR, UNK, PDM, DON, IVT, CLS, DEK, VFC	MTO (MEMORY TRAINING OT), INF (O/P-INFUSION THERAPY), FAC (O/P FOREXT AREA CLN), EMR (ELECTRONIC MED REC), PRF (PHYS VISITS), PE (PATIENT EDUCATION), CYT (O/P-LAB CYT & HIST), XLO (NO CARE/NO CHARGES), NM (NUCLEAR MEDICINE SERIES), IHR (IV HYDRATION RAD), SAL (SOUTH AIRPORT LAB), LAB (O/P-LABORATORY), SHS (TRAUMA AND ACUTE SURGERY SERVICES), TJC (THOMAS JUDD CENTER), OBM (MATERNITY OBSERVATION), NTC (NUTRITIONAL CONSEL), OUT (O/P-MULTIPLE SERVICES), FPM (FAMILY PRACTICE MUNSON), CMD (COUMADIN CLINIC), ITC (INTERLOCHEN THERAPY), NSR (O/P-NO SERVICES), UCK (URGENT CARE KMH), RHC (O/P-RURAL HEALTH CL), UCN (URGENT CARE NORTH), WMP (WEIGHT MANAGEMENT PROGRAM), ivt (o/p-iv therapy), MED (I/P MEDICAL), PR (O/P PROCEDURE ROOM), MCH (MUNSON COMM. HEALTH), LTC (LTC I/P LONG TERM CARE), PDS (O/P PHYSICIAN DSS), MDC (MULTI DISC CLINIC), MMC (MUNSON MED. CENTER), CE (COMMUNITY EDUCATION), KTC (O/P KMH TEEN CLINIC), XCL (CANCELLED PROCEDURE), MCL (O/P MANCELONA LAB), WMC (WEIGHT MNGT CLINIC), INJ (O/P-INJECTION), OPE (O/P EXTENDED STAY), RHW (RURAL HEALTH WELLNESS), ITO (INTERLOCHEN OT), SWB (I/P SWING BED), WOC (STOMA THERAPY), EMG (O/P EMG SERVICES), SCL (SPECIALTY CLINIC), HC (O/P HOME CARE), HCS (HRT CLN STRUCTURAL), MTP (MEMORY TRAINING PT), OSL (OFFSITE LAB), AEG (EEG AMBULATORY SERIES), NOR (O/P NORTHFLIGHT EMS) UNK (UNKNOWN), PDM (PHYSICIAN DIAGNOSTIC MCHC), DON (DONOR SERVICE), IVT (O/P-IV THERAPY), CLS (CLINIC SPECIALIST), DEK (Diabetick Education), VFC (VACCINE FOR CHILD)	4
PV1-10	48	31	161	Audiology	AUD	AUD (AUDIOLOGY)	4
PV1-10	49	31	162	Behavioral Health - Psychology	BMC, BHP,  PHP, DTP	BMC (BEHVAIORAL MEDICINE), bhp (o/p psych svcs), PHP (O/P-PART HOSPITAL P), DTP (O/P DAY TRTMNT PRG)	4
PV1-10	50	31	163	Cardiology - Structural Heart Disease			4
PV1-10	51	31	165	Colon/Rectal Surgery			4
PV1-10	52	31	166	Gynecology/Obstetrics	BRC, CBP, 	BRC (BREAST CENTER), CBP (COMPREHENSIVE BREAST PROGRAM), 	4
PV1-10	53	31	172	Oral Surgery			4
PV1-10	54	31	175	Palliative Medicine 			4
PV1-10	55	31	178	Podiatry	POD, 	POD (CLN-PODIATRY), 	4
PV1-10	56	31	180	Radiology	RAD, MRI, PET, RTX, OPR, DSA, CT, NUC, 598826333, US	(O/P RADIOLOGY), MRI (O/P-MRI XRAY), PET (O/P PET SCAN), RTX (O/P RADIATIONG THRPY), OPR (O/P RAD PROCEDURE), DSA (O/P DSA XRAY), CT (O/P CT SCAN), NUC (NUCLEAR MEDICINE OP), 598826333 (O/P ULTRASOUND), US (O/P ULTRASOUND)	4
PV1-10	57	31	181	Sleep Center	PSP, SDC, 	PSP (PRE-SLEEP), SDC (CLN SLEEP DISORDER), 	4
PV1-10	58	31	184	Cardiac Surgery			4
PV1-10	59	31	185	Transplant			4
PV1-10	60	31	198	Bone Marrow Transplant			4
PV1-10	61	31	208	Chemotherapy			4
PV1-10	62	31	273	Pathology			4
PV1-10	63	31	293	Pulmonary	PRH, RC, PUL, RSP	(PULMONARY REHAB), RC (O/P RESPIRATORY CAR), PUL (CLN-PULMONARY), RSP (I/P RESPITE CARE)	4
PV1-10	64	31	322	Thoracic Surgery			4
PV1-10	65	31	374	Transfusion Medicine	BLD, 	BLD (BLOOD TRANSFUSION), 	4
PV1-10	66	31	376	Family Practice			4
PV1-10	67	31	380	Orthopedic - Hand Surgery			4
PV1-10	68	31	381	Orthopedic - Spine			4
PV1-10	69	31	384	Hepatology			4
PV1-10	70	31	385	Pain Management	MCP, PAC, MPP, 	MCP (PAIN PROCEDURES), PAC (CLN-PAIN ASSES), MPP (PAIN PROCEDURE CLINIC), 	4
PV1-10	71	31	387	Urogynecology			4
PV1-10	72	31	399	Bone & Mineral			4
PV1-10	73	31	409	Cardiology - Electrophysiology			4
PV1-10	74	31	463	Bariatric Surgery			4
PV1-10	75	31	464	Intensive Care			4
PV1-10	76	31	465	Pulmonary Hypertension			4
PV1-10	77	31	466	Pulmonary Transplant			4
PV1-10	78	31	467	Pulmonary Interventional			4
PV1-10	79	31	469	Transplant HPB Surgery			4
PV1-10	80	31	470	Cardiothoracic Transplant			4
PV1-10	81	31	471	Vascular Surgery			4
PV1-10	82	31	472	Speech Pathology	SP, SHP, SH, MTS, 	(SPEECH THERAPY SERIES), SHP (PED SPEECH THERAPY), SH (O/P SPEECH & HEARING), MTS (MEMORY TRAINING SPEECH), 	4
PV1-10	83	31	473	Cardiology - Advanced Heart Failure/Transplant			4
PV1-10	84	31	474	Cardiology - Vascular Medicine	THV, HVD, 	THV (THRAV HEART & VASC), HVD (HEART & VASC DIAG), 	4
PV1-10	85	31	475	Physiatry			4
PV1-10	86	31	476	Orthopedic - Surgery			4
PV1-10	87	31	477	Cardiovascular SICU			4
PV1-10	88	31	478	Behavioral Health - Neuropsychology			4
PV1-10	89	31	479	Behavioral Health - Psychiatry	MEN, 	MEN (I/P MENTAL HEALTH), 	4
PV1-10	90	31	480	Surgical Endoscopy			4
PV1-10	91	31	481	Ethics			4
PV1-10	92	31	482	Trauma Surgery			4
PV1-10	93	31			 OBS	OBS (OBSERVATION)	FFDDEBF7
PV1-10	94	31			UCC, 667701247	(UCC) URGENT CARE CADILLAC 667701247 (URGENT CARE CADILLAC)	00000000
PV1-10	95	31			CCO	Cowell Cancer OT	00000000
PV1-10	96	31			CCP	Cowell Cancer PT	00000000
PV1-10	97	31			CCS	Cowell Cancer SLP	00000000
PV1-10	98	31			MFC	Mary FreeBed Cowell	00000000
PV1-10	99	31			NEM	Neurology Clinic MPB MMC	00000000
PV1-10	100	31			KPM	KMH Physical Med	00000000
PV1-10	101	31			OHS	I/P Open Heart Surgery	00000000
PV1-36	2	35	MiHIN suggested values		Hospital Value	Description	4
PV1-36	3	35			01	Discharged to home or self care (routine discharge)	2
PV1-36	4	35	01	Discharged to home or self care (routine discharge)	01, HOM, DA, OHC, SC, RDWF	Discharged to home or self care (routine discharge), Home or Self Care (I), 	4
PV1-36	5	35	02	Discharged/transferred to a short-term general hospital for inpatient care	02, DB	Discharged/transferred to a short-term general hospital for inpatient care, Acute Care Hospital (I)	4
PV1-36	6	35	03	Discharged/transferred to skilled nursing facility (SNF) with Medicare certification.	03, DC, SNF	Discharged/transferred to skilled nursing facility (SNF) with Medicare \ncertification.	4
PV1-36	7	35	04	Discharged/transferred to an intermediate care facility (ICF)	04	Discharged/transferred to an intermediate care facility (ICF)	4
PV1-36	8	35	05	Discharged/transferred to another type of institution not defined elsewhere in this code list	05, AC, DE, ICF, CI, ICC, IC,IF, DOINSTO	Discharged/transferred to another type of institution not defined elsewhere \nin this code list, Other Institution (I), Disch/Trans to Interm Care Fac (O), Cancer Center/Children's Hosp (I), TRAN TO CA/CHLD HOSP W PLAN READM, Jail	4
PV1-36	9	35	06	Discharged/transferred to home under care of organized home health service organization	06,DF,HCHH,HUC,HSPR,HHHC, CPC	Discharged/transferred to home under care of organized home health service \norganization, Home Under Care (I) 	4
PV1-36	10	35	07	Left against medical advice or discontinued care	07, LA, AMA	Left against medical advice or discontinued care	4
PV1-36	11	35	08	Discharged/transferred to home under care of a Home IV provider	08, HCIVT	Discharged/transferred to home under care of a Home IV provider	4
PV1-36	12	35	09	Admitted as an inpatient to this hospital	09,AI, ADM_PATIENT, IP	Admitted as an inpatient to this hospital	4
PV1-36	13	35	10-19	Reserved for national assignment (Discontinued effective 10/16/03)			4
PV1-36	14	35	20	Expired	20, DEC, EX, EXP	Expired	4
PV1-36	15	35	2l-29	Reserved for national assignment (Discontinued effective 10/16/03)	21, DG	COURT OR LAW ENFORCE 	4
PV1-36	16	35	30	Still Patient	30	Still Patient	4
PV1-36	17	35	31-39	Reserved for national assignment (Discontinued effective 10/16/03)			4
PV1-36	18	35	40	Expired at home	40, EXPH	Expired at home	4
PV1-36	19	35	41	Expired in a medical facility (e.g. hospital, SNF, ICF, or free standing hospice)	EXPO, 41	Expired in a medical facility (e.g. hospital, SNF, ICF, or free standing \nhospice)	4
PV1-36	20	35	42	Expired - place unknown	42,EXPUP	Expired, unknown place	4
PV1-36	21	35	43	Discharged/transferred to a federal health care facility. (Effective 10/1/03)	43, FI, FO	Discharged/transferred to a federal health care facility. (Effective 10/1/03)	4
PV1-36	22	35	44-49	Reserved for national assignment			4
PV1-36	23	35	50	Hospice - home	50, DDH, HH	Hospice - home	4
PV1-36	24	35	51	Hospice - medical facility	51, DHMF, HM, HOP	Hospice - medical facility	4
PV1-36	25	35	52-60	Reserved for national assignment			4
PV1-36	26	35	61	Discharged/transferred to hospital-based Medicare approved swing bed	61, SBPR	Discharged/transferred to hospital-based Medicare approved swing bed	4
PV1-36	27	35	62	Discharged/transferred to an inpatient rehabilitation facility (IRF) including rehabilitation distinct part units of a hospital. (Effective retroactive to 1/1/02.)	62, IRF, REHAB	Discharged/transferred to an inpatient rehabilitation facility (IRF) including \nrehabilitation distinct part units of a hospital. (Effective \nretroactive to 1/1/02.)	4
PV1-36	28	35	63	Discharged/transferred to a Medicare certified long term care hospital (LTCH).(Effective 5/9/02.)	63, LTC, LT	Discharged/transferred to a Medicare certified long term care hospital \n(LTCH).(Effective 5/9/02.)	4
PV1-36	29	35	64	Discharged/transferred to a nursing facility certified under Medicaid but not certified under Medicare. (Effective 10/1/02.)	64	Discharged/transferred to a nursing facility certified under Medicaid \nbut not certified under Medicare. (Effective 10/1/02.)	4
PV1-36	30	35	65	Discharged/transferred to a psychiatric hospital or psychiatric distinct part unit of a hospital. (Effective 4/1/04)	65,DPF,PT	Discharged/transferred to a psychiatric hospital or psychiatric distinct \npart unit of a hospital. (Effective 4/1/04)	4
PV1-36	31	35	66	Discharged/transferred to a Critical Access Hospital (CAH). (Effective 1/1/06)			4
PV1-36	32	35	67-68	Reserved for national assignment			4
PV1-36	33	35			69, DDCS	DESIG DISASTER ALT CARE SITE	4
PV1-36	34	35		Reserved for national assignment (Discontinued effective 4/1/03)	70, AH	Another Hospital	4
PV1-36	35	35		Reserved for national assignment (Discontinued effective 4/1/03)	71	OP Services - Other Facility	4
PV1-36	36	35		Reserved for national assignment (Discontinued effective 4/1/03)	72	OP Services - This Facility	4
PV1-36	37	35		Reserved for national assignment	73		4
PV1-36	38	35			81, HCPR	HOME/SELF W PLANNED READMISSION	4
PV1-36	39	35			82, STPR	SHORT TERM HOSP W PLANNED READMIT	4
PV1-36	40	35			83, TSPR	TRANS TO SNF W PLANNED READMIT	4
PV1-36	41	35			84, CSPR	DISCH CUST/SUPP W PLANNED READMIT	4
PV1-36	42	35			85, TCHPR	TRAN TO CA/CHLD HOSP W PLAN READM	4
PV1-36	43	35			86	DISCH HOME W CARE W PLAN READMIT	4
PV1-36	44	35			87, CLPR	DISCH COURT/LAW W PLANNED READMIT	4
PV1-36	45	35			88, TFHPR	TRANS TO FED HOSP W PLAN READMIT	4
PV1-36	46	35			89	DISCH TO SWING BED W PLAN READMIT	4
PV1-36	47	35			90, TRPR	TRANS TO REHAB UNIT W PLAN READM	4
PV1-36	48	35			91, TLPR	TRANS TO LTCH W PLANNED READMIT	4
PV1-36	49	35			92, TMPR	TRANS TO MED-CERT NF W PLAN READM	4
PV1-36	50	35			93, TPPR	TRANS TO PSYCH UNIT W PLAN READM	4
PV1-36	51	35			94	TRANS TO CAH W PLANNED READMIT	4
PV1-36	52	35			95, TOIPR	TRAN TO OTHER INST W PLAN RADM	4
PV1-36	53	35			AFC, Adult Foster Care	Adult Foster Care	4
PV1-36	54	35			AMAF	Against medical advice, with follow-up	4
PV1-36	55	35			ATI	Another Type of Institution	4
PV1-36	56	35			CF	Care of family/friend(s	4
PV1-36	57	35			CG	Camp Grayling	4
PV1-36	58	35			DI	SYSTEM DEFAULT (I)	4
PV1-36	59	35			DIS	SYSTEM DISCHARGED	4
PV1-36	60	35			DO	SYSTEM DEFAULT (O)	4
PV1-36	61	35			JA	JAIL	4
PV1-36	62	35			LWB, LPPE	LEFT WITHOUT BEING SEEN	4
PV1-36	63	35			INT	INTENT TO DISCHARGE	4
PV1-36	64	35			EDC	ED-Car	4
PV1-36	65	35			ECA, ED-Ambulance	ED-Ambulance	4
PV1-36	66	35			MA	MMC EXEMPT TO MMC ACUTE CARE UNIT	4
PV1-36	67	35			ME	MMC ACUTE CARE TO MMC EXEMPT UNIT	4
PV1-36	68	35			MI	MMC OBD UNIT TO MMC EXEMPT UNIT	4
PV1-36	69	35			MO	MMC EXEMPT UNIT TO MMC OBD UNIT	4
PV1-36	70	35			MR	MMC ACUTE CARE TO MMC RESIDENTIAL	4
PV1-36	71	35			NF	NON-FINAL DISPO/TRANSFER PAT TYPE",	4
PV1-36	72	35			ITPLG	Internal transfer per legal guidelines	4
PV1-36	73	35			CO	CANCER CENTER / CHILDREN'S HOSP	4
PV1-36	74	35			DOTH	Discharged for other reasons	4
PV1-36	75	35			DOTHF	Discharge for other reason with followup	4
PV1-36	76	35			DOTHL	Discharge to other facility per legal	4
PV1-36	77	35			DSINTO	Discharged to same inst - outpatient	4
PV1-36	78	35			RT	RETURN TRANSFER	4
PV1-36	79	35			RF	Trans/Dischrg to another rehab facility	4
IN1-17	2	39	MiHIN Value	Description	Hospital Value		4
IN1-17	3	39	FTH	Father 	F		2
IN1-17	4	39	ASC	Associate			4
IN1-17	5	39	BRO	Brother 	BRO		4
IN1-17	6	39	CGV	Care giver 			4
IN1-17	7	39	CHD	Child			4
IN1-17	8	39	DEP	Handicapped dependant			4
IN1-17	9	39	DOM	Life partner			4
IN1-17	10	39	EMC	Emergency contact			4
IN1-17	11	39	EME	Employee	EME		4
IN1-17	12	39	EMR	Employer			4
IN1-17	13	39	EXF	Extended family			4
IN1-17	14	39	FCH	Foster child 	FCH		4
IN1-17	15	39	FND	Friend			4
IN1-17	16	39	FTH	Father 	FTH		4
IN1-17	17	39	GCH	Grandchild			4
IN1-17	18	39	GRD	Guardian 			4
IN1-17	19	39	GRP	Grandparent 	GRP		4
IN1-17	20	39	MGR	Manager			4
IN1-17	21	39	MTH	Mother 	MTH		4
IN1-17	22	39	NCH	Natural child			4
IN1-17	23	39	NON	None			4
IN1-17	24	39	OAD	Other adult			4
IN1-17	25	39	OTH	Other 	OTH, CHD, UNK, DOM, 16, GCH, ng, 		4
IN1-17	26	39	OWN	Owner			4
IN1-17	27	39	PAR	Parent 	PAR		4
IN1-17	28	39	SCH	Stepchild 	SCH		4
IN1-17	29	39	SEL	Self	SEL		4
IN1-17	30	39	SIB	Sibling 			4
IN1-17	31	39	SIS	Sister 	SIS		4
IN1-17	32	39	SPO	Spouse	SPO		4
IN1-17	33	39	TRA	Trainer			4
IN1-17	34	39	UNK	Unknown			4
IN1-17	35	39	WRD	Ward of court	WRD		4
IN1-17	36	39	AUN	Aunt 			4
IN1-17	37	39	DAU	Daughter			4
IN1-17	38	39	EXS	Ex Spouse 			4
IN1-17	39	39	EXH	Ex-husband			4
IN1-17	40	39	EXW	Ex-wife 			4
IN1-17	41	39	INL	In Law 			4
IN1-17	42	39	LEG	Legal Guardian 			4
IN1-17	43	39	SON	Son (S)			4
IN1-17	44	39	STP	Step Parent (STP)			4
IN1-17	45	39	STS	Step Sibling			4
IN1-17	46	39	UN	Uncle (UN)			4
IN1	2	42	IN1-3 Value	IN1-4 Value	Payer		4
IN1	3	42	1001	BCN	BCBSM		2
IN1	4	42	755	Blue Cross of MI	BCBSM		00000000
IN1	5	42	757	Blue Cross of MI 2nd	BCBSM		00000000
IN1	6	42	751	BC CLINIC	BCBSM		00000000
IN1	7	42	759	BLUE SHIELD	BCBSM		00000000
IN1	8	42	761	BLUE CROSS TRUST	BCBSM		00000000
IN1	9	42	32540	BLUE CROSS TRUST 2ND	BCBSM		00000000
IN1	10	42	763	BLUE SHIELD TRUST	BCBSM		00000000
IN1	11	42	765	BLUE CROSS/BLUE CHOICE	BCBSM		00000000
IN1	12	42	767	FEDERAL BLUE SHIELD	BCBSM		00000000
IN1	13	42	769	FEDERAL BLUE CROSS	BCBSM		00000000
IN1	14	42	32471	BLUE CROSS CORRECTIONAL PHS	BCBSM		00000000
IN1	15	42	12696714	BLUE CROSS OOS	BCBSM		00000000
IN1	16	42	12696723	BLUE CROSS OOS 1500	BCBSM		00000000
IN1	18	42	23236053	MOLINA MI CHILD	MOLINA		00000000
IN1	19	42	88	MOLINA HEALTHCARE OF MICHIGAN	MOLINA		00000000
IN1	20	42	1692505	MOLINA HEALTHCARE 1500	MOLINA		00000000
IN1	21	42	23941696	MOLINA HEALTHCARE HMP	MOLINA		00000000
IN1	22	42	23941755	MOLINA HEALTHCARE HMP 1500	MOLINA		00000000
IN1	23	42	14613889	MOLINA HEALTHCARE CLINIC	MOLINA		00000000
IN1	24	42	14637238	MOLINA HEALTHCARE 1500 CLINIC	MOLINA		00000000
IN1	25	42	23941777	MOLINA HEALTHCARE HMP CLINIC	MOLINA		00000000
IN1	26	42	23941864	MOLINA HEALTHCARE HMP 1500 CLINI	MOLINA		00000000
IN1	28	42	178	MEDICAID HMO 1500 PLAN	MEDICAID		00000000
IN1	29	42	23941425	MEDICAID HMP HMO 1500 PLAN	MEDICAID		00000000
IN1	30	42	35	MEDICAID CLINIC PLAN	MEDICAID		00000000
IN1	31	42	23941586	MEDICAID OF MI HMP CLINIC	MEDICAID		00000000
IN1	32	42	39	MEDICAID LTC	MEDICAID		00000000
IN1	33	42	1510	CAID/CARE LTC BASIC	MEDICAID		00000000
IN1	34	42	44	MEDICAID OF MI	MEDICAID		00000000
IN1	35	42	23941520	MEDICAID OF MI HMP	MEDICAID		00000000
IN1	36	42	178	MEDICAID HMO 1500 PLAN	MEDICAID		00000000
IN1	37	42	23941425	MEDICAID HMP HMO 1500 PLAN	MEDICAID		00000000
IN1	39	42	1	MEDICARE PART A COVERAGE	MEDICARE		00000000
IN1	40	42	23	MEDICARE PART B PC	MEDICARE		00000000
IN1	41	42	27	MEDICARE A ONLY	MEDICARE		00000000
IN1	42	42	86621	MEDICARE LMH	MEDICARE		00000000
IN1	43	42	29	MEDICARE SKILLED LTC	MEDICARE		00000000
IN1	44	42	17913552	MEDICARE SKILLED LTC 1500	MEDICARE		00000000
IN1	45	42	31	MEDICARE PART B ONLY	MEDICARE		00000000
IN1	46	42	93285	MEDICARE PLUS BLUE	MEDICARE		00000000
IN1	47	42	93287	MEDICARE PLUS BLUE 1500	MEDICARE		00000000
IN1	48	42	248491	PRIORITY MEDICARE	MEDICARE		00000000
IN1	49	42	248493	PRIORITY MEDICARE 1500 PLAN	MEDICARE		00000000
IN1	50	42	390479	ALLIANCE MEDICARE HMO	MEDICARE		00000000
IN1	51	42	390481	ALLIANCE MEDICARE HMO 1500	MEDICARE		00000000
IN1	52	42	6784515	AETNAMEDICARE ADVANTAGE	MEDICARE		00000000
IN1	53	42	8554664	AETNAMEDICARE ADVANTAGE 1500	MEDICARE		00000000
IN1	54	42	9612937	MEDICARE PLUS BLUE CAH	MEDICARE		00000000
IN1	55	42	9612946	PRIORITY MEDICARE CAH	MEDICARE		00000000
IN1	56	42	17400131	PRIORITY MEDICARE CLINIC	MEDICARE		00000000
IN1	57	42	17400171	PRIORITY MCARE CLINIC 1500	MEDICARE		00000000
IN1	58	42	67	MEDICARE HMO 1500 PLAN	MEDICARE		00000000
IN1	59	42	16143009	MEDICARE RAC MERCY	MEDICARE		00000000
IN1	60	42	12844983	AETNAMEDICARE ADVANTAGE CAH	MEDICARE		00000000
IN1	61	42	15096996	PH MEDICARE AT	MEDICARE		00000000
IN1	62	42	15097009	PH MEDICARE AT 1500	MEDICARE		00000000
IN1	63	42	13868358	MEDICARE ADV OUT OF STATE BC	MEDICARE		00000000
IN1	64	42	13868371	MEDICARE ADV OUT OF STATE BC 150	MEDICARE		00000000
IN1	65	42	13868380	MEDICARE ADV OUT OF STATE BC CAH	MEDICARE		00000000
IN1	66	42	13868389	MEDICARE ADV OUT OF STATE BC RHC	MEDICARE		00000000
IN1	67	42	13868392	MCARE ADV OUT OF STATE BC NON RH	MEDICARE		00000000
IN1	68	42	14616478	MEDICARE PLUS BLUE SKILLED LTC	MEDICARE		00000000
IN1	69	42	14616518	PRIORITY MEDICARE SKILLED LTC	MEDICARE		00000000
IN1	70	42	14616531	PRIORITY MEDICARE BASIC LTC	MEDICARE		00000000
IN1	71	42	16176768	PRIORITY MEDICARE LTC 1500	MEDICARE		00000000
IN1	72	42	14616618	AETNAMEDICARE ADV SKILLED LTC	MEDICARE		00000000
IN1	73	42	14616683	AETNAMEDICARE ADV BASIC LTC	MEDICARE		00000000
IN1	74	42	14616716	AETNAMEDICARE ADV LTC 1500	MEDICARE		00000000
IN1	76	42	549	HAP	HAP		00000000
IN1	77	42	390475	HAP SENIOR PLUS	HAP		00000000
IN1	78	42	390477	HAP SENIOR PLUS 1500	HAP		00000000
IN1	79	42	14616587	HAP SENIOR PLUS SKILLED LTC	HAP		00000000
IN1	80	42	14616604	HAP SENIOR PLUS BASIC LTC	HAP		00000000
IN1	81	42	14616611	HAP SENIOR PLUS LTC 1500	HAP		00000000
IN1	82	42	549	HAP/AHL/CURANET	HAP		00000000
IN1	84	42	1164	PRIORITY HEALTH	PRIORITY		00000000
IN1	85	42	9793	PRIORITY HEALTH CLINIC	PRIORITY		00000000
IN1	86	42	9295	PRIORITY HEALTH CLINIC NPF	PRIORITY		00000000
IN1	87	42	58859	PRIORITY HEALTH PPO	PRIORITY		00000000
IN1	88	42	924501	PRIORITY HEALTH PC 1500	PRIORITY		00000000
IN1	89	42	14629567	PRIORITY HEALTH HRA	PRIORITY		00000000
IN1	91	42	32445	MERIDIAN HEALTH PLAN OF MI	MERIDIAN		00000000
IN1	92	42	23941910	MERIDIAN HMP	MERIDIAN		00000000
IN1	93	42	23941941	MERIDIAN HEALTH PLAN OF MI 1500	MERIDIAN		00000000
IN1	94	42	14613863	MERIDIAN HEALTH CLINIC PLAN OF M	MERIDIAN		00000000
IN1	95	42	14613872	MERIDIAN HLTH CLN PLAN OF MI 150	MERIDIAN		00000000
IN1	96	42	23942007	MERIDIAN HMP 1500 CLINIC	MERIDIAN		00000000
IN1	97	42	23941961	MERIDIAN HMP CLINIC	MERIDIAN		00000000
IN1	99	42	1051	Health Plus of Michigan	HEALTHPLUS		00000000
IN1	100	42	21215863	HEALTH PLUS OF MICHIGAN	HEALTHPLUS		00000000
IN1	101	42	390483	HEALTH PLUS OF MICHIGAN 1500	HEALTHPLUS		00000000
IN1	102	42	94	HEALTH PLUS PARTNERS INC.	HEALTHPLUS		00000000
IN1	104	42	16	Sentry Insurance			00000000
IN1	105	42	16	CMI Claims Management			00000000
IN1	106	42	8	Fortis Benefits Ins Co			00000000
IN1	107	42	16	Sedgwick CMS-Troy MI			00000000
IN1	108	42	10	United Healthcare Advantage			00000000
IN1	109	42	9	Medicaid Pending I/P	MEDICAID		00000000
IN1	110	42	10640423	Esurance			00000000
IN1	111	42	8	ALTIUS			00000000
IN1	112	42	10	MEDICARE OP CRITICAL ACCESS	MEDICARE		00000000
IN1	113	42	13	COFINITY MERITAIN			00000000
IN1	114	42	44192	Federal Blue Cross	BCBSM		00000000
IN1	115	42	16	WORK COMP	SELF-PAY		00000000
IN1	116	42	9	Meridian HMP Clinic	MERIDIAN		00000000
IN1	117	42	8	MOAA MEDIPLUS			00000000
IN1	118	42	8	AAA EVALUATIONS			00000000
IN1	119	42	9	HEALTHPLUS HMP			00000000
IN1	120	42	16	Comp One Administrators	SELF-PAY		00000000
IN1	121	42	7	Cigna HealthCare			00000000
IN1	122	42	8	Govt Employees Hospital	SELF-PAY		00000000
IN1	123	42	8	Northern Group Services			00000000
IN1	124	42	10640423	Citizens Insurance Co			00000000
IN1	125	42	8	Select Benefit Administrators	SELF-PAY		00000000
IN1	126	42	9	Molina Healthcare HMP	MOLINA		00000000
IN1	127	42	8	B/Care Network of Michigan G210	BCBSM		00000000
IN1	128	42	13	LIBERTY UNION LIFE			00000000
IN1	129	42	5	Aetna ACI			00000000
IN1	130	42	8	COMMUNITY HEALTH PARTNERS			00000000
IN1	131	42	10	Humana Gold Choice			00000000
IN1	132	42	9	Priority Health Caid	PRIORITY		00000000
IN1	133	42	421	Actively Pursuing Caid w/ Patient			00000000
IN1	134	42	8	Hospice of Michigan	SELF-PAY		00000000
IN1	135	42	8	Consumers Mutual Ins			00000000
IN1	136	42	10640423	AAA Insurance			00000000
IN1	137	42	8	MRCC			00000000
IN1	138	42	9	McLaren Health Plan Clinic			00000000
IN1	139	42	9	McLaren HMP			00000000
IN1	140	42	8	Health Net Federal Service Clinic			00000000
IN1	141	42	10640423	Liberty Mutual Group			00000000
IN1	142	42	9	Medicaid of MI RHC	MEDICAID		00000000
IN1	143	42	13	UNITED HEALTH ONE			00000000
IN1	144	42	1438422	Munson Dialysis Center	SELF-PAY		00000000
IN1	145	42	10	Medicare Plus Blue	MEDICARE		00000000
IN1	146	42	8	Vocational Rehabilitation	SELF-PAY		00000000
IN1	147	42	1438422	Military Pend	SELF-PAY		00000000
IN1	148	42	8	CSI			00000000
IN1	149	42	10	United Healthcare Adv CAH			00000000
IN1	150	42	13	GLOBAL CARE			00000000
IN1	151	42	9	Molina Healthcare of Michigan	MOLINA		00000000
IN1	152	42	8	MICHIGAN DEPARTMENT OF CORRECTION	SELF-PAY		00000000
IN1	153	42	16	CCMSI			00000000
IN1	154	42	9	Priority Caid HMP Clinic	PRIORITY		00000000
IN1	155	42	8	Federated Mutual Ins Co			00000000
IN1	156	42	10640423	Frankenmuth Ins			00000000
IN1	157	42	9	Medicaid of MI HMP Clinic	MEDICAID		00000000
IN1	158	42	8	FOREIGN SERVICE BENEFIT PLAN			00000000
IN1	159	42	8	HEALTHPARTNERS CLAIMS			00000000
IN1	160	42	10640423	Wolverine Ins Co			00000000
IN1	161	42	8	MEIRTAIN			00000000
IN1	162	42	9	Meridian HMP	MERIDIAN		00000000
IN1	163	42	9	Priority Caid HMP	PRIORITY		00000000
IN1	164	42	16	BERKLEY SPECIALTY UNDERWRITING MANAGER	SELF-PAY		00000000
IN1	165	42	16	THE LAKEVIEW	SELF-PAY		00000000
IN1	166	42	9	Molina Healthcare HMP Clinic	MOLINA		00000000
IN1	167	42	13	PPOM Professional Benefit Service			00000000
IN1	168	42	12	PHCS BY MILTIPLAN			00000000
IN1	169	42	13	PPOM-Medical Mutual of Ohio			00000000
IN1	170	42	1438422	KMHC Liability	SELF-PAY		00000000
IN1	171	42	44192	Blue Cross FEP Clinic	BCBSM		00000000
IN1	172	42	10	Humana Advantage CAH			00000000
IN1	173	42	8	Priority Health PPO	PRIORITY		00000000
IN1	174	42	16	NORTHERN DESIGN SERVICES	SELF-PAY		00000000
IN1	175	42	16	The Hartford/SRS Co			00000000
IN1	176	42	16	AIG National Union			00000000
IN1	177	42	1438422	Work Comp Pend	SELF-PAY		00000000
IN1	178	42	9	Molina Healthcare Clinic	MOLINA		00000000
IN1	179	42	8	ASSURANT			00000000
IN1	180	42	8	VA Medical Center Aleda E Lutz			00000000
IN1	181	42	10640423	State Farm Insurance Co			00000000
IN1	182	42	8	Priority Health	PRIORITY		00000000
IN1	183	42	8	CORRECTIONAL MEDICAL			00000000
IN1	184	42	8	*Generic Hospice	SELF-PAY		00000000
IN1	185	42	8	CONTRA COSTA HEALTH PLAN			00000000
IN1	186	42	16	MACKINAW ADMINISTRATIORS	SELF-PAY		00000000
IN1	187	42	13	PPOM-Mid America Associates Inc			00000000
IN1	188	42	10640423	USAA Property & Casualty Ins			00000000
IN1	189	42	12	TUFTS HEALTH PLAN			00000000
IN1	190	42	8	Administrative System RE			00000000
IN1	191	42	8	Little River Band of Ottawa Indians	SELF-PAY		00000000
IN1	192	42	10640423	Farmers Auto Ins			00000000
IN1	193	42	43022	Blue Cross Out of State	BCBSM		00000000
IN1	194	42	13	PPOM FEDERATED MUTUAL			00000000
IN1	195	42	15	United Healthcare			00000000
IN1	196	42	13	UPPER PENINSULA HEALTH PLAN			00000000
IN1	197	42	1438422	MA Eligibility			00000000
IN1	198	42	9	Midwest Health Plan			00000000
IN1	199	42	1438422	Northwest Mi Community Hlth Agency	SELF-PAY		00000000
IN1	200	42	7	Cigna Seafarers Hlth Benefit Plan			00000000
IN1	201	42	10640423	Meemic Ins			00000000
IN1	202	42	9	Health Plus of Michigan	HEALTHPLUS		00000000
IN1	203	42	8	Globalcare			00000000
IN1	204	42	16	Esis Inc-Mich Claims Office	SELF-PAY		00000000
IN1	205	42	16	BAY HOME HEALTH CARE	SELF-PAY		00000000
IN1	206	42	11082423	Mercy Blue Cross Domestic			00000000
IN1	207	42	13	LIBERTY UNION MID AMERICA			00000000
IN1	208	42	16	Travelers Ins Co 13			00000000
IN1	209	42	421	Private Pay	SELF-PAY		00000000
IN1	210	42	10640423	Progressive			00000000
IN1	211	42	13	FEDERATED INSURNACE			00000000
IN1	212	42	8	Cambridge			00000000
IN1	213	42	16	Travelers Group Work Comp	SELF-PAY		00000000
IN1	214	42	8	Physicians Health Plan			00000000
IN1	215	42	10640423	Safe-Co Insurance Co			00000000
IN1	216	42	8	Prairie States Enterprises	SELF-PAY		00000000
IN1	217	42	8	WEXFORD ADOLESCENT WELLNESS CENTER	SELF-PAY		00000000
IN1	218	42	7	Cigna Aftra Health Plan			00000000
IN1	219	42	8	LIBERTY HEALTHSHARE			00000000
IN1	220	42	8	Health Net Federal Services			00000000
IN1	221	42	421	Medicaid Pending w/ App Submitted	MEDICAID		00000000
IN1	222	42	16	SPENCE BROTHER CO	SELF-PAY		00000000
IN1	223	42	9	Priority Health Caid Clinic	PRIORITY		00000000
IN1	224	42	8	SEDGWICK CLAIMS MANAGEMENT SERV	SELF-PAY		00000000
IN1	225	42	10	Medicare Part A Coverage	MEDICARE		00000000
IN1	226	42	9	Upper Peninsula Health Plans			00000000
IN1	227	42	10640423	Allstate Ins Co			00000000
IN1	228	42	9	Jennifer Loomis Out of State Medicaid			00000000
IN1	229	42	8	LITTLE RIVER BAND	SELF-PAY		00000000
IN1	230	42	16	Accident Fund Co			00000000
IN1	231	42	13	PPOM-Humana			00000000
IN1	232	42	15	UMR			00000000
IN1	233	42	10	Medicare A Only	MEDICARE		00000000
IN1	234	42	8	AUXIANT			00000000
IN1	235	42	421	Do Not Bill Health Insurance	SELF-PAY		00000000
IN1	236	42	8	CHERRY HILL HAVEN	SELF-PAY		00000000
IN1	237	42	8	HEALTHSCOPE BENEFITS			00000000
IN1	238	42	5	Aetna			00000000
IN1	239	42	10640423	Auto Owners Ins Co			00000000
IN1	240	42	5	Aetna Assurant Health/ASA			00000000
IN1	241	42	44548	Michigan National Guard	SELF-PAY		00000000
IN1	242	42	14278434	Bayer 15396	SELF-PAY		00000000
IN1	243	42	10	BCN Advantage JVHL CAH			00000000
IN1	244	42	13	Cofinity Forest County Potawatomi	SELF-PAY		00000000
IN1	245	42	9	Priority Health MICHILD	PRIORITY		00000000
IN1	246	42	16	MACKINAW ADMINSTRATORS	SELF-PAY		00000000
IN1	247	42	1438422	District Health Department #10	SELF-PAY		00000000
IN1	248	42	8	ADP COBRA SERVICES	SELF-PAY		00000000
IN1	249	42	8	Blue Care Network Clinic Plan	BCBSM		00000000
IN1	250	42	9	UPPER PENINSULA HEALTH PLAN HMP			00000000
IN1	251	42	9	Medicaid of MI HMP	MEDICAID		00000000
IN1	252	42	9	Great Lakes Billing Services	SELF-PAY		00000000
IN1	253	42	13	PPOM-Group Marketing Svc. Inc			00000000
IN1	254	42	16	MMC Comp	SELF-PAY		00000000
IN1	255	42	8	North American Administrators	SELF-PAY		00000000
IN1	256	42	16	Auto Owners			00000000
IN1	257	42	12	MEDICA			00000000
IN1	258	42	8	Priority Health Clinic	PRIORITY		00000000
IN1	259	42	13	PPOM AETNA			00000000
IN1	260	42	8	WPS Tricare for Life			00000000
IN1	261	42	10	Medicare Adv Out of State BC	MEDICARE		00000000
IN1	262	42	9	Molina MI Child	MOLINA		00000000
IN1	263	42	16	LAKEVIEW LUTHERAN MANOR	SELF-PAY		00000000
IN1	264	42	10640423	Farm Bureau Ins			00000000
IN1	265	42	8	ASSURANT HEALTH/ASA			00000000
IN1	266	42	43022	B/C Clinic Out of State	BCBSM		00000000
IN1	267	42	9	McLaren MI Child			00000000
IN1	268	42	10	AetnaMedicare Advantage CAH			00000000
IN1	269	42	10	Priority Health CAH	PRIORITY		00000000
IN1	270	42	8	Medical Mutual			00000000
IN1	271	42	9	Medicaid of MI	MEDICAID		00000000
IN1	272	42	16	MEADOWBROOK MML CLAIMS	SELF-PAY		00000000
IN1	273	42	8	Munson Hospice	SELF-PAY		00000000
IN1	274	42	16	US Dept of Labor	SELF-PAY		00000000
IN1	275	42	8	FIRST HEALTH			00000000
IN1	276	42	13	PPOM-Fortis Insurance Co			00000000
IN1	277	42	16	ACUITY	SELF-PAY		00000000
IN1	278	42	1438422	Financial Assistance Pend Plan	SELF-PAY		00000000
IN1	279	42	8	Blue Care Network MI HRA	BCBSM		00000000
IN1	280	42	5	Aetna US HealthCare-Som/Con.Energ			00000000
IN1	281	42	8	UGS GLOBALCARE			00000000
IN1	282	42	8	GENERAL CASULTY	SELF-PAY		00000000
IN1	283	42	16	*GENERIC EMPLOYER PLAN	SELF-PAY		00000000
IN1	284	42	44192	BCBS Camp Pugsley	BCBSM		00000000
IN1	285	42	10	BCN Advantage CAH	BCBSM		00000000
IN1	286	42	10	BCN Advantage			00000000
IN1	287	42	1438422	Financial Assistance	SELF-PAY		00000000
IN1	288	42	16	Gallagher Bassett	SELF-PAY		00000000
IN1	289	42	10	AetnaMedicare Advantage			00000000
IN1	290	42	13	JFP BENEFIT MANAGEMENT	SELF-PAY		00000000
IN1	291	42	9	Health Plan of Mich Clinic			00000000
IN1	292	42	16	FREEMONT MUTUAL INSURANCE			00000000
IN1	293	42	43205	UMR			00000000
IN1	294	42	8	ASSURANT HEALTH			00000000
IN1	295	42	8	Health Alliance Plan			00000000
IN1	296	42	10	BCN Advantage JVHL	BCBSM		00000000
IN1	297	42	16	GRAND TRAVERSE INDUSTRIES	SELF-PAY		00000000
IN1	298	42	8	Advanced Benefit Solutions HRA			00000000
IN1	299	42	8	AMERICAN HEALTHCARE ALLIANCE			00000000
IN1	300	42	9	Child Special Hlth Care Srv In/Out	SELF-PAY		00000000
IN1	301	42	10	Medicare Plus Blue CAH	MEDICARE		00000000
IN1	302	42	8	Humana			00000000
IN1	303	42	13	COFINITY			00000000
IN1	304	42	8	Health Plus of Michigan	HEALTHPLUS		00000000
IN1	305	42	8	Golden Rule Ins Co			00000000
IN1	306	42	10	Priority Health	PRIORITY		00000000
IN1	307	42	44192	BC Clinic	BCBSM		00000000
IN1	308	42	9	Health Plan of Michigan			00000000
IN1	309	42	44192	Blue cross Of MI	BCBSM		00000000
IN1	310	42	8	Champva Center			00000000
IN1	311	42	1438422	Auto Pending	SELF-PAY		00000000
IN1	312	42	9	Great Lakes Hlt Plan Inc	SELF-PAY		00000000
IN1	313	42	10640423	*Generic Auto	SELF-PAY		00000000
IN1	314	42	10	*Generic Medicare Advantage	MEDICARE		00000000
IN1	315	42	16	AMERICAN WASTE	SELF-PAY		00000000
IN1	316	42	13	PPOM-Golden Rule			00000000
IN1	317	42	9	McLaren Health Plan			00000000
IN1	318	42	44192	Blue Cross Trust	BCBSM		00000000
IN1	319	42	16	Liberty Mutual			00000000
IN1	320	42	8	Private Pay CP	SELF-PAY		00000000
IN1	321	42	13	PPOM US Health and Life			00000000
IN1	322	42	7	Cigna JVHL			00000000
IN1	323	42	9	Maternity Outpatient Medical Srvs	SELF-PAY		00000000
IN1	324	42	12	Administration Systems Research	SELF-PAY		00000000
IN1	325	42	16	Hastings Mutual			00000000
IN1	326	42	8	CAREPAYMENT MERCY	SELF-PAY		00000000
IN1	327	42	13	PPOM-Employee Benefit Concepts			00000000
IN1	328	42	8	REGENCY EMPLOYEE BENEFITS			00000000
IN1	329	42	13	PPOM-American Medical Security			00000000
IN1	330	42	8	YORK RISK SERVICES	SELF-PAY		00000000
IN1	331	42	1438422	Business Ofc Needs Work Comp Ins	SELF-PAY		00000000
IN1	332	42	13	PPOM-Regency Employee Benefits			00000000
IN1	333	42	10	 Medicare Skilled LTC			00000000
IN1	334	42	12	UNITY HEALTH INS			00000000
IN1	335	42	8	 MEDASSIST	SELF-PAY		00000000
IN1	336	42	8	TOTAL HEALTH CARE USA			00000000
IN1	337	42	16	BUNCH CARE SOLUTIONS	SELF-PAY		00000000
IN1	338	42	8	Priority Health HSA/HRA			00000000
IN1	339	42	13	COFINITY LIBERTY UNION LIFE			00000000
IN1	340	42	16	DEERINGS MARKET	SELF-PAY		00000000
IN1	341	42	8	GLOBAL EXCEL MGMT	SELF-PAY		00000000
IN1	342	42	13	JFP BENEFIT	SELF-PAY		00000000
IN1	343	42	1438422	Generic Donor Testing	SELF-PAY		00000000
IN1	344	42	16	CMI			00000000
IN1	345	42	8	HEALTHSCOPE	SELF-PAY		00000000
IN1	346	42	16	CRYSTAL LAKE CLINIC	SELF-PAY		00000000
IN1	347	42	1438422	Spend Down Pending	SELF-PAY		00000000
IN1	348	42	8	GALLAGHER BASSETT	SELF-PAY		00000000
IN1	349	42	13	AMERICAN CHOICE HEALTHPLANS			00000000
IN1	350	42	8	CARESOURCE			00000000
IN1	351	42	16	VEDDLER DAILRY LLC	SELF-PAY		00000000
IN1	352	42	8	COVENTRY HEALTH CARE			00000000
IN1	353	42	8	SAULT STE MARIE CHIPPEWA INDIANS	SELF-PAY		00000000
IN1	354	42	8	UPMC HEALTH PLAN			00000000
IN1	355	42	1438422	Liability Pend	SELF-PAY		00000000
IN1	356	42	16	MONTANA STATE FUND			00000000
IN1	357	42	8	BCCCP MICHIGAN	BCBSM		00000000
IN1	358	42	8	KALKASKA COUNTY JAIL	SELF-PAY		00000000
IN1	359	42	14278434	Leadless II Cardiac Research	SELF-PAY		00000000
IN1	360	42	1438422	SAFE Response Crime Victim Svcs	SELF-PAY		00000000
IN1	361	42	44192	Blue Cross/Blue Choice	BCBSM		00000000
IN1	362	42	8	NATIONWIDE SPECIALTY HEALTH CLAIMS			00000000
IN1	363	42	16	Cornerstone Staffing Solutions	SELF-PAY		00000000
IN1	364	42	13	HEALTH PLAN  PPOM COFINITY			00000000
IN1	365	42	16	Citizens Insurance***			00000000
IN1	366	42	10640423	Geico			00000000
IN1	367	42	13	PPOM-ABS Bankers			00000000
IN1	368	42	13	PPOM J P FARLEY CORPORATION			00000000
IN1	369	42	12	Fiserv Health			00000000
IN1	370	42	16	CEDAR TAVERN	SELF-PAY		00000000
IN1	371	42	14278434	Inovate HF			00000000
IN1	372	42	8	U OF M TRANSPLANT CENTER	SELF-PAY		00000000
IN1	373	42	13	COFINITY ?			00000000
IN1	374	42	13	COFINITY MEDBEN			00000000
IN1	375	42	13	PPOM-American Community			00000000
IN1	376	42	43205	GROUP HEALTH	SELF-PAY		00000000
IN1	377	42	8	Commercial 1500 Plan			00000000
IN1	378	42	16	EASTERN ALLIANCE INS GROUP			00000000
IN1	379	42	10640423	Affirmative Auto Ins			00000000
IN1	380	42	10	MOLINA HEALTHCARE OF MI			00000000
IN1	381	42	16	GRAND RIVER INSURANCE			00000000
IN1	382	42	8	Hospice Amicare	SELF-PAY		00000000
IN1	383	42	13	COFINITY JFP			00000000
IN1	384	42	13	COFINITY GLOBAL CARE INC			00000000
IN1	385	42	16	MCDC MANCELONA OFFICE			00000000
IN1	386	42	8	HILLSHIRE	SELF-PAY		00000000
IN1	387	42	8	MASTERS  MATES  & PILOTS HEALTH	SELF-PAY		00000000
IN1	388	42	10	Medicare Adv Out of State BC CAH			00000000
IN1	389	42	1438422	Cad & Gry Free Clinic	SELF-PAY		00000000
IN1	390	42	8	Transamerica			00000000
IN1	391	42	16	TEXAS PROPERTY AND CASUALTY INS			00000000
IN1	392	42	13	PPOM Prairie States Enterprises			00000000
IN1	393	42	8	COMPANION LIFE	SELF-PAY		00000000
IN1	394	42	1438422	Business Office Needs Auto Ins	SELF-PAY		00000000
IN1	395	42	8	Rural Carrier Benefit Plan	SELF-PAY		00000000
IN1	396	42	8	US HEALTH & LIFE INS			00000000
IN1	397	42	8	HEALTH NET OF ARIZONA			00000000
IN1	398	42	16	FRED'S OF ROSCOMMON	SELF-PAY		00000000
IN1	399	42	1438422	PEERS/Risk Mgmt for the Mercy's	SELF-PAY		00000000
IN1	400	42	10640423	Titan Insurance			00000000
IN1	401	42	9	MIDWEST HEALTH PLAN HMP			00000000
IN1	402	42	13	AMERICAN NATIONAL INS CO			00000000
IN1	403	42	13	COFINTY			00000000
IN1	404	42	8	GENERIC	SELF-PAY		00000000
IN1	405	42	16	WOLF 109	SELF-PAY		00000000
IN1	406	42	43205	FIRST HEALTH NETWORK			00000000
IN1	407	42	16	MCMC LLC			00000000
IN1	408	42	9	HEALTH PLUS PARTNERS HMP			00000000
IN1	409	42	10640423	Bristol West	SELF-PAY		00000000
IN1	410	42	8	INSURANCETPA.COM			00000000
IN1	411	42	8	UNIFIED INSURANCE COMPANIES			00000000
IN1	412	42	8	FAMILY AND COSMETIC DENTISTRY MARK DAVEY	SELF-PAY		00000000
IN1	413	42	16	COMP ONE	SELF-PAY		00000000
IN1	414	42	1438422	Michigan Amish Medical Board	SELF-PAY		00000000
IN1	415	42	13	COFINITY LIBERTY UNION			00000000
IN1	416	42	13	PPOM Starmark			00000000
IN1	417	42	13	INTERACTIVE  MEDICAL SYSTEMS	SELF-PAY		00000000
IN1	418	42	13	AMERICAN MEDICAL SECURITY			00000000
IN1	419	42	10	Medicare Basic LTC			00000000
IN1	420	42	16	BUNCH AND ASSOCIATES	SELF-PAY		00000000
IN1	421	42	8	VA BATTLE CREEK MEDICAL CENTER	SELF-PAY		00000000
IN1	422	42	13	PPOM-Administrative System Res			00000000
IN1	423	42	16	MICHIGAN MILLERS MUTUAL INSURANCE	SELF-PAY		00000000
IN1	424	42	13	COFINITY FEDERATED			00000000
IN1	425	42	16	FCCI	SELF-PAY		00000000
IN1	426	42	10640423	Grange Mutual Casualty			00000000
IN1	427	42	9	CENTRAL HEALTH ABW			00000000
IN1	428	42	13	COFINITY US HEALTH & LIFE CLINIC			00000000
IN1	429	42	8	ALLIANCE HEALTH			00000000
IN1	430	42	1438422	Generic County Prosecuting Atty	SELF-PAY		00000000
IN1	431	42	8	Benefit Plan Administrators  Inc.			00000000
IN1	432	42	16	WC EAGLE CLAIMS	SELF-PAY		00000000
IN1	433	42	7	Cigna Master Mates and Pilots			00000000
IN1	434	42	16	The Maples - BCMCF	SELF-PAY		00000000
IN1	435	42	1438422	GT County Prosecuting Attorney	SELF-PAY		00000000
IN1	436	42	10640423	Harleysville Lake States	SELF-PAY		00000000
IN1	437	42	9	McLaren HMP Clinic			00000000
IN1	438	42	44192	Blue Cross Trust 2nd	BCBSM		00000000
IN1	439	42	16	Westfield Insurance	SELF-PAY		00000000
IN1	440	42	16	MICHIGAN MUNICIPAL LEAGUE			00000000
IN1	441	42	10640423	Hastings Mutual Ins			00000000
IN1	442	42	8	ALLIANCE HEALTH AND LIFE INSURANCE			00000000
IN1	443	42	1438422	Bras for a Cause	SELF-PAY		00000000
IN1	444	42	1438422	Kenney Fund SDC	SELF-PAY		00000000
IN1	445	42	8	ALLSAVER/UHC CHOICE ONE			00000000
IN1	446	42	9	AHCCCS HEALTH CHOICE  ARIZONA			00000000
IN1	447	42	8	 8:Veterans Choice Program	SELF-PAY		00000000
IN1	448	42	8	Generic HSA or HRA	SELF-PAY		00000000
IN1	449	42	10640423	Michigan Millers	SELF-PAY		00000000
IN1	450	42	8	OXFORD LIFE			00000000
IN1	451	42	8	UNITY HEALTH INSURANCE			00000000
IN1	452	42	5	Aetna Life Insurance Company			00000000
IN1	453	42	13	COFINITY GLOBAL CARE			00000000
IN1	454	42	43205	FIRST HEALTH			00000000
IN1	455	42	10	HUMANA			00000000
IN1	456	42	16	WILHELM LANDSCAPES	SELF-PAY		00000000
IN1	457	42	13	CONFITY JFP BENEFIT MANAGMENT	SELF-PAY		00000000
IN1	458	42	8	HEALTHSPAN			00000000
IN1	459	42	8	REGENCY EMPLOYEE BEN GCI	SELF-PAY		00000000
IN1	460	42	9	GENERIC	SELF-PAY		00000000
IN1	461	42	10	Generic Medicare HMO/ADV CAH			00000000
IN1	462	42	8	US MARSHALS SERVICES	SELF-PAY		00000000
IN1	463	42	16	CBCS			00000000
IN1	464	42	8	Auto Owners Ins Co	SELF-PAY		00000000
IN1	465	42	8	SYMETRA			00000000
IN1	466	42	8	SAULT TRIBE	SELF-PAY		00000000
IN1	467	42	8	GLOBAL CARE	SELF-PAY		00000000
IN1	468	42	13	LIBERTY UNION LIFE ASSURANCE CO			00000000
IN1	469	42	8	Dist Health Dept #1 Cadillac	SELF-PAY		00000000
IN1	470	42	13	COFINITY ACTIVA BENEFITS			00000000
IN1	471	42	8	State Farm Health Insurance			00000000
IN1	472	42	12	KENAI PENINSULA BOROUGH SCHOOL DISTRICT	SELF-PAY		00000000
IN1	473	42	8	PRIORITY HEALTH PC 1500			00000000
IN1	474	42	8	Correctional Healthcare Co			00000000
IN1	475	42	13	PPOM-Northern Group Services			00000000
IN1	476	42	8	Correct Care Solutions	SELF-PAY		00000000
IN1	477	42	13	COFINITY FEDERATED INSURANCE			00000000
IN1	478	42	8	TOTAL HEALTH CARE			00000000
IN1	479	42	8	GR TR Co Sheriff - Corrections Dept	SELF-PAY		00000000
IN1	480	42	8	Gerber Life Insurance Company			00000000
IN1	481	42	16	INTERLOCHEN CENTER FOR THE ARTS	SELF-PAY		00000000
IN1	482	42	8	CHESTERFIELD RESOURCES	SELF-PAY		00000000
IN1	483	42	16	AMTRUST NORTH AMERICAN	SELF-PAY		00000000
IN1	484	42	8	HTH WORLDWIDE	SELF-PAY		00000000
IN1	485	42	9	Northeast Health Plan ABW			00000000
IN1	486	42	8	DEPT OF COMMUNITY HEALTH	SELF-PAY		00000000
IN1	487	42	16	Meijers	SELF-PAY		00000000
IN1	488	42	8	CADILLAC SURGICAL CARE	SELF-PAY		00000000
IN1	489	42	13	PPOM-Automated Benefit Services			00000000
IN1	490	42	13	AMERICANS CHOICE HEALTH PLAN			00000000
IN1	491	42	16	BORIDE ENGINEERED ABRASIVES	SELF-PAY		00000000
IN1	492	42	8	HEALTH PARTNERS			00000000
IN1	493	42	12	UNITY HEALTH			00000000
IN1	494	42	13	NGS CORESOURCE	SELF-PAY		00000000
IN1	495	42	43205	FOREIGN SERVICE BENEFIT PLAN			00000000
IN1	496	42	13	COFINITY PBS			00000000
IN1	497	42	8	Loyal American	SELF-PAY		00000000
IN1	498	42	8	Northwest MI Human Services	SELF-PAY		00000000
IN1	499	42	13	COFINITY DMCCARE			00000000
IN1	500	42	16	ASU RISK MANAGEMENT			00000000
IN1	501	42	8	COMPASS ROSE HEALTH PLAN			00000000
IN1	502	42	9	Medicaid HMP HMO 1500 Plan			00000000
IN1	503	42	16	PATRIOT NATIONAL INSURANCE			00000000
IN1	504	42	16	MEADOWBROOK INSURANCE CO			00000000
IN1	505	42	8	VA Medical Center 1500			00000000
IN1	506	42	1438422	Kalkaska Dialysis Center	SELF-PAY		00000000
IN1	507	42	7	Cigna APWU Health Plan			00000000
IN1	508	42	16	HEALTH MANGEMENT SOLUTIONS			00000000
IN1	509	42	10640423	Hartford Ins			00000000
IN1	510	42	10	SIERRA HEALTH & LIFE			00000000
IN1	511	42	8	Key Benefit Administration			00000000
IN1	512	42	8	ANTRIM COUNTY JAIL	SELF-PAY		00000000
IN1	513	42	9	GENERIC HMP MEDICAID HMO			00000000
IN1	514	42	13	COFINITY/PPOM			00000000
IN1	515	42	16	Zurich North America			00000000
IN1	516	42	13	Cofinity Aetna Clinic			00000000
IN1	517	42	13	FEDERATED INSURANCE CO			00000000
IN1	518	42	16	SELECTIVE INSURANCE CO			00000000
IN1	519	42	8	AVON AUTOMOTIVE	SELF-PAY		00000000
IN1	520	42	16	CLARK MANUFACTURING	SELF-PAY		00000000
IN1	521	42	8	ASSURANT CLARITY			00000000
IN1	522	42	16	Eagle Claims			00000000
IN1	523	42	16	CHERRY HILL HAVEN WORK COMP	SELF-PAY		00000000
IN1	524	42	8	Michigan Region Council Carpenter	SELF-PAY		00000000
IN1	525	42	16	York Risk Service Group & Inc			00000000
IN1	526	42	8	UNITED WORLD LIFE INSURANCE CO			00000000
IN1	527	42	16	POMH Compensation			00000000
IN1	528	42	43205	EMPLOYER PLAN SERVICES	SELF-PAY		00000000
IN1	529	42	8	Starmark	SELF-PAY		00000000
IN1	530	42	16	ONE BEACON INSURANCE			00000000
IN1	531	42	9	PLAN FIRST FAMILY PLANNING WAIVER	SELF-PAY		00000000
IN1	532	42	13	COFINITY EPMG ACTIVA			00000000
IN1	533	42	16	FEDERATED INSURANCE			00000000
IN1	534	42	16	BITUMINOUS INSURANCE COMPANY			00000000
IN1	535	42	8	Tricare South Region			00000000
IN1	536	42	16	WC GALLAGHER BASSETT MI	SELF-PAY		00000000
IN1	537	42	8	Disability Determination	SELF-PAY		00000000
IN1	538	42	16	Hartford Insurance			00000000
IN1	539	42	16	RTW (Return to Work)	SELF-PAY		00000000
IN1	540	42	8	MCLAREN HEALTH ADVANTAGE			00000000
IN1	541	42	1438422	Mammogram Assistance Program	SELF-PAY		00000000
IN1	542	42	8	Mail Handlers Benefit Plan			00000000
IN1	543	42	8	Northern Health Plan B			00000000
IN1	544	42	13	PHYSICIANS HEALTH PLAN			00000000
IN1	545	42	10	Health Plus of Michigan			00000000
IN1	546	42	16	CHUBB INSURANCE	SELF-PAY		00000000
IN1	547	42	16	Amerisure			00000000
IN1	548	42	8	UNIVERSITY OF MICHIGAN TRANSPLANT	SELF-PAY		00000000
IN1	549	42	7	Cigna Samba			00000000
IN1	550	42	16	JOHN PETERSEN	SELF-PAY		00000000
IN1	551	42	16	Lake States Insurance Co			00000000
IN1	552	42	8	CAREMED USA & CANADA			00000000
IN1	553	42	8	FREEDOM LIFE INS OF AMERICA			00000000
IN1	554	42	13	CONSUMERS MUTUAL INS			00000000
IN1	555	42	1438422	Business Ofc Needs Liability Ins	SELF-PAY		00000000
IN1	556	42	16	RAMADA INN	SELF-PAY		00000000
IN1	557	42	8	WSMW HEALTH & BENEFIT	SELF-PAY		00000000
IN1	558	42	16	WC ENPLOYERS PREFERRED INS COMPANY	SELF-PAY		00000000
IN1	559	42	8	AARP Health Care Options			00000000
IN1	560	42	44192	Blue Cross GT Band	BCBSM		00000000
IN1	561	42	8	*GENERIC COMMERCIAL			00000000
IN1	562	42	16	FIRST CHOICE TRUCKING	SELF-PAY		00000000
IN1	563	42	13	PPOM-Employee Plans Incorp			00000000
IN1	564	42	9	ARIZONA HEALTH CARE COST CONTAINMENT SYS			00000000
IN1	565	42	16	FIRST COMP	SELF-PAY		00000000
IN1	566	42	8	FREEDOM LIFE INSURANCE CO			00000000
IN1	567	42	1438422	Paul Oliver Memorial Hosp	SELF-PAY		00000000
IN1	568	42	10640423	Pioneer State Mutual Ins Co			00000000
IN1	569	42	14278434	Heart Failure Clinic	SELF-PAY		00000000
IN1	570	42	8	Concierge Corrections	SELF-PAY		00000000
IN1	571	42	14278434	Analyze ST	SELF-PAY		00000000
IN1	572	42	10640423	Unitrin Direct Auto Ins			00000000
IN1	573	42	9	Blue Cross Complete	BCBSM		00000000
IN1	574	42	8	Mulitplan	SELF-PAY		00000000
IN1	575	42	16	AMTRUST NORTH AMERICA	SELF-PAY		00000000
IN1	576	42	16	WYOMING WORKER'S COMPENSATION	SELF-PAY		00000000
IN1	577	42	16	Citizens Management			00000000
IN1	578	42	8	Forest County Potawatomi Ins			00000000
IN1	579	42	8	Magellan			00000000
IN1	580	42	16	SECURA			00000000
IN1	581	42	16	Elmer's Work Comp	SELF-PAY		00000000
IN1	582	42	8	Nationwide Health Plans			00000000
IN1	583	42	16	Broadspire	SELF-PAY		00000000
IN1	584	42	44192	BCBS of MI ADTC	BCBSM		00000000
IN1	585	42	8	CAREMED INTERNATIONAL TRUST INSUR	SELF-PAY		00000000
IN1	586	42	8	TODD'S WELDING	SELF-PAY		00000000
IN1	587	42	8	State Farm Insurance Co	SELF-PAY		00000000
IN1	588	42	11082423	Mercy Blue Cross Foreign	BCBSM		00000000
IN1	589	42	8	ONE GEICO CENTER	SELF-PAY		00000000
IN1	590	42	13	COFINITY TOTAL HEALTH CARE			00000000
IN1	591	42	16	CORVEL	SELF-PAY		00000000
IN1	592	42	9	Tencon Health Plan (ABW)			00000000
IN1	593	42	8	 McLaren			00000000
