filename	0	0		2.0 Mapping Tables - Hospitals/North Ottawa Community Health System ADT 2.0 table 10-7-19.xlsx			
MSH-4	2	1	Hospital Value	Description			4
MSH-4	3	1	2.16.840.1.113883.3.1481.1.2.2	Hospital Name			2
MSH-4	4	1	2.16.840.1.113883.3.1939.1	North Ottawa Community Hospital			00000000
PID-8	2	3	MiHIN Value	Description	Hospital Value		4
PID-8	3	3	M	Male	M		2
PID-8	4	3	F	Female	F		4
PID-8	5	3	M	Male	M		4
PID-8	6	3	O	Other			4
PID-8	7	3	U	Unknown	U		4
PID-8	8	3	A	Ambiguous			4
PID-8	9	3	N	Not Applicable			4
PID-10	2	6	MiHIN Value	Description	Hospital Value		4
PID-10	3	6	2106-3	White	W		2
PID-10	4	6	1002-5	American Indian or Alaska Native	NA		4
PID-10	5	6	2028-9	Asian	AS		4
PID-10	6	6	2054-5	Black or African American	BL		4
PID-10	7	6	2076-8	Native Hawaiian or Other Pacific Islander	PI		4
PID-10	8	6	2106-3	White	WH		4
PID-10	9	6	2131-1	Other Race	OT, UN		4
PID-10	10	6	MR	Multi-Racial			4
PID-10	11	6	PR	Patient Refused 			4
PID-22	2	9	MiHIN Value	Description	Hospital Value		4
PID-22	3	9	H	Hispanic or Latino	Hisp		2
PID-22	4	9	H	Hispanic or Latino	HISLAT		4
PID-22	5	9	N	Not Hispanic or Latino	NONHIS		4
PID-22	6	9	U	Unknown	UNAVA		4
PID-22	7	9	D	Declined	DECLINED		4
PID-22	8	9	AN	Alaskan Native 			4
PID-22	9	9	AR	Arabic 			4
PID-22	10	9	AS	Asian 			4
PID-22	11	9	CA	Caucasian			4
PID-22	12	9	CHA	Chaldean 			4
PID-22	13	9	CHI	Chinese 			4
PID-22	14	9	DU	Dutch 			4
PID-22	15	9	EG	Egyptian 			4
PID-22	16	9	FR	French 			4
PID-22	17	9	GER	German 			4
PID-22	18	9	GRE	Greek 			4
PID-22	19	9	HA	Hawaiian 			4
PID-22	20	9	IRA	Iranian 			4
PID-22	21	9	IRQ	Iraqi 			4
PID-22	22	9	IRH	Irish 			4
PID-22	23	9	ITA	Italian 			4
PID-22	24	9	JA	Japanese 			4
PID-22	25	9	JE	Jewish 			4
PID-22	26	9	JO	Jordanian 			4
PID-22	27	9	KO	Korean 			4
PID-22	28	9	LE	Lebanese  			4
PID-22	29	9	MAC	Macedonian 			4
PID-22	30	9	ME	Middle Eastern			4
PID-22	31	9	MUL	Multi-Ethnic 			4
PID-22	32	9	NA	Native American			4
PID-22	33	9	O	Other 			4
PID-22	34	9	PO	Polish 			4
PID-22	35	9	RU	Russian 			4
PID-22	36	9	SC	Scottish 			4
PID-22	37	9	UK	Ukrainian 			4
PID-22	38	9	VIT	Vietnamese 			4
PID-30	2	12	MiHIN Value	Description	Hospital Value		4
PID-30	3	12	Y	Expired	E		2
PID-30	4	12	Y	Deceased/Yes	Y		4
PID-30	5	12	N	Not Deceased/No	N		4
DG1-6	2	15	MiHIN Value	Description	Hospital Value		4
DG1-6	3	15	A	Admitting	AD		2
DG1-6	4	15	A	Admitting			4
DG1-6	5	15	F	Final			4
DG1-6	6	15	W	Working 			4
DG1-6	7	15	O	Other	Other		4
PV1-2	2	18	MiHIN Value	Description	Hospital Value		4
PV1-2	3	18	E	Emergency	ER		2
PV1-2	4	18	B	Obstetrics			4
PV1-2	5	18	C	Commercial Account			4
PV1-2	6	18	E	Emergency	E		4
PV1-2	7	18	I	Inpatient	I		4
PV1-2	8	18	N	Not Applicable			4
PV1-2	9	18	O	Outpatient	O		4
PV1-2	10	18	P	Preadmit	P		4
PV1-2	11	18	R	Recurring patient	R		4
PV1-2	12	18	U	Unknown			4
PV1-2	13	18	IH	IP Hospice 			4
PV1-2	14	18	NB	Newborn			4
PV1-2	15	18	OB	Observation 			4
PV1-2	16	18	SN	Skilled Nursing 			4
PV1-2	17	18	SA	Surgery Admit 			4
PV1-4	2	21	MiHIN Value	Description	Hospital Value		4
PV1-4	3	21	E	Emergency	E		2
PV1-4	4	21	A	Accident			4
PV1-4	5	21	C	Elective	EL		4
PV1-4	6	21	E	Emergency	ER		4
PV1-4	7	21	L	Labor and Delivery			4
PV1-4	8	21	N	Newborn (Birth in healthcare facility)	NB		4
PV1-4	9	21	R	Routine			4
PV1-4	10	21	U	Urgent	UR		4
PV1-4	11	21	TC	Trauma Center 			4
PV1-4	12	21	O	Other			4
PV1-14	2	24	MiHIN Value	Description	Hospital Value		4
PV1-14	3	24	2	Clinic referral	E		2
PV1-14	4	24	1	Physician referral	PHY		4
PV1-14	5	24	2	Clinic referral	PHY		4
PV1-14	6	24	3	HMO referral			4
PV1-14	7	24	4	Transfer from a hospital	TAC		4
PV1-14	8	24	5	Transfer froma skilled nursing facility	TSN		4
PV1-14	9	24	6	Transfer from another health care facility	TOT, HOSPICE		4
PV1-14	10	24	7	Emergency Room			4
PV1-14	11	24	8	Court/Law enforcement	LAW		4
PV1-14	12	24	9	Information not available			4
PV1-14	13	24	SR	Self-Referral	HOM/WORK		4
PV1-14	14	24	TRNF	Transfer from a non-health care facility			4
PV1-14	15	24	TRAD	Transfer from Ambulatory Department			4
PV1-18	2	27	MiHIN Suggested Values		Hospital Value	Description	4
PV1-18	3	27			A	Anonymous	2
PV1-18	4	27	1	Anonymous			4
PV1-18	5	27	2	Confidential			4
PV1-18	6	27	3	Employee			4
PV1-18	7	27	4	Dismissed			4
PV1-18	8	27	5	No Medicare			4
PV1-18	9	27	6	Prisoner			4
PV1-18	10	27	7	VIP			4
PV1-18	11	27	8	Staff Dependent			4
PV1-18	12	27	9	Benefactor			4
PV1-18	13	27	10	Employee Dependent			4
PV1-18	14	27	11	Non-Employee			4
PV1-18	15	27	12	Volunteer			4
PV1-18	16	27	13	Staff Physician			4
PV1-18	17	27	14	Non V.I.P			4
PV1-18	18	27	15	Retired Employee			4
PV1-18	19	27	42	Homeless			4
PV1-18	20	27	44	Celebrity			4
PV1-18	21	27	45	Donor			4
PV1-18	22	27	46	Transplant			4
PV1-18	23	27	47	Voucher			4
PV1-18	24	27	49	Board Member			4
PV1-18	25	27	49	Clergy			4
PV1-18	26	27	52	Other			4
PV1-18	27	27	58	Organ Donor			4
PV1-18	28	27	59	Organ 			4
PV1-18	29	27	60	Select Specialty			4
PV1-18	30	27			CLI	CLINICAL OUTPATIENT	00000000
PV1-18	31	27			ER	EMERGENCY ROOM	00000000
PV1-18	32	27			IN	INPATIENT	00000000
PV1-18	33	27			INO	OBSERVATION PATIENT	00000000
PV1-18	34	27			RCR	RECURRING OUTPATIENT	00000000
PV1-18	35	27			REF	REFERRED OUTPATIENT	00000000
PV1-18	36	27			SDC	SURGICAL DAY CARE PATIENT	00000000
PV1-10	2	31	MiHIN Suggested Values		Hospital Value	Description	4
PV1-10	3	31			121	Pediatrics	2
PV1-10	4	31	104	Cardiology - General	CARD, CARDREHAB	CARDIOLOGY	4
PV1-10	5	31	105	Emergency Medicine	ER	EMERGENCY ROOM	4
PV1-10	6	31	107	Geriatrics			4
PV1-10	7	31	108	Gastroenterology			4
PV1-10	8	31	109	Gynecology			4
PV1-10	9	31	110	Hospice Medicine			4
PV1-10	10	31	111	Medical Intensive Care			4
PV1-10	11	31	112	Internal Medicine			4
PV1-10	12	31	114	Neuro ICU			4
PV1-10	13	31	115	Neurology	NEURO	NEUROLOGY	4
PV1-10	14	31	116	Neonatology			4
PV1-10	15	31	117	Obstetrics			4
PV1-10	16	31	118	Oncology			4
PV1-10	17	31	119	Orthopedics			4
PV1-10	18	31	121	Pediatrics	PEDIATRIC	Pediatric	4
PV1-10	19	31	123	Physical Medicine and Rehabilitation	 REHABMILPT, GENERATION, REHAB	REHABILITATION	4
PV1-10	20	31	124	General Surgery	OR, OPS, RECOVERY	SURGERY	4
PV1-10	21	31	125	Surgical Intensive Care			4
PV1-10	22	31	126	Nephrology Transplant			4
PV1-10	23	31	127	Acute Care Surgery			4
PV1-10	24	31	128	Allergy & Immunology			4
PV1-10	25	31	129	Anesthesiology	ANESTHESIA	ANESTHESIA	4
PV1-10	26	31	131	Dermatology			4
PV1-10	27	31	132	Family Medicine			4
PV1-10	28	31	133	Endocrinology			4
PV1-10	29	31	134	Genetics			4
PV1-10	30	31	135	Hematology	LAB,LABMIPOINT,LABOFFST,LABSTCROSS, LABAMRHEAS, LABCS, LABDAVITAG, LABHOSPICE, LABOFFUC, LABWPHGH, PHYLAB	Hematology	4
PV1-10	31	31	136	Infectious Disease			4
PV1-10	32	31	137	Nephrology			4
PV1-10	33	31	138	Neurosurgery			4
PV1-10	34	31	139	Ophthalmology			4
PV1-10	35	31	140	Otolaryngology/ENT			4
PV1-10	36	31	141	Plastic Surgery	PLAS	PLASTIC SURGERY	4
PV1-10	37	31	143	Radiation Oncology			4
PV1-10	38	31	144	Rheumatology			4
PV1-10	39	31	145	Urology	WSTSHREURO	UROLOGY	4
PV1-10	40	31	148	Pharmacy	PHARMACY	Pharmacy	4
PV1-10	41	31	149	Interventional Radiology			4
PV1-10	42	31	150	Clinical Decision Unit			4
PV1-10	43	31	151	Wound/Ostomy Care			4
PV1-10	44	31	153	Newborn	NURSERY, NUR	Newborn	4
PV1-10	45	31	154	Labor and Delivery	FBU	Labor and Delivery	4
PV1-10	46	31	156	Hospitalist Medicine	MEDSURG	Hospitalist Medicine	4
PV1-10	47	31	158	Select Specialty	MULTI	Select Specialty	4
PV1-10	48	31	161	Audiology			4
PV1-10	49	31	162	Behavioral Health - Psychology			4
PV1-10	50	31	163	Cardiology - Structural Heart Disease			4
PV1-10	51	31	165	Colon/Rectal Surgery			4
PV1-10	52	31	166	Gynecology/Obstetrics	OBGYN, NOWH, FBUOP, NOCH OBGYN	Gynecology/Obstetrics	4
PV1-10	53	31	172	Oral Surgery			4
PV1-10	54	31	175	Palliative Medicine 			4
PV1-10	55	31	178	Podiatry			4
PV1-10	56	31	180	Radiology	DIAGIMG,DIAGIMGUC,DIAGIMGWC, DIAGIMGMP	Radiology	4
PV1-10	57	31	181	Sleep Center	SLEEPCENT	Sleep Center	4
PV1-10	58	31	184	Cardiac Surgery			4
PV1-10	59	31	185	Transplant			4
PV1-10	60	31	198	Bone Marrow Transplant			4
PV1-10	61	31	208	Chemotherapy			4
PV1-10	62	31	273	Pathology	PATH, LABGHPATH	Pathology	4
PV1-10	63	31	293	Pulmonary	CARDIOPULM, RT	Pulmonary	4
PV1-10	64	31	322	Thoracic Surgery			4
PV1-10	65	31	374	Transfusion Medicine	AMBULFLOOR, AMBCARSER	INFUSION CLINIC	4
PV1-10	66	31	376	Family Practice	PHYFACILIT, DR POSTEMA, DRRABIDEAU, FAMPRAC, NOCHINTMED	PHYSICIAN FACILITY	4
PV1-10	67	31	380	Orthopedic - Hand Surgery			4
PV1-10	68	31	381	Orthopedic - Spine			4
PV1-10	69	31	384	Hepatology			4
PV1-10	70	31	385	Pain Management			4
PV1-10	71	31	387	Urogynecology			4
PV1-10	72	31	399	Bone & Mineral			4
PV1-10	73	31	409	Cardiology - Electrophysiology			4
PV1-10	74	31	463	Bariatric Surgery	BARIATRIC, BARIOFFICE	Bariatric Surgery	4
PV1-10	75	31	464	Intensive Care	ICU	Intensive Care	4
PV1-10	76	31	465	Pulmonary Hypertension			4
PV1-10	77	31	466	Pulmonary Transplant			4
PV1-10	78	31	467	Pulmonary Interventional			4
PV1-10	79	31	469	Transplant HPB Surgery			4
PV1-10	80	31	470	Cardiothoracic Transplant			4
PV1-10	81	31	471	Vascular Surgery			4
PV1-10	82	31	472	Speech Pathology			4
PV1-10	83	31	473	Cardiology - Advanced Heart Failure/Transplant			4
PV1-10	84	31	474	Cardiology - Vascular Medicine			4
PV1-10	85	31	475	Physiatry			4
PV1-10	86	31	476	Orthopedic - Surgery			4
PV1-10	87	31	477	Cardiovascular SICU			4
PV1-10	88	31	478	Behavioral Health - Neuropsychology			4
PV1-10	89	31	479	Behavioral Health - Psychiatry			4
PV1-10	90	31	480	Surgical Endoscopy	ENDO	Surgical Endoscopy	4
PV1-10	91	31	481	Ethics			4
PV1-10	92	31	482	Trauma Surgery			4
PV1-10	93	31			NHSTONE, NHSIERR, NHNOCC, NHAMRHOUSE, NHSIMAR, NHGRPINES, NHRIVERSID, NHCHRIS, NHSHNH, NHSORRE, NHTIMBR, NHWILLO, NHSEVIL, NHROBNW, NHPEBBL, NHASPEN, MHCAMEO, NHCEDAR, NHFOUNT, NHLOVIN, NHMAPLE, NHMEDILODG, NHSANDP, NHPROVI	NURSING HOME	00000000
PV1-10	94	31			 MULTIMILPT, MULTIUC	MULTIPLE SERVICES	00000000
PV1-10	95	31			 NUTRIDIET	NUTRITION & DIET	00000000
PV1-10	96	31			 COMM ED, COMMUNITY, DIAB ED, CHILDBIRTH, FLU/PNEUMO	COMMUNITY EDUCATION	00000000
PV1-10	97	31			 AMB	AMBULANCE	00000000
PV1-10	98	31			PAT	PREADMISSION TESTING	00000000
PV1-10	99	31			EKGUC, LABEKG	EKG	00000000
PV1-36	2	35	MiHIN suggested values		Hospital Value	Description	4
PV1-36	3	35			01	Discharged to home or self care (routine discharge)	2
PV1-36	4	35	01	Discharged to home or self care (routine discharge)	HOM	HOME	4
PV1-36	5	35	02	Discharged/transferred to a short-term general hospital for inpatient care	STH	HOSPITAL	4
PV1-36	6	35	03	Discharged/transferred to skilled nursing facility (SNF) with Medicare certification.	SNF	SKILLED NURSING FACILITY	4
PV1-36	7	35	04	Discharged/transferred to an intermediate care facility (ICF)	ICF	INTERMEDIATE CARE FACILITY	4
PV1-36	8	35	05	Discharged/transferred to another type of institution not defined elsewhere in this code list	OTH, LAW	Discharged/transferred to another type of institution not defined elsewhere \nin this code list	4
PV1-36	9	35	06	Discharged/transferred to home under care of organized home health service organization	HHS	HOME WITH HOME HEALTH SERV	4
PV1-36	10	35	07	Left against medical advice or discontinued care	AMA, LWBS, ELOPED	LEFT WITHOUT BEING SEEN OR AGAINST MEDICAL ADVICE	4
PV1-36	11	35	08	Discharged/transferred to home under care of a Home IV provider			4
PV1-36	12	35	09	Admitted as an inpatient to this hospital			4
PV1-36	13	35	10-19	Reserved for national assignment (Discontinued effective 10/16/03)			4
PV1-36	14	35	20	Expired	E	Expired	4
PV1-36	15	35	2l-29	Reserved for national assignment (Discontinued effective 10/16/03)			4
PV1-36	16	35	30	Still Patient	PAT	Still Patient	4
PV1-36	17	35	31-39	Reserved for national assignment (Discontinued effective 10/16/03)			4
PV1-36	18	35	40	Expired at home			4
PV1-36	19	35	41	Expired in a medical facility (e.g. hospital, SNF, ICF, or free standing hospice)	EMF	EXPIRED AT HOSPICE FACILITY	4
PV1-36	20	35	42	Expired - place unknown			4
PV1-36	21	35	43	Discharged/transferred to a federal health care facility. (Effective 10/1/03)	XFH	VA/FEDERAL HOSPITLA	4
PV1-36	22	35	44-49	Reserved for national assignment			4
PV1-36	23	35	50	Hospice - home	HOS	HOME WITH HOSPICE	4
PV1-36	24	35	51	Hospice - medical facility	HOSM	HOSPICE MEDICAL FACILITY	4
PV1-36	25	35	52-60	Reserved for national assignment			4
PV1-36	26	35	61	Discharged/transferred to hospital-based Medicare approved swing bed			4
PV1-36	27	35	62	Discharged/transferred to an inpatient rehabilitation facility (IRF) including rehabilitation distinct part units of a hospital. (Effective retroactive to 1/1/02.)	XIR	INPATIENT REHAB FACILITY	4
PV1-36	28	35	63	Discharged/transferred to a Medicare certified long term care hospital (LTCH).(Effective 5/9/02.)	LTH	LONG TERM CARE HOSPITAL	4
PV1-36	29	35	64	Discharged/transferred to a nursing facility certified under Medicaid but not certified under Medicare. (Effective 10/1/02.)	XNF	MEDICAID NURSING FACILITY	4
PV1-36	30	35	65	Discharged/transferred to a psychiatric hospital or psychiatric distinct part unit of a hospital. (Effective 4/1/04)	XPH	PSYCH HOSPITAL OR UNIT	4
PV1-36	31	35	66	Discharged/transferred to a Critical Access Hospital (CAH). (Effective 1/1/06)	CAH	CRITICAL ACCESS HOSPITAL	4
PV1-36	32	35	67-70	Reserved for national assignment			4
PV1-36	33	35	71	Reserved for national assignment (Discontinued effective 4/1/03)			4
PV1-36	34	35	72	Reserved for national assignment (Discontinued effective 4/1/03)			4
PV1-36	35	35	73-99	Reserved for national assignment			4
IN1-17	2	39	MiHIN Value	Description	Hospital Value		4
IN1-17	3	39	FTH	Father 	F		2
IN1-17	4	39	ASC	Associate			4
IN1-17	5	39	BRO	Brother 	ZBRO		4
IN1-17	6	39	CGV	Care giver 			4
IN1-17	7	39	CHD	Child	CH, CH/NO FIN, E MIN, MD		4
IN1-17	8	39	DEP	Handicapped dependant	HD		4
IN1-17	9	39	DOM	Life partner	LP		4
IN1-17	10	39	EMC	Emergency contact			4
IN1-17	11	39	EME	Employee	EM		4
IN1-17	12	39	EMR	Employer			4
IN1-17	13	39	EXF	Extended family			4
IN1-17	14	39	FCH	Foster child 	FC		4
IN1-17	15	39	FND	Friend			4
IN1-17	16	39	FTH	Father 	FA, ZFAT		4
IN1-17	17	39	GCH	Grandchild	GD		4
IN1-17	18	39	GRD	Guardian 			4
IN1-17	19	39	GRP	Grandparent 	GF, ZGMO, ZGRF		4
IN1-17	20	39	MGR	Manager			4
IN1-17	21	39	MTH	Mother 	MO, ZMOT		4
IN1-17	22	39	NCH	Natural child			4
IN1-17	23	39	NON	None			4
IN1-17	24	39	OAD	Other adult			4
IN1-17	25	39	OTH	Other 	OR, SG, IP, CD, NE, OD, SN		4
IN1-17	26	39	OWN	Owner			4
IN1-17	27	39	PAR	Parent 			4
IN1-17	28	39	SCH	Stepchild 	SC		4
IN1-17	29	39	SEL	Self	SP		4
IN1-17	30	39	SIB	Sibling 			4
IN1-17	31	39	SIS	Sister 	ZSIS		4
IN1-17	32	39	SPO	Spouse	HU		4
IN1-17	33	39	TRA	Trainer			4
IN1-17	34	39	UNK	Unknown	UNK		4
IN1-17	35	39	WRD	Ward of court	WC		4
IN1-17	36	39	AUN	Aunt 			4
IN1-17	37	39	DAU	Daughter	ZDAU		4
IN1-17	38	39	EXS	Ex Spouse 			4
IN1-17	39	39	EXH	Ex-husband			4
IN1-17	40	39	EXW	Ex-wife 			4
IN1-17	41	39	INL	In Law 			4
IN1-17	42	39	LEG	Legal Guardian 			4
IN1-17	43	39	SON	Son (S)	ZSON		4
IN1-17	44	39	STP	Step Parent (STP)			4
IN1-17	45	39	STS	Step Sibling			4
IN1-17	46	39	UN	Uncle (UN)			4
IN1	2	42	IN1-3 Value	IN1-4 Value	Payer		4
IN1	3	42	1001	BCN	BCBSM		2
IN1	4	42	AAA	AAA AUTO			00000000
IN1	5	42	AARP	AARP			00000000
IN1	6	42	ACCIDENTF	ACCIDENT FUND WC			00000000
IN1	7	42	ADVFREEDM	MCR ADVANTRA FREEDOM	MEDICARE		00000000
IN1	8	42	AETNA	AETNA			00000000
IN1	9	42	AETNA.SRC	AETNA SRC			00000000
IN1	10	42	AETNALIFE	AETNA LIFE			00000000
IN1	11	42	AETNAMCR	MCR AETNA	MEDICARE		00000000
IN1	12	42	AETNAUC	AETNA			00000000
IN1	13	42	AETNAUCMCR	AETNA MEDICARE HMO	MEDICARE		00000000
IN1	14	42	AFLAC	AFLAC			00000000
IN1	15	42	ALLIEDBEN	ALLIED BENEFIT SYSTEMS INC			00000000
IN1	16	42	ALLSAVERS	ALLSAVERS			00000000
IN1	17	42	ALLSTATE	ALLSTATE PIP/MED PAY			00000000
IN1	18	42	AMERCOMM	AMERICAN COMMUNITY			00000000
IN1	19	42	AMERCONT	AMERICAN CONTINENTAL MCR SUPP	MEDICARE		00000000
IN1	20	42	AMERHLTPL	AMERICAS HEALTH PLAN			00000000
IN1	21	42	AMERPION	AMERICAN PIONEER LIFE			00000000
IN1	22	42	APWUHEAL	APWU HEALTH PLAN/CIGNA			00000000
IN1	23	42	APWUHEALTH	APWU HEALTH PLAN			00000000
IN1	24	42	ASR	ASR			00000000
IN1	25	42	ASSUR HTH	ASSURANT HEALTH			00000000
IN1	26	42	AUTOINJURY	AUTO INJURY			00000000
IN1	27	42	AUTOOWN	AUTO OWNERS/CORVEL			00000000
IN1	28	42	BANKERSLI	BANKERS LIFE			00000000
IN1	29	42	BC	BLUE CROSS	BCBSM		00000000
IN1	30	42	BC.BCN	BLUE CARE NETWORK	BCBSM		00000000
IN1	31	42	BC.BCNSF	BLUE CARE NETWORK SLF FUND	BCBSM		00000000
IN1	32	42	BC.CHO	BLUE CHOICE	BCBSM		00000000
IN1	33	42	BC.CHOPPO	BLUE CHOICE PPO	BCBSM		00000000
IN1	34	42	BC.FED	BLUE CROSS FED EMP	BCBSM		00000000
IN1	35	42	BC.PPO	BLUE CROSS PPO	BCBSM		00000000
IN1	36	42	BC.PPO2	BLUE CROSS PPO	BCBSM		00000000
IN1	37	42	BC.SF	BLUE CROSS SELF FUNDED	BCBSM		00000000
IN1	38	42	BC.SFUC	BLUE CROSS SELF FUNDED UC	BCBSM		00000000
IN1	39	42	BC2	BLUE CROSS	BCBSM		00000000
IN1	40	42	BCCHOUC	BLUE CHOICE	BCBSM		00000000
IN1	41	42	BCPPOUC	BLUE CROSS PPO	BCBSM		00000000
IN1	42	42	BCUC	BLUE CROSS	BCBSM		00000000
IN1	43	42	BCUC2	BLUE CROSS	BCBSM		00000000
IN1	44	42	CARECHCS	CARE CHOICES			00000000
IN1	45	42	CARECHCUC	CARE CHOICES			00000000
IN1	46	42	CENTRALST	CENTRAL STATES			00000000
IN1	47	42	CHAMPVA	CHAMPVA			00000000
IN1	48	42	CIGNA	CIGNA			00000000
IN1	49	42	CITIZENS	CITIZENS AUTO			00000000
IN1	50	42	CLAIMCHO	CLAIMCHOICE ADMINISTRATORS			00000000
IN1	51	42	COFINITY	COFINITY			00000000
IN1	52	42	COLONPENN	COLONIAL PENN MCR SUPP	MEDICARE		00000000
IN1	53	42	COMBINED	COMBINED INSURANCE			00000000
IN1	54	42	COMMRCL.1	COMMERCIAL			00000000
IN1	55	42	COMMRCL.2	COMMERCIAL			00000000
IN1	56	42	COMMRCL.3	COMMERCIAL			00000000
IN1	57	42	COMMRCL.4	COMMERCIAL			00000000
IN1	58	42	CONSECOHE	CONSECO HEALTH			00000000
IN1	59	42	CONSTIT LI	CONSTITUTION LIFE INS			00000000
IN1	60	42	CONTILIFE	CONTINENTAL LIFE			00000000
IN1	61	42	CONTINGEN	CONTINENTAL GENERAL			00000000
IN1	62	42	CORESRCE	CORESOURCE NGS AMERCIAN INC			00000000
IN1	63	42	COVENTRY	COVENTRY HEALTH & LIFE			00000000
IN1	64	42	CSI	CENTRAL STATES IDEMNITY			00000000
IN1	65	42	CYPRESS	CYPRESS BENEFIT ADMIN			00000000
IN1	66	42	EQUITABLE	EQUITABLE			00000000
IN1	67	42	FAMILY LIF	FAMILY LIFE INSURANCE			00000000
IN1	68	42	FARM BURE	FARM BUREAU			00000000
IN1	69	42	FARMERS	FARMERS AUTO			00000000
IN1	70	42	FCPC	FCPC INSURANCE (NHBP HEALTH)			00000000
IN1	71	42	FIRSTHLTH	FIRST HEALTH			00000000
IN1	72	42	FOREIGNSVC	FOREIGN SERVICE BENEFIT			00000000
IN1	73	42	FRANKENMUT	FRANKENMUTH AUTO			00000000
IN1	74	42	FREEDOMLIF	FREEDOM LIFE INS OF AMERICA			00000000
IN1	75	42	FREMONT	FREMONT INS			00000000
IN1	76	42	GEFINANC	GE FINANCIAL ASSURANCE			00000000
IN1	77	42	GEICO	GEICO			00000000
IN1	78	42	GELIFE	GE LIFE			00000000
IN1	79	42	GERBER	GERBER LIFE			00000000
IN1	80	42	GHPSAFETY	GRAND HAVEN PUBLIC SAFETY			00000000
IN1	81	42	GOLDENRUL	GOLDEN RULE			00000000
IN1	82	42	GPM LIFE	GOV PERSONNEL MUTUAL LIFE			00000000
IN1	83	42	GRANDRIV	GRAND RIVER INSURANCE WC			00000000
IN1	84	42	GROUPMARK	GROUP MARKETING			00000000
IN1	85	42	GWH CIGNA	GREATWEST CIGNA			00000000
IN1	86	42	HANOVER	HANOVER WC			00000000
IN1	87	42	HAP	HEALTH ALLIANCE PLAN	HAP		00000000
IN1	88	42	HAP.MCR	MCR HEALTH ALLIANCE PLAN	HAP		00000000
IN1	89	42	HARRINGTO	HARRINGTON BENEFIT			00000000
IN1	90	42	HARTFORD	HARTFORD LIFE			00000000
IN1	91	42	HARVESTLI	HARVEST LIFE			00000000
IN1	92	42	HEALTHBRI	HEALTH BRIDGE			00000000
IN1	93	42	HEALTHGR	HEALTHGRAM			00000000
IN1	94	42	HLHPLMCRS	HEALTHPLUS MEDICARE SUPP HMO	MEDICARE		00000000
IN1	95	42	HLHPLUMCR	HEALTHPLUS MEDICARE  HMO	MEDICARE		00000000
IN1	96	42	HLHPLUS	HEALTHPLUS	HEALTHPLUS		00000000
IN1	97	42	HOSPC.NOT	HOSPICE OF NO OTTAWA COMM			00000000
IN1	98	42	HOSPC.OTH	HOSPICE-Other			00000000
IN1	99	42	HOSPC.RSP	HOSPICE RESPITE			00000000
IN1	100	42	HTHPARTNER	HEALTHPARTNERS			00000000
IN1	101	42	HUMANASUP	HUMANA MCR SUPPLEMENT	MEDICARE		00000000
IN1	102	42	HUMGLDCHO	MCR HUMANA GOLD CHOICE	MEDICARE		00000000
IN1	103	42	HUMGLDPLU	MCR HUMANA GOLD PLUS	MEDICARE		00000000
IN1	104	42	IBA	IBA			00000000
IN1	105	42	IBA.PPO	IBA PPO			00000000
IN1	106	42	INSIGHT	INSIGHT BENEFIT ADMINISTRATORS			00000000
IN1	107	42	KEYBENE	KEY BENEFITS ADMINISTRATORS			00000000
IN1	108	42	LIBERTY HS	LIBERTY HEALTH SHARE			00000000
IN1	109	42	LIBERTYMU	LIBERTY MUTUAL GRP CLMS			00000000
IN1	110	42	LIBERTYU	LIBERTYUNION/MET MID AMERICA			00000000
IN1	111	42	LIFECIRCL	MCR LIFECIRCLES	MEDICARE		00000000
IN1	112	42	LOYALAM	LOYAL AMERICAN LIFE			00000000
IN1	113	42	MAILHANDL	MAIL HANDLERS			00000000
IN1	114	42	MANHATLIF	MANHATTAN LIFE INS MCR SUP	MEDICARE		00000000
IN1	115	42	MCD	MEDICAID MI	MEDICAID		00000000
IN1	116	42	MCD.BCCHMP	BLUE CROSS COMPLETE MCD (HMP)	MEDICAID		00000000
IN1	117	42	MCD.BCCHP	BLUE CROSS COMPLETE MCD CLAIMS	MEDICAID		00000000
IN1	118	42	MCD.CH	MEDICAID CARESOURCE MICHIGAN	MEDICAID		00000000
IN1	119	42	MCD.HLAHMP	MEDICAID HEALTH ALLIANCE (HMP)	MEDICAID		00000000
IN1	120	42	MCD.HLALL	MEDICAID HEALTH ALLIANCE	MEDICAID		00000000
IN1	121	42	MCD.HLPHMP	MEDICAID HEALTH PLUS (HMP)	MEDICAID		00000000
IN1	122	42	MCD.HLPLU	MEDICAID HEALTH PLUS	MEDICAID		00000000
IN1	123	42	MCD.HMO	MEDICAID HMO	MEDICAID		00000000
IN1	124	42	MCD.HMOHMP	MEDICAID HMO (HMP)	MEDICAID		00000000
IN1	125	42	MCD.HMP	MEDICAID HEALTHY MI PLAN (HMP)	MEDICAID		00000000
IN1	126	42	MCD.MCLHMP	MEDICAID MCLAREN HEALTH (HMP)	MEDICAID		00000000
IN1	127	42	MCD.MCLHP	MEDICAID MCLAREN HEALTH PLAN	MEDICAID		00000000
IN1	128	42	MCD.MERHMP	MEDICAID MERIDIAN OF MI (HMP)	MERIDIAN		00000000
IN1	129	42	MCD.MERHP	MEDICAID MERIDIAN OF MI	MERIDIAN		00000000
IN1	130	42	MCD.MOLHMP	MEDICAID MOLINA (HMP)	MEDICAID		00000000
IN1	131	42	MCD.MOLIN	MEDICAID MOLINA	MEDICAID		00000000
IN1	132	42	MCD.OUTST	MEDICAID OUT OF STATE	MEDICAID		00000000
IN1	133	42	MCD.PEND	MEDICAID PENDING	MEDICAID		00000000
IN1	134	42	MCD.PRI	MEDICAID PRIORITY HEALTH	PRIORITY		00000000
IN1	135	42	MCD.PRIHMP	MEDICAID PRIORITY HEALTH (HMP)	PRIORITY		00000000
IN1	136	42	MCD.SPENDN	MEDICAID SPEND DOWN	MEDICAID		00000000
IN1	137	42	MCD.UHCHMP	MEDICAID UNITEDHTH COMM (HMP)	MEDICAID		00000000
IN1	138	42	MCD.UHCP	MEDICAID UNITEDHTH COMM PL	MEDICAID		00000000
IN1	139	42	MCD.UPHP	UPPER PENINSULA HEALTH PLN MCD	MEDICAID		00000000
IN1	140	42	MCD.WELLN	MEDICAID WELLNESS PLAN	MEDICAID		00000000
IN1	141	42	MCDPRIHMUC	MEDICAID PRIORITY HEALTH (HMP)	MEDICAID		00000000
IN1	142	42	MCDPRIUC	MEDICAID PRIORITY HEALTH	PRIORITY		00000000
IN1	143	42	MCLHP ADV	MCLAREN HEALTH ADVANTAGE			00000000
IN1	144	42	MCLHP COMM	MCLAREN HEALTH PLAN COMM			00000000
IN1	145	42	MCR	MEDICARE	MEDICARE		00000000
IN1	146	42	MCR.BCNAD	MCR MEDICARE BCN ADVANTAGE	BCBSM		00000000
IN1	147	42	MCR.HMO	MCR MEDICARE HMO	MEDICARE		00000000
IN1	148	42	MCR.MCLADV	MEDICARE MCLAREN HEALTH ADVANT	MEDICARE		00000000
IN1	149	42	MCR.MERHP	MEDICARE MERIDIAN HTH PLAN	MERIDIAN		00000000
IN1	150	42	MCR.PBPPO	MCR MEDICARE PLUS BLUE PPO	BCBSM		00000000
IN1	151	42	MCR.UPHP	UPPER PENINSULA HEALTH PLN MCR	 MEDICARE		00000000
IN1	152	42	MCRRAILUC	MEDICARE RAILROAD	MEDICARE		00000000
IN1	153	42	MCRUC	MEDICARE PART B	MEDICARE		00000000
IN1	154	42	MEDICA	MEDICA			00000000
IN1	155	42	MEDILODGE	MEDILODGE AT THE SHORE			00000000
IN1	156	42	MEDISHARE	MEDI-SHARE			00000000
IN1	157	42	MEEMIC	MEEMIC AUTO			00000000
IN1	158	42	MERHP CHO	MERIDIAN CHOICE HEALTH PLAN	MERIDIAN		00000000
IN1	159	42	MERITAIN	MERITAIN			00000000
IN1	160	42	MICHMILL	MICHIGAN MILLER MUTUAL WC			00000000
IN1	161	42	MULTPLIN	MULTIPLAN IN NETWORK			00000000
IN1	162	42	MULTPLNUC	MULTIPLAN			00000000
IN1	163	42	MULTPLOUT	MULTIPLAN OUT OF NETWORK			00000000
IN1	164	42	MUTUALOOM	MUTUAL OF OMAHA			00000000
IN1	165	42	MUTUALPRO	MUTUAL PROTECTIVE			00000000
IN1	166	42	NALC.ASHB	NACL-ASHBURN VA			00000000
IN1	167	42	NATIONWIDE	NATIONWIDE AUTO			00000000
IN1	168	42	NHBP	NHBP INSURANCE			00000000
IN1	169	42	NO INS DIS	NO INSURANCE DISCOUNT			00000000
IN1	170	42	NO INSURE	NO INSURANCE	SELF-PAY		00000000
IN1	171	42	NOCC	HEARTWOOD LODGE			00000000
IN1	172	42	NOCH.RSKM	NOCH RISK MANAGEMENT			00000000
IN1	173	42	NORTAMER	NORTH AMERICAN			00000000
IN1	174	42	OMAHAINSUR	OMAHA INSURANCE			00000000
IN1	175	42	OTTCOCORR	OTTAWA COUNTY CORRECTIONS FAC			00000000
IN1	176	42	OTTJUVCOR	OTTAWA COUNTY JUVENILE CORRECT			00000000
IN1	177	42	OTTSHERIFF	OTTAWA COUNTY SHERIFF DEPART			00000000
IN1	178	42	OXFORDLI	OXFORD LIFE			00000000
IN1	179	42	PHCS	PHCS			00000000
IN1	180	42	PHP	PHP			00000000
IN1	181	42	PHYS.CARE	PHYSICIANS CARE			00000000
IN1	182	42	PHYS.CARE2	PHYSICIANS CARE			00000000
IN1	183	42	PHYS.MUTL	PHYSICIANS MUTUAL			00000000
IN1	184	42	PIONEER AU	PIONEER MUTUAL AUTO			00000000
IN1	185	42	PIONEER WC	PIONEER MUTUAL WORKMAN COMP			00000000
IN1	186	42	PIONEERLI	PIONEER LIFE			00000000
IN1	187	42	PPOM	PPOM			00000000
IN1	188	42	PPOM2	PPOM			00000000
IN1	189	42	PRAIRIEST	PRAIRIE STATES ENTERPRISES INC			00000000
IN1	190	42	PREFCHCS	PREFERRED CHOICES			00000000
IN1	191	42	PREFCHCUC	PREFERRED CHOICES			00000000
IN1	192	42	PRI.FULL	PRIORITY HLTH FULL FUNDED	PRIORITY		00000000
IN1	193	42	PRI.FULL2	PRIORITY HLTH FULL FUNDED	PRIORITY		00000000
IN1	194	42	PRI.MCR	MCR PRIORITY HEALTH	PRIORITY		00000000
IN1	195	42	PRI.SELF	PRIORITY HLTH SELF FUNDED	PRIORITY		00000000
IN1	196	42	PRI.SELF2	PRIORITY HLTH SELF FUNDED	PRIORITY		00000000
IN1	197	42	PRIFULLUC	PRIORITY HLTH FULL FUNDED	PRIORITY		00000000
IN1	198	42	PRIFULUC2	PRIORITY HLTH FULL FUNDED	PRIORITY		00000000
IN1	199	42	PRIMCRUC	PRIORITY HLTH MEDICARE HMO	PRIORITY		00000000
IN1	200	42	PRISELUC	PRIORITY HLTH SELF FUNDED	PRIORITY		00000000
IN1	201	42	PRISELUC2	PRIORITY HLTH SELF FUNDED	PRIORITY		00000000
IN1	202	42	PROGRESS	PROGRESSIVE AUTO			00000000
IN1	203	42	PYRAMID	MCR PYRAMID LIFE	MEDICARE		00000000
IN1	204	42	RETIRMED	RETIREE MED INS PLAN			00000000
IN1	205	42	ROYALNEI	ROYAL NEIGHBORS			00000000
IN1	206	42	RSNH	RIVERSIDE NURSING HOME			00000000
IN1	207	42	SAFECO	SAFECO			00000000
IN1	208	42	SECUREONE	SECUREONE BENEFIT ADMIN			00000000
IN1	209	42	SECURHORI	MCR SECUREHORIZONS DIR	MEDICARE		00000000
IN1	210	42	SP	SELF PAY	SELF-PAY		00000000
IN1	211	42	SELECTIVE	SELECTIVE WORKMAN COMP			00000000
IN1	212	42	SENTRY WC	SENTRY INSURANCE WC			00000000
IN1	213	42	SISCO	SISCO SELF INSURED SERVICES			00000000
IN1	214	42	STANDLIFE	STANDARD LIFE & ACCIDENT			00000000
IN1	215	42	STATEFARM	STATE FARM AUTO			00000000
IN1	216	42	STATFARMWC	STATE FARM WORKMAN COMP			00000000
IN1	217	42	STFARMHLTH	STATE FARM HEALTH INSURANCE			00000000
IN1	218	42	STONEBRID	STONEBRIDGE LIFE MCR SUP	MEDICARE		00000000
IN1	219	42	TRANSAMER	TRANSAMERICA LIFE MCR SUP	MEDICARE		00000000
IN1	220	42	TRICARE	TRICARE			00000000
IN1	221	42	TRIFORLIF	TRICARE FOR LIFE SUPPLEMENTAL			00000000
IN1	222	42	TRIWEST	TRIWEST HEALTHCARE ALLIANCE			00000000
IN1	223	42	UMR	UMR			00000000
IN1	224	42	UNICARMCR	MCR UNICARE	MEDICARE		00000000
IN1	225	42	UNIFIEDLI	UNIFIED LIFE			00000000
IN1	226	42	UNIONBANK	UNION BANKERS			00000000
IN1	227	42	UNIONFIDE	UNION FIDELITY			00000000
IN1	228	42	UNIT.AMER	UNITED AMERICAN			00000000
IN1	229	42	UNIT.HCAR	UNITED HEALTHCARE			00000000
IN1	230	42	UNIT.HMCR	MCR UNITEDHEALTHCARE	MEDICARE		00000000
IN1	231	42	UNIT.HRVC	UNITED HEALTHCARE RIVER VALLEY			00000000
IN1	232	42	UNIT.HSS	UNITED HELATHCARE SHARED SERV			00000000
IN1	233	42	UNIT.TEAC	UNITED TEACHER ASSOC			00000000
IN1	234	42	UPHP COMM	UPPER PENINSULA HEALTH PLN			00000000
IN1	235	42	UNITEOMAHA	UNITED OF OMAHA			00000000
IN1	236	42	USAALIFE	USAA LIFE			00000000
IN1	237	42	VA	DEPT OF VETERANS AFFAIRS			00000000
IN1	238	42	VA CHOICE	VA CHOICE			00000000
IN1	239	42	WAUSAU	WAUSAU			00000000
IN1	240	42	WEBTPA	WEB-TPA			00000000
IN1	241	42	WELLCARE	MCR WELLCARE	MEDICARE		00000000
IN1	242	42	WORKCOMP	WORKERS COMPENSATION			00000000
IN1	243	42	WORKNOCH	COVERYS INSURANCE SERVICES			00000000
IN1	244	42	WORKSHAPE	GALLAGHER BASSETT			00000000
IN1	245	42	ZELIS	ZELIS GLOBAL CARE INCORPORATED			00000000
