filename	0	0		2.0 Mapping Tables - Hospitals/OSF St. Francis Hospital & Medical Group ADT 2.0 table 04-27-2022.xlsx			
MSH-4	2	1	Hospital Value	Description			4
MSH-4	3	1	2.16.840.1.113883.3.1481.1.2.2	Hospital Name			2
MSH-4	4	1	2.16.840.1.113883.3.5416.1.117	ST FRANCIS HOSPITAL			00000000
PID-8	2	3	MiHIN Value	Description	Hospital Value		4
PID-8	3	3	M	Male	M		2
PID-8	4	3	F	Female	F		4
PID-8	5	3	M	Male	M		4
PID-8	6	3	O	Other			4
PID-8	7	3	U	Unknown	U		4
PID-8	8	3	A	Ambiguous			4
PID-8	9	3	N	Not Applicable			4
PID-10	2	6	MiHIN Value	Description	Hospital Value		4
PID-10	3	6	2106-3	White	W		2
PID-10	4	6	1002-5	American Indian or Alaska Native	1002-5		4
PID-10	5	6	2028-9	Asian	2028-9		4
PID-10	6	6	2054-5	Black or African American	2054-5		4
PID-10	7	6	2076-8	Native Hawaiian or Other Pacific Islander	2076-8		4
PID-10	8	6	2106-3	White	2106-3		4
PID-10	9	6	2131-1	Other Race	2131-1		4
PID-10	10	6	MR	Multi-Racial			4
PID-10	11	6	PR	Patient Refused 			4
PID-22	2	9	MiHIN Value	Description	Hospital Value		4
PID-22	3	9	H	Hispanic or Latino	Hisp		2
PID-22	4	9	H	Hispanic or Latino	2135-2		4
PID-22	5	9	N	Not Hispanic or Latino	2186-5		4
PID-22	6	9	U	Unknown			4
PID-22	7	9	D	Declined			4
PID-22	8	9	AN	Alaskan Native 			4
PID-22	9	9	AR	Arabic 			4
PID-22	10	9	AS	Asian 			4
PID-22	11	9	CA	Caucasian			4
PID-22	12	9	CHA	Chaldean 			4
PID-22	13	9	CHI	Chinese 			4
PID-22	14	9	DU	Dutch 			4
PID-22	15	9	EG	Egyptian 			4
PID-22	16	9	FR	French 			4
PID-22	17	9	GER	German 			4
PID-22	18	9	GRE	Greek 			4
PID-22	19	9	HA	Hawaiian 			4
PID-22	20	9	IRA	Iranian 			4
PID-22	21	9	IRQ	Iraqi 			4
PID-22	22	9	IRH	Irish 			4
PID-22	23	9	ITA	Italian 			4
PID-22	24	9	JA	Japanese 			4
PID-22	25	9	JE	Jewish 			4
PID-22	26	9	JO	Jordanian 			4
PID-22	27	9	KO	Korean 			4
PID-22	28	9	LE	Lebanese  			4
PID-22	29	9	MAC	Macedonian 			4
PID-22	30	9	ME	Middle Eastern			4
PID-22	31	9	MUL	Multi-Ethnic 			4
PID-22	32	9	NA	Native American			4
PID-22	33	9	O	Other 			4
PID-22	34	9	PO	Polish 			4
PID-22	35	9	RU	Russian 			4
PID-22	36	9	SC	Scottish 			4
PID-22	37	9	UK	Ukrainian 			4
PID-22	38	9	VIT	Vietnamese 			4
PID-30	2	12	MiHIN Value	Description	Hospital Value		4
PID-30	3	12	Y	Expired	E		2
PID-30	4	12	Y	Deceased/Yes	Y		4
PID-30	5	12	N	Not Deceased/No	N		4
DG1-6	2	15	MiHIN Value	Description	Hospital Value		4
DG1-6	3	15	A	Admitting	AD		2
DG1-6	4	15	A	Admitting	A		4
DG1-6	5	15	F	Final	F		4
DG1-6	6	15	W	Working 	W		4
DG1-6	7	15	O	Other			4
PV1-2	2	18	MiHIN Value	Description	Hospital Value		4
PV1-2	3	18	E	Emergency	ER		2
PV1-2	4	18	B	Obstetrics			4
PV1-2	5	18	C	Commercial Account			4
PV1-2	6	18	E	Emergency	E		4
PV1-2	7	18	I	Inpatient	I, IBH		4
PV1-2	8	18	N	Not Applicable			4
PV1-2	9	18	O	Outpatient	O, V, H, HOME HEALTH, RADIATION/ON,THERAPIES SE, Jude, CRH, RTS, PS,  PCS, LVC, LHS, LVO, HOSPICE, LS, NMS, RAD/ONC OP, EEG, Hospice Home,  Vaccine, S		4
PV1-2	10	18	P	Preadmit			4
PV1-2	11	18	R	Recurring patient	R		4
PV1-2	12	18	U	Unknown			4
PV1-2	13	18	IH	IP Hospice 	ACH		4
PV1-2	14	18	NB	Newborn	Newborn		4
PV1-2	15	18	OB	Observation 			4
PV1-2	16	18	SN	Skilled Nursing 	SNF INPATIEN		4
PV1-2	17	18	SA	Surgery Admit 	Surg Admit		4
PV1-4	2	21	MiHIN Value	Description	Hospital Value		4
PV1-4	3	21	E	Emergency	E		2
PV1-4	4	21	A	Accident			4
PV1-4	5	21	C	Elective	EL		4
PV1-4	6	21	E	Emergency	E		4
PV1-4	7	21	L	Labor and Delivery			4
PV1-4	8	21	N	Newborn (Birth in healthcare facility)	NB		4
PV1-4	9	21	R	Routine			4
PV1-4	10	21	U	Urgent	UR		4
PV1-4	11	21	TC	Trauma Center 	T		4
PV1-4	12	21	O	Other			FFDDEBF7
PV1-4	13	21	O	Information Not Available	NA		FFDDEBF7
PV1-14	2	24	MiHIN Value	Description	Hospital Value		4
PV1-14	3	24	2	Clinic referral	E		2
PV1-14	4	24	1	Physician referral			4
PV1-14	5	24	2	Clinic referral			4
PV1-14	6	24	3	HMO referral	3		4
PV1-14	7	24	4	Transfer from a hospital	4, inside, D		4
PV1-14	8	24	5	Transfer froma skilled nursing facility	5		4
PV1-14	9	24	6	Transfer from another health care facility	2, 6, A		4
PV1-14	10	24	7	Emergency Room	7		4
PV1-14	11	24	8	Court/Law enforcement	8		4
PV1-14	12	24	9	Information not available	9		4
PV1-14	13	24	SR	Self-Referral			4
PV1-14	14	24	TRNF	Transfer from a non-health care facility	1, outside		4
PV1-14	15	24	TRAD	Transfer from Ambulatory Department	E		4
PV1-18	2	27	MiHIN Suggested Values		Hospital Value	Description	4
PV1-18	3	27			A	Anonymous	2
PV1-18	4	27	1	Anonymous			4
PV1-18	5	27	2	Confidential			4
PV1-18	6	27	3	Employee			4
PV1-18	7	27	4	Dismissed	DISMISSED	DISMISSED	4
PV1-18	8	27	5	No Medicare			4
PV1-18	9	27	6	Prisoner			4
PV1-18	10	27	7	VIP	VIP/OTHER	VIP/OTHER	4
PV1-18	11	27	8	Staff Dependent			4
PV1-18	12	27	9	Benefactor			4
PV1-18	13	27	10	Employee Dependent			4
PV1-18	14	27	11	Non-Employee			4
PV1-18	15	27	12	Volunteer			4
PV1-18	16	27	13	Staff Physician	PHYSICIANS	Physicians	4
PV1-18	17	27	14	Non V.I.P			4
PV1-18	18	27	15	Retired Employee			4
PV1-18	19	27	42	Homeless			4
PV1-18	20	27	44	Celebrity			4
PV1-18	21	27	45	Donor			4
PV1-18	22	27	46	Transplant			4
PV1-18	23	27	47	Voucher			4
PV1-18	24	27	49	Board Member	B	Board of Directors	4
PV1-18	25	27	49	Clergy	C	Clergy	4
PV1-18	26	27	52	Other			4
PV1-18	27	27	58	Organ Donor			4
PV1-18	28	27	59	Organ 			4
PV1-18	29	27	60	Select Specialty	 	 	4
PV1-18	30	27			OSFMG RESTRI	OFSMG Restricted	4
PV1-18	31	27			A	Administration	4
PV1-18	32	27			GOLDEN CARE	Golden Care	4
PV1-18	33	27			SISITERS	Religion Sisters	4
PV1-18	34	27			E	Emergency	4
PV1-18	35	27			I	Inpatient	FFDDEBF7
PV1-18	36	27			O	Outpatient	FFDDEBF7
PV1-18	37	27			R	Recurring patient	FFDDEBF7
PV1-18	38	27			V	Outpatient with Observation Services	FFDDEBF7
PV1-18	39	27			H	Hospital Ambulatory Surgery	FFDDEBF7
PV1-18	40	27			S	Series	FFDDEBF7
PV1-18	41	27			LVC	Lab Vendor (Corporate)	FFDDEBF7
PV1-18	42	27			LHS	Lab Hospital Specimen (Paper Patient)	FFDDEBF7
PV1-18	43	27			LVO	Lab Vendor Outpatient (Outpatient)	FFDDEBF7
PV1-18	111	27			 		00000000
PV1-10	2	31	MiHIN Suggested Values		Hospital Value	Description	4
PV1-10	3	31			121	Pediatrics	2
PV1-10	4	31	127	Acute Care Surgery			4
PV1-10	5	31	128	Allergy & Immunology	Allergy	Allergy	4
PV1-10	6	31	129	Anesthesiology	Anesth	Anesthesiology	4
PV1-10	7	31	161	Audiology			4
PV1-10	8	31	463	Bariatric Surgery			4
PV1-10	9	31	478	Behavioral Health - Neuropsychology			4
PV1-10	10	31	479	Behavioral Health - Psychiatry	BH	Behavioral Health	4
PV1-10	11	31	162	Behavioral Health - Psychology			4
PV1-10	12	31	399	Bone & Mineral			4
PV1-10	13	31	198	Bone Marrow Transplant			4
PV1-10	14	31	184	Cardiac Surgery	CARDIO/SURGI	Cardio/Surgical Telemetry	4
PV1-10	15	31	473	Cardiology - Advanced Heart Failure/Transplant			4
PV1-10	16	31	409	Cardiology - Electrophysiology			4
PV1-10	17	31	104	Cardiology - General	CARDIO TELEM, OUTPATIENT C, CAR	Cardio Telemetry\nOutpatient Cardio Services\nCardiology	4
PV1-10	18	31	163	Cardiology - Structural Heart Disease			4
PV1-10	19	31	474	Cardiology - Vascular Medicine	CCATH	Cardiac Cath	4
PV1-10	20	31	470	Cardiothoracic Transplant			4
PV1-10	21	31	477	Cardiovascular SICU	CVICU, CICU	Cardiovascular ICU\nCoronary ICU	4
PV1-10	22	31	208	Chemotherapy			4
PV1-10	23	31	150	Clinical Decision Unit			4
PV1-10	24	31	165	Colon/Rectal Surgery			4
PV1-10	25	31	131	Dermatology	Dermatol	Dermatology	4
PV1-10	26	31	105	Emergency Medicine	ED, ECU	Emergency\nEmergency Care Unit	4
PV1-10	27	31	133	Endocrinology	Endo	Endocrinology	4
PV1-10	28	31	481	Ethics			4
PV1-10	29	31	132	Family Medicine			4
PV1-10	30	31	376	Family Practice			4
PV1-10	31	31	108	Gastroenterology	GI LAB	GI Lab	4
PV1-10	32	31	124	General Surgery	SUR	Surgical	4
PV1-10	33	31	134	Genetics			4
PV1-10	34	31	107	Geriatrics			4
PV1-10	35	31	109	Gynecology	Gynecology, GYN	Gynecology\nGYN	4
PV1-10	36	31	166	Gynecology/Obstetrics			4
PV1-10	37	31	135	Hematology	Hema	Hematology	4
PV1-10	38	31	384	Hepatology			4
PV1-10	39	31	110	Hospice Medicine	HC, HSP	Hospice Care\nHospice	4
PV1-10	40	31	156	Hospitalist Medicine			4
PV1-10	41	31	136	Infectious Disease	Infectious	Infectious Disease	4
PV1-10	42	31	464	Intensive Care	GENICU, eICU, PICU, ICU TRAUMA, NICU	General ICU, Electronic Intensive Care Unit, Pediatric ICU, ICU Trauma, Neonatal ICU	4
PV1-10	43	31	112	Internal Medicine			4
PV1-10	44	31	149	Interventional Radiology	IR	Interventional Radiology 	4
PV1-10	45	31	154	Labor and Delivery			4
PV1-10	46	31	111	Medical Intensive Care	MICU	Medical ICU	4
PV1-10	47	31	116	Neonatology	Neuro Ophtha	Neuro Ophthamology 	4
PV1-10	48	31	137	Nephrology	RENAL	Renal	4
PV1-10	49	31	126	Nephrology Transplant	NEP	Nephrology	4
PV1-10	50	31	114	Neuro ICU	NEURO ICU	Neuro ICU	4
PV1-10	51	31	115	Neurology	NEU, NEURINT, NEURO/MEDICA	Neurology\nNeuro Intermediate\nNeuro/Medical Telemetry	4
PV1-10	52	31	138	Neurosurgery	NES, Neurosurgery	Neurosurgery	4
PV1-10	53	31	153	Newborn	NSY	Nursery	4
PV1-10	54	31	117	Obstetrics	OB	Obstetrics	4
PV1-10	55	31	118	Oncology	ONC	Oncology	4
PV1-10	56	31	139	Ophthalmology	Opthamology, OPT	Ophthamology	4
PV1-10	57	31	172	Oral Surgery			4
PV1-10	58	31	380	Orthopedic - Hand Surgery			4
PV1-10	59	31	381	Orthopedic - Spine			4
PV1-10	60	31	476	Orthopedic - Surgery			4
PV1-10	61	31	119	Orthopedics	ORT	Orthopedics	4
PV1-10	62	31	140	Otolaryngology/ENT	ENT	Ear Nose Throat	4
PV1-10	63	31	385	Pain Management			4
PV1-10	64	31	175	Palliative Medicine 	Palliative C	Palliative Care	4
PV1-10	65	31	273	Pathology			4
PV1-10	66	31	121	Pediatrics	PED, PEDINT	Pediatrics\nPeds Intermediate	4
PV1-10	67	31	148	Pharmacy			4
PV1-10	68	31	475	Physiatry	PSY	Psychiatry	4
PV1-10	69	31	123	Physical Medicine and Rehabilitation	REHAB, PHY	Rehab\nPhysical Medicine	4
PV1-10	70	31	141	Plastic Surgery	PLS	Plastic Surgery	4
PV1-10	71	31	178	Podiatry			4
PV1-10	72	31	293	Pulmonary			4
PV1-10	73	31	465	Pulmonary Hypertension			4
PV1-10	74	31	467	Pulmonary Interventional			4
PV1-10	75	31	466	Pulmonary Transplant			4
PV1-10	76	31	143	Radiation Oncology			4
PV1-10	77	31	180	Radiology	RAD	Radiology	4
PV1-10	78	31	144	Rheumatology			4
PV1-10	79	31	158	Select Specialty			4
PV1-10	80	31	181	Sleep Center			4
PV1-10	81	31	472	Speech Pathology			4
PV1-10	82	31	480	Surgical Endoscopy			4
PV1-10	83	31	125	Surgical Intensive Care	SICU	Surgical ICU	4
PV1-10	84	31	322	Thoracic Surgery			4
PV1-10	85	31	374	Transfusion Medicine			4
PV1-10	86	31	185	Transplant	Transplant	Transplant Services	4
PV1-10	87	31	469	Transplant HPB Surgery			4
PV1-10	88	31	482	Trauma Surgery			4
PV1-10	89	31	387	Urogynecology			4
PV1-10	90	31	145	Urology	URO	Urology	4
PV1-10	91	31	471	Vascular Surgery			4
PV1-10	92	31	151	Wound/Ostomy Care	WO	Wound Ostomy	4
PV1-10	93	31			ASC	Ambulatory Surgery	FFDDEBF7
PV1-10	94	31		 	RES	Respite	FFDDEBF7
PV1-10	95	31			SNF	Skilled Nursing	FFDDEBF7
PV1-10	96	31			MSINT	Med Surg Intermediate Care	FFDDEBF7
PV1-10	97	31			OPINF	Outpatient Infusion Services	FFDDEBF7
PV1-10	98	31			TELEMETRY	Telemetry	FFDDEBF7
PV1-10	99	31			GENMED	General Medicine	FFDDEBF7
PV1-10	100	31			NN	Nurse Navigator	FFDDEBF7
PV1-10	101	31			NUTRI SUP	Nutrition Support	FFDDEBF7
PV1-10	102	31			BRN	Burn	FFDDEBF7
PV1-10	103	31			IND	Industrial Medicine	FFDDEBF7
PV1-10	104	31			MED	Medical	FFDDEBF7
PV1-10	105	31			MEDICAL TRAU	Medical Trauma	FFDDEBF7
PV1-10	106	31			PPT	Paper Patient	FFDDEBF7
PV1-10	107	31			TRA	Trauma	FFDDEBF7
PV1-36	2	35	MiHIN suggested values		Hospital Value	Description	4
PV1-36	3	35			01	Discharged to home or self care (routine discharge)	2
PV1-36	4	35	01	Discharged to home or self care (routine discharge)	01	Discharged to home or self care (routine discharge)	4
PV1-36	5	35	02	Discharged/transferred to a short-term general hospital for inpatient care	02	Discharged/transferred to a short-term general hospital for inpatient care	4
PV1-36	6	35	03	Discharged/transferred to skilled nursing facility (SNF) with Medicare certification.	03	Discharged/transferred to skilled nursing facility (SNF) with Medicare certification.	4
PV1-36	7	35	04	Discharged/transferred to an intermediate care facility (ICF)	04	Discharged/transferred to an intermediate care facility (ICF)	4
PV1-36	8	35	05	Discharged/transferred to another type of institution not defined elsewhere in this code list	05, 69, 70	Discharged/transferred to another type of institution not defined elsewhere in this code list	4
PV1-36	9	35	06	Discharged/transferred to home under care of organized home health service organization	06	Discharged/transferred to home under care of organized home health service organization	4
PV1-36	10	35	07	Left against medical advice or discontinued care	07	Left against medical advice or discontinued care	4
PV1-36	11	35	08	Discharged/transferred to home under care of a Home IV provider			4
PV1-36	12	35	09	Admitted as an inpatient to this hospital	09	Admitted as an inpatient to this hospital	4
PV1-36	13	35	10-19	Reserved for national assignment (Discontinued effective 10/16/03)			4
PV1-36	14	35	20	Expired	20	Expired	4
PV1-36	15	35	2l-29	Reserved for national assignment (Discontinued effective 10/16/03)			4
PV1-36	16	35	30	Still Patient	30	Still Patient	4
PV1-36	17	35	31-39	Reserved for national assignment (Discontinued effective 10/16/03)			4
PV1-36	18	35	40	Expired at home	40	Expired at home	4
PV1-36	19	35	41	Expired in a medical facility (e.g. hospital, SNF, ICF, or free standing hospice)	41	Expired in a medical facility (e.g. hospital, SNF, ICF, or free standing hospice)	4
PV1-36	20	35	42	Expired - place unknown	42	Expired - place unknown	4
PV1-36	21	35	43	Discharged/transferred to a federal health care facility. (Effective 10/1/03)	43	Discharged/transferred to a federal health care facility. (Effective 10/1/03)	4
PV1-36	22	35	44-49	Reserved for national assignment			4
PV1-36	23	35	50	Hospice - home	50	Hospice - home	4
PV1-36	24	35	51	Hospice - medical facility	51	Hospice - medical facility	4
PV1-36	25	35	52-60	Reserved for national assignment			4
PV1-36	26	35	61	Discharged/transferred to hospital-based Medicare approved swing bed	61	Discharged/transferred to hospital-based Medicare approved swing bed	4
PV1-36	27	35	62	Discharged/transferred to an inpatient rehabilitation facility (IRF) including rehabilitation distinct part units of a hospital. (Effective retroactive to 1/1/02.)	62	Discharged/transferred to an inpatient rehabilitation facility (IRF) including rehabilitation distinct part units of a hospital. (Effective retroactive to 1/1/02.)	4
PV1-36	28	35	63	Discharged/transferred to a Medicare certified long term care hospital (LTCH).(Effective 5/9/02.)	63	Discharged/transferred to a Medicare certified long term care hospital (LTCH).(Effective 5/9/02.)	4
PV1-36	29	35	64	Discharged/transferred to a nursing facility certified under Medicaid but not certified under Medicare. (Effective 10/1/02.)	64	Discharged/transferred to a nursing facility certified under Medicaid but not certified under Medicare. (Effective 10/1/02.)	4
PV1-36	30	35	65	Discharged/transferred to a psychiatric hospital or psychiatric distinct part unit of a hospital. (Effective 4/1/04)	65	Discharged/transferred to a psychiatric hospital or psychiatric distinct part unit of a hospital. (Effective 4/1/04)	4
PV1-36	31	35	66	Discharged/transferred to a Critical Access Hospital (CAH). (Effective 1/1/06)	66	Discharged/transferred to a Critical Access Hospital (CAH). (Effective 1/1/06)	4
PV1-36	32	35	67-70	Reserved for national assignment			4
PV1-36	33	35	71	Reserved for national assignment (Discontinued effective 4/1/03)			4
PV1-36	34	35	72	Reserved for national assignment (Discontinued effective 4/1/03)			4
PV1-36	35	35	73-99	Reserved for national assignment			4
IN1-17	2	39	MiHIN Value	Description	Hospital Value		4
IN1-17	3	39	FTH	Father 	F		2
IN1-17	4	39	ASC	Associate			4
IN1-17	5	39	BRO	Brother 			4
IN1-17	6	39	CGV	Care giver 			4
IN1-17	7	39	CHD	Child	Child		4
IN1-17	8	39	DEP	Handicapped dependant			4
IN1-17	9	39	DOM	Life partner	LfPt		4
IN1-17	10	39	EMC	Emergency contact			4
IN1-17	11	39	EME	Employee	Employee		4
IN1-17	12	39	EMR	Employer			4
IN1-17	13	39	EXF	Extended family			4
IN1-17	14	39	FCH	Foster child 			4
IN1-17	15	39	FND	Friend			4
IN1-17	16	39	FTH	Father 			4
IN1-17	17	39	GCH	Grandchild			4
IN1-17	18	39	GRD	Guardian 			4
IN1-17	19	39	GRP	Grandparent 			4
IN1-17	20	39	MGR	Manager			4
IN1-17	21	39	MTH	Mother 			4
IN1-17	22	39	NCH	Natural child			4
IN1-17	23	39	NON	None			4
IN1-17	24	39	OAD	Other adult			4
IN1-17	25	39	OTH	Other 	Orel, Odnr, CDnr, Other Relationship		4
IN1-17	26	39	OWN	Owner			4
IN1-17	27	39	PAR	Parent 	Prnt		4
IN1-17	28	39	SCH	Stepchild 			4
IN1-17	29	39	SEL	Self	Self		4
IN1-17	30	39	SIB	Sibling 			4
IN1-17	31	39	SIS	Sister 			4
IN1-17	32	39	SPO	Spouse	Spouse		4
IN1-17	33	39	TRA	Trainer			4
IN1-17	34	39	UNK	Unknown	Unkn		4
IN1-17	35	39	WRD	Ward of court			4
IN1-17	36	39	AUN	Aunt 			4
IN1-17	37	39	DAU	Daughter			4
IN1-17	38	39	EXS	Ex Spouse 			4
IN1-17	39	39	EXH	Ex-husband			4
IN1-17	40	39	EXW	Ex-wife 			4
IN1-17	41	39	INL	In Law 			4
IN1-17	42	39	LEG	Legal Guardian 			4
IN1-17	43	39	SON	Son (S)			4
IN1-17	44	39	STP	Step Parent (STP)			4
IN1-17	45	39	STS	Step Sibling			4
IN1-17	46	39	UN	Uncle (UN)			4
IN1	2	42	IN1-3 Value	IN1-4 Value	Payer		4
IN1	3	42	1001	BCN	BCBSM		2
IN1	4	42	1	CERT NPI			00000000
IN1	5	42	2	CERT NPI TAX ID			00000000
IN1	6	42	3	CERT NPI LEGACY			00000000
IN1	7	42	4	CERT LEGACY ID			00000000
IN1	8	42	5	HUMANA MEDICARE PRIMARY	MEDICARE		00000000
IN1	9	42	6	HUMANA MEDICARE SECONDARY	MEDICARE		00000000
IN1	10	42	7	HUMANA SECONDARY			00000000
IN1	11	42	15	AETNA SRC			00000000
IN1	12	42	16	HEALTH ALLIANCE_HCH			00000000
IN1	13	42	1000	MEDICARE MODEL	MEDICARE		00000000
IN1	14	42	1000	MEDICARE MODEL	MEDICARE		00000000
IN1	15	42	1000	MEDICARE MODEL	MEDICARE		00000000
IN1	16	42	1000	MEDICARE MODEL	MEDICARE		00000000
IN1	17	42	1000	MEDICARE MODEL	MEDICARE		00000000
IN1	18	42	2000	AETNA MODEL			00000000
IN1	19	42	2001	ALLSTATE INSURANCE CO			00000000
IN1	20	42	2002	AMERICAN FAMILY LIFE INSURANCE			00000000
IN1	21	42	2003	AMERICAN GENERAL LIFE			00000000
IN1	22	42	2004	AMERICAN REPUBLIC INSURANCE			00000000
IN1	23	42	2005	AMERICAN UNITEDLIFE			00000000
IN1	24	42	2006	BANKERS LIFE AND CASUALTY			00000000
IN1	25	42	2007	BLUE CROSS BLUE SHIELD			00000000
IN1	26	42	2008	CHUBB GROUP OF INSURANCE			00000000
IN1	27	42	2009	CIGNA			00000000
IN1	28	42	2010	FIDELITY			00000000
IN1	29	42	2011	FORTIS			00000000
IN1	30	42	2012	GALLAGHER BENEFIT ADMIN			00000000
IN1	31	42	2013	GEICO			00000000
IN1	32	42	2014	HUMANA			00000000
IN1	33	42	2015	MEDICAID	MEDICAID		00000000
IN1	34	42	2016	KAISER PERMANENTE			00000000
IN1	35	42	2017	STATE FARM INSURANCE			00000000
IN1	36	42	2018	TRICARE			00000000
IN1	37	42	9900	MS WORKERS COMP			00000000
IN1	38	42	9990	GENERIC COMMERCIAL			00000000
IN1	39	42	9999	GENERIC WORKERS COMP			00000000
IN1	40	42	100000	GENERIC BLUECROSS			00000000
IN1	41	42	100001	BLUE CROSS IL	BCBSM		00000000
IN1	42	42	100001	BLUE CROSS IL	BCBSM		00000000
IN1	43	42	100001	BLUE CROSS IL	BCBSM		00000000
IN1	44	42	100001	BLUE CROSS IL	BCBSM		00000000
IN1	45	42	100001	BLUE CROSS IL	BCBSM		00000000
IN1	46	42	100001	BLUE CROSS IL	BCBSM		00000000
IN1	47	42	100001	BLUE CROSS IL	BCBSM		00000000
IN1	48	42	100001	BLUE CROSS IL	BCBSM		00000000
IN1	49	42	100001	BLUE CROSS IL	BCBSM		00000000
IN1	50	42	100001	BLUE CROSS IL	BCBSM		00000000
IN1	51	42	100001	BLUE CROSS IL	BCBSM		00000000
IN1	52	42	100001	BLUE CROSS IL	BCBSM		00000000
IN1	53	42	100001	BLUE CROSS IL	BCBSM		00000000
IN1	54	42	100001	BLUE CROSS IL	BCBSM		00000000
IN1	55	42	100001	BLUE CROSS IL	BCBSM		00000000
IN1	56	42	100002	BLUE CROSS MI	BCBSM		00000000
IN1	57	42	100002	BLUE CROSS MI	BCBSM		00000000
IN1	58	42	100002	BLUE CROSS MI	BCBSM		00000000
IN1	59	42	100002	BLUE CROSS MI	BCBSM		00000000
IN1	60	42	100002	BLUE CROSS MI	BCBSM		00000000
IN1	61	42	100002	BLUE CROSS MI	BCBSM		00000000
IN1	62	42	100002	BLUE CROSS MI	BCBSM		00000000
IN1	63	42	100002	BLUE CROSS MI			00000000
IN1	64	42	100002	BLUE CROSS MI			00000000
IN1	65	42	100003	BLUE CROSS WI	BCBSM		00000000
IN1	66	42	100004	BCBS HMOI OSFHEALTHCARE N	BCBSM		00000000
IN1	67	42	100004	BCBS HMOI OSFHEALTHCARE N	BCBSM		00000000
IN1	68	42	100010	MODEL RTE PAYOR			00000000
IN1	69	42	100011	BCBS HMOI OSFHEALTHCARE	BCBSM		00000000
IN1	70	42	100011	BCBS HMOI OSFHEALTHCARE	BCBSM		00000000
IN1	71	42	100011	BCBS HMOI OSFHEALTHCARE	BCBSM		00000000
IN1	72	42	100011	BCBS HMOI OSFHEALTHCARE	BCBSM		00000000
IN1	73	42	100011	BCBS HMOI OSFHEALTHCARE	BCBSM		00000000
IN1	74	42	100011	BCBS HMOI OSFHEALTHCARE	BCBSM		00000000
IN1	75	42	100011	BCBS HMOI OSFHEALTHCARE			00000000
IN1	76	42	100012	BLUE CROSS MO	BCBSM		00000000
IN1	77	42	100012	BLUE CROSS MO	BCBSM		00000000
IN1	78	42	100012	BLUE CROSS MO	BCBSM		00000000
IN1	79	42	100012	BLUE CROSS MO	BCBSM		00000000
IN1	80	42	100100	MODEL MC PAYOR			00000000
IN1	81	42	100100	MODEL MC PAYOR			00000000
IN1	82	42	101000	MEDICARE	MEDICARE		00000000
IN1	83	42	101000	MEDICARE	MEDICARE		00000000
IN1	84	42	101000	MEDICARE	MEDICARE		00000000
IN1	85	42	101000	MEDICARE	MEDICARE		00000000
IN1	86	42	101000	MEDICARE	MEDICARE		00000000
IN1	87	42	101000	MEDICARE	MEDICARE		00000000
IN1	88	42	101000	MEDICARE	MEDICARE		00000000
IN1	89	42	101001	MEDICARE RAILROAD	MEDICARE		00000000
IN1	90	42	101002	MEDICARE LIEN	MEDICARE		00000000
IN1	91	42	101003	MEDICARE LIEN SFMC	MEDICARE		00000000
IN1	92	42	101005	MEDICARE SUPPLEMENTAL	MEDICARE		00000000
IN1	93	42	102000	MEDICARE C GENERIC	MEDICARE		00000000
IN1	94	42	102000	MEDICARE C GENERIC	MEDICARE		00000000
IN1	95	42	102000	MEDICARE C GENERIC	MEDICARE		00000000
IN1	96	42	102001	MEDICARE C COVENTRY	MEDICARE		00000000
IN1	97	42	102001	MEDICARE C COVENTRY	MEDICARE		00000000
IN1	98	42	102001	COVENTRY MEDICARE C	MEDICARE		00000000
IN1	99	42	102002	MEDICARE C AETNA	MEDICARE		00000000
IN1	100	42	102003	MEDICARE C HEALTH ALLIANCE	MEDICARE		00000000
IN1	101	42	102003	MEDICARE C HEALTH ALLIANCE	MEDICARE		00000000
IN1	102	42	102003	MEDICARE C HEALTH ALLIANCE	MEDICARE		00000000
IN1	103	42	102004	MEDICARE C HEALTH MARKETS	MEDICARE		00000000
IN1	104	42	102005	MEDICARE C HUMANA	MEDICARE		00000000
IN1	105	42	102005	MEDICARE C HUMANA	MEDICARE		00000000
IN1	106	42	102005	MEDICARE C HUMANA	MEDICARE		00000000
IN1	107	42	102005	MEDICARE C HUMANA	MEDICARE		00000000
IN1	108	42	102005	MEDICARE C HUMANA	MEDICARE		00000000
IN1	109	42	102006	MEDICARE C BCBS MI	MEDICARE		00000000
IN1	110	42	102006	MEDICARE C BCBS MI	MEDICARE		00000000
IN1	111	42	102007	MEDICARE C PYRAMID LIFE	MEDICARE		00000000
IN1	112	42	102008	MEDICARE C UNITEDHEALTHCARE	MEDICARE		00000000
IN1	113	42	102008	MEDICARE C UNITEDHEALTHCARE	MEDICARE		00000000
IN1	114	42	102008	UNITEDHEALTHCARE MEDICARE C	MEDICARE		00000000
IN1	115	42	102008	MEDICARE C UNITEDHEALTHCARE	MEDICARE		00000000
IN1	116	42	102008	MEDICARE C UNITEDHEALTHCARE	MEDICARE		00000000
IN1	117	42	102008	MEDICARE C UNITEDHEALTHCARE	MEDICARE		00000000
IN1	118	42	102009	WINDSOR STERLING			00000000
IN1	119	42	102010	MEDICARE C WELLCARE	MEDICARE		00000000
IN1	120	42	102010	MEDICARE C WELLCARE	MEDICARE		00000000
IN1	121	42	102011	UNICARE MEDICARE C	MEDICARE		00000000
IN1	122	42	102012	MEDICARE C CIGNA	MEDICARE		00000000
IN1	123	42	102013	BCBS IL MED C GENERIC			00000000
IN1	124	42	102013	MEDICARE C BCBS IL GENERIC	MEDICARE		00000000
IN1	125	42	102014	MEDICARE C CARE IMPRVEMNT PLUS	MEDICARE		00000000
IN1	126	42	102015	MEDICARE C UP HEALTH PLAN	MEDICARE		00000000
IN1	127	42	102015	MEDICARE C UP HEALTH PLAN	MEDICARE		00000000
IN1	128	42	102015	MEDICARE C UP HEALTH PLAN	MEDICARE		00000000
IN1	129	42	102015	MEDICARE C UP HEALTH PLAN	MEDICARE		00000000
IN1	130	42	102016	MEDICARE C MERIDIAN	MEDICARE		00000000
IN1	131	42	102016	MEDICARE C MERIDIAN	MEDICARE		00000000
IN1	132	42	102016	MEDICARE C MERIDIAN	MEDICARE		00000000
IN1	133	42	102017	MEDICARE C CCAI	MEDICARE		00000000
IN1	134	42	102017	MEDICARE C CCAI	MEDICARE		00000000
IN1	135	42	102018	MEDICARE C MOLINA	MEDICARE		00000000
IN1	136	42	102018	MEDICARE C MOLINA	MEDICARE		00000000
IN1	137	42	102019	MEDICARE C ILLINICARE	MEDICARE		00000000
IN1	138	42	102020	MEDICARE C BCBS IL MMAI	MEDICARE		00000000
IN1	139	42	102021	CIGNA HEALTHSPRING MEDICARE	MEDICARE		00000000
IN1	140	42	102030	MEDICARE C BCBS IL OUT OF STATE			00000000
IN1	141	42	103000	GENERIC MEDICAID			00000000
IN1	142	42	103001	MEDICAID ILLINOIS			00000000
IN1	143	42	103001	MEDICAID ILLINOIS			00000000
IN1	144	42	103001	MEDICAID ILLINOIS			00000000
IN1	145	42	103001	MEDICAID ILLINOIS			00000000
IN1	146	42	103002	IL HEMOPHILIA			00000000
IN1	147	42	103003	MEDICAID MICHIGAN			00000000
IN1	148	42	103004	MEDICAID INDIANA			00000000
IN1	149	42	103005	MEDICAID IOWA			00000000
IN1	150	42	103006	MEDICAID WISCONSIN			00000000
IN1	151	42	103007	MEDICAID MISSOURI			00000000
IN1	152	42	103008	MEDICAID OUT OF STATE			00000000
IN1	153	42	103009	SEXUAL ASSAULT PROGRAM			00000000
IN1	154	42	103010	UP HEALTH PLANS			00000000
IN1	155	42	103010	UP HEALTH PLANS			00000000
IN1	156	42	103010	UP HEALTH PLANS			00000000
IN1	157	42	103011	MEDICAID ILLINOIS HMO			00000000
IN1	158	42	103012	MEDICAID KENTUCKY			00000000
IN1	159	42	103013	MI ACCESS PROGRAM			00000000
IN1	160	42	103014	MI CHILD			00000000
IN1	161	42	103015	MEDICAID MICHIGAN HMO			00000000
IN1	162	42	103016	MEDICAID LIEN			00000000
IN1	163	42	103017	MEDICAID LIEN SFMC			00000000
IN1	164	42	103018	MEDICAID MERIDIAN HEALTH PLAN			00000000
IN1	165	42	103023	MEDICAID HARMONY HEALTH PLAN OF IL			00000000
IN1	166	42	103024	MEDICAID CCAI			00000000
IN1	167	42	103025	MEDICAID ILLINICARE			00000000
IN1	168	42	103026	MEDICAID MOLINA			00000000
IN1	169	42	103026	MEDICAID MOLINA			00000000
IN1	170	42	103027	MEDICAID AETNA			00000000
IN1	171	42	103028	MEDICAID HEALTH ALLIANCE CONNECT			00000000
IN1	172	42	103029	XXXIL PARTNERSHIP FOR HEALTH			00000000
IN1	173	42	103030	MEDICAID COUNTY CARE			00000000
IN1	174	42	103031	MEDICAID FAMILY HEALTH NETWORK			00000000
IN1	175	42	103032	MEDICAID HUMANA			00000000
IN1	176	42	103033	MEDICAID BLUE CROSS IL			00000000
IN1	177	42	103034	CIGNA HEALTHSPRING MEDICAID			00000000
IN1	178	42	105000	UNITED MINE WRKRS			00000000
IN1	179	42	105001	BLACK LUNG			00000000
IN1	180	42	105002	COMMUNITY CLINIC - PEORIA			00000000
IN1	181	42	105003	DEPT VOC REHAB 19250			00000000
IN1	182	42	105004	BROTHERCARE/SISTERCARE			00000000
IN1	183	42	105005	DEPT OF SPECIAL CARE			00000000
IN1	184	42	105006	EARLY INTERVENTION			00000000
IN1	185	42	105006	EARLY INTERVENTION			00000000
IN1	186	42	105007	IL BREAST CERVICAL CANCER			00000000
IN1	187	42	105007	IL BREAST CERVICAL CANCER			00000000
IN1	188	42	105007	IL BREAST CERVICAL CANCER			00000000
IN1	189	42	105007	IL BREAST CERVICAL CANCER			00000000
IN1	190	42	105007	IL BREAST CERVICAL CANCER			00000000
IN1	191	42	105007	IL BREAST CERVICAL CANCER			00000000
IN1	192	42	105007	IL BREAST CERVICAL CANCER			00000000
IN1	193	42	105007	IL BREAST CERVICAL CANCER			00000000
IN1	194	42	105007	IL BREAST CERVICAL CANCER			00000000
IN1	195	42	105007	IL BREAST CERVICAL CANCER			00000000
IN1	196	42	105008	LIVINGSTON COUNTY			00000000
IN1	197	42	105008	LIVINGSTON COUNTY			00000000
IN1	198	42	105008	LIVINGSTON COUNTY			00000000
IN1	199	42	105009	ST JUDE			00000000
IN1	200	42	105010	SUSAN G KOMEN GRANT			00000000
IN1	201	42	105011	TRICARE FOR LIFE			00000000
IN1	202	42	105012	VETERANS ADMIN			00000000
IN1	203	42	105012	VETERANS ADMIN			00000000
IN1	204	42	105012	VETERANS ADMIN			00000000
IN1	205	42	105012	VETERANS ADMIN			00000000
IN1	206	42	105012	VETERANS ADMIN			00000000
IN1	207	42	105012	VETERANS ADMIN			00000000
IN1	208	42	105013	TRICARE HEALTH NET			00000000
IN1	209	42	105014	CHAMPVA			00000000
IN1	210	42	105015	MICHIGAN DEPT OF COMMUNITY HEA			00000000
IN1	211	42	105016	INDIAN HEALTH SERVICES			00000000
IN1	212	42	105018	MILLENNIUM			00000000
IN1	213	42	105019	JOHN SCOTT HEALTH RESOURCES			00000000
IN1	214	42	105020	GALESBURG TOWNSHIP RELIEF			00000000
IN1	215	42	105021	COMMUNITY CLINIC - BLOOMINGTON			00000000
IN1	216	42	105022	WILLIAM S MIDDLETON MEMORIAL VA			00000000
IN1	217	42	105023	TOWNSHIP GENERIC			00000000
IN1	218	42	105023	TOWNSHIP GENERIC			00000000
IN1	219	42	105024	TRICARE GENERIC			00000000
IN1	220	42	105025	CHIPS DEPT OF HUMAN SERVICES			00000000
IN1	221	42	105026	HEALTH CENTER OF EASTERN LASALLE COUNTY			00000000
IN1	222	42	105027	ADVANCED CORRECTIONAL HEALTHCARE			00000000
IN1	223	42	105028	STATE SUPPORT PRC			00000000
IN1	224	42	105029	BLOOMINGTON THUNDER			00000000
IN1	225	42	105030	VETERANS CHOICE PROGRAM			00000000
IN1	226	42	105041	TRICARE EAST WPS			00000000
IN1	227	42	105046	VA COMMUNITY CARE NETWORK			00000000
IN1	228	42	105049	COVID19 HRSA UNINSURED TESTING AND TREATMENT FUND			00000000
IN1	229	42	107000	WKC GENERIC			00000000
IN1	230	42	107000	WKC GENERIC			00000000
IN1	231	42	107000	WKC GENERIC			00000000
IN1	232	42	107001	WKC CATERPILLAR			00000000
IN1	233	42	107002	WKC CITY OF PEORIA			00000000
IN1	234	42	107003	WKC CORVEL			00000000
IN1	235	42	107003	WKC CORVEL			00000000
IN1	236	42	107004	WKC HFN			00000000
IN1	237	42	107005	WKC MITSUBISHI			00000000
IN1	238	42	107006	WKC PEORIA RIVERMEN			00000000
IN1	239	42	107007	WKC ICE HOGS			00000000
IN1	240	42	107008	WKC FEDERAL			00000000
IN1	241	42	107009	WKC THE ALLIANCE			00000000
IN1	242	42	107010	WKC AETNA			00000000
IN1	243	42	107011	WKC ILLINOIS COMPENSATION TRUST			00000000
IN1	244	42	107012	WKC TRISTAR			00000000
IN1	245	42	107013	WKC COVENTRY			00000000
IN1	246	42	107014	WKC WALMART/SAMS CLUB			00000000
IN1	247	42	107015	WKC MULTIPLAN			00000000
IN1	248	42	108000	COMMERCIAL GENERIC			00000000
IN1	249	42	108000	COMMERCIAL GENERIC			00000000
IN1	250	42	108000	COMMERCIAL GENERIC			00000000
IN1	251	42	108000	COMMERCIAL GENERIC			00000000
IN1	252	42	108001	AARP			00000000
IN1	253	42	108002	AETNA INC			00000000
IN1	254	42	108002	AETNA INC			00000000
IN1	255	42	108002	AETNA INC			00000000
IN1	256	42	108002	AETNA INC			00000000
IN1	257	42	108003	AFLAC			00000000
IN1	258	42	108004	AIM ADMINISTRATORS			00000000
IN1	259	42	108005	ALLIED			00000000
IN1	260	42	108005	ALLIED			00000000
IN1	261	42	108006	ALLSTATE			00000000
IN1	262	42	108007	AMERICAN COMMUNITY MUTUAL			00000000
IN1	263	42	108008	AMERICAN FAMILY			00000000
IN1	264	42	108008	AMERICAN FAMILY			00000000
IN1	265	42	108008	AMERICAN FAMILY			00000000
IN1	266	42	108009	AMERICAN MEDICAL SECURITY			00000000
IN1	267	42	108010	AMERICAN REPUBLIC			00000000
IN1	268	42	108011	ASSURANT HEALTH			00000000
IN1	269	42	108012	AUTO OWNERS			00000000
IN1	270	42	108013	BANKERS LIFE			00000000
IN1	271	42	108014	BENCHMARK   MIDWEST			00000000
IN1	272	42	108015	BENEFIT ADMINISTRATION SYSTEMS			00000000
IN1	273	42	108015	BENEFIT ADMINISTRATION SYSTEMS			00000000
IN1	274	42	108015	BENEFIT ADMINISTRATION SYSTEMS			00000000
IN1	275	42	108015	BENEFIT ADMINISTRATION SYSTEMS			00000000
IN1	276	42	108016	BENEFIT SYSTEMS & SERVICES			00000000
IN1	277	42	108017	BLM POLICE DEPARTMENT			00000000
IN1	278	42	108018	CANNON COCHRAN			00000000
IN1	279	42	108019	CATERPILLAR			00000000
IN1	280	42	108019	CATERPILLAR			00000000
IN1	281	42	108019	CATERPILLAR			00000000
IN1	282	42	108020	CIGNA			00000000
IN1	283	42	108020	CIGNA			00000000
IN1	284	42	108020	CIGNA			00000000
IN1	285	42	108020	CIGNA			00000000
IN1	286	42	108020	CIGNA			00000000
IN1	287	42	108020	CIGNA			00000000
IN1	288	42	108020	CIGNA			00000000
IN1	289	42	108020	CIGNA			00000000
IN1	290	42	108020	CIGNA			00000000
IN1	291	42	108021	COFINITY			00000000
IN1	292	42	108021	COFINITY			00000000
IN1	293	42	108022	CONSECO			00000000
IN1	294	42	108023	CORESOURCE INC			00000000
IN1	295	42	108023	CORESOURCE INC			00000000
IN1	296	42	108024	COUNTRY INS & FIN SERVICE			00000000
IN1	297	42	108024	COUNTRY INS & FIN SERVICE			00000000
IN1	298	42	108025	DEFINITY HEALTH CLAIMS			00000000
IN1	299	42	108026	DEKALB COUNTY HEALTHCARE			00000000
IN1	300	42	108027	FARMERS INSURANCE			00000000
IN1	301	42	108028	FEDERATED MUTUAL			00000000
IN1	302	42	108029	FIRST HEALTH			00000000
IN1	303	42	108030	FORTIS BENEFITS INS CO			00000000
IN1	304	42	108031	GOLDEN RULE			00000000
IN1	305	42	108031	GOLDEN RULE			00000000
IN1	306	42	108031	GOLDEN RULE			00000000
IN1	307	42	108032	GREAT WEST HLTHCARE			00000000
IN1	308	42	108032	GREAT WEST HLTHCARE			00000000
IN1	309	42	108032	GREAT WEST HLTHCARE			00000000
IN1	310	42	108032	GREAT WEST HLTHCARE			00000000
IN1	311	42	108033	GROUP ADMINISTRATORS			00000000
IN1	312	42	108033	GROUP ADMINISTRATORS			00000000
IN1	313	42	108033	GROUP ADMINISTRATORS			00000000
IN1	314	42	108034	GUARANTEE TRUST LIFE INSURANCE			00000000
IN1	315	42	108035	GUARDIAN INSURANCE			00000000
IN1	316	42	108036	GALESBURG TOWNSHIP RELIEF			00000000
IN1	317	42	108037	HARTFORD INSURANCE			00000000
IN1	318	42	108038	HCH ADMINISTRATION			00000000
IN1	319	42	108038	HCH ADMINISTRATION			00000000
IN1	320	42	108038	HCH ADMINISTRATION			00000000
IN1	321	42	108038	HCH ADMINISTRATION			00000000
IN1	322	42	108038	HCH ADMINISTRATION			00000000
IN1	323	42	108038	HCH ADMINISTRATION			00000000
IN1	324	42	108038	HCH ADMINISTRATION			00000000
IN1	325	42	108038	HCH ADMINISTRATION			00000000
IN1	326	42	108038	HCH ADMINISTRATION			00000000
IN1	327	42	108038	HCH ADMINISTRATION			00000000
IN1	328	42	108038	HCH ADMINISTRATION			00000000
IN1	329	42	108038	HCH ADMINISTRATION			00000000
IN1	330	42	108038	HCH ADMINISTRATION			00000000
IN1	331	42	108038	HCH ADMINISTRATION			00000000
IN1	332	42	108038	HCH ADMINISTRATION			00000000
IN1	333	42	108038	HCH ADMINISTRATION			00000000
IN1	334	42	108039	HEALTH ALLIANCE			00000000
IN1	335	42	108039	HEALTH ALLIANCE			00000000
IN1	336	42	108039	HEALTH ALLIANCE			00000000
IN1	337	42	108039	HEALTH ALLIANCE			00000000
IN1	338	42	108039	HEALTH ALLIANCE			00000000
IN1	339	42	108039	HEALTH ALLIANCE			00000000
IN1	340	42	108039	HEALTH ALLIANCE			00000000
IN1	341	42	108039	HEALTH ALLIANCE			00000000
IN1	342	42	108039	HEALTH ALLIANCE			00000000
IN1	343	42	108039	HEALTH ALLIANCE			00000000
IN1	344	42	108039	HEALTH ALLIANCE			00000000
IN1	345	42	108039	HEALTH ALLIANCE			00000000
IN1	346	42	108039	HEALTH ALLIANCE			00000000
IN1	347	42	108039	HEALTH ALLIANCE			00000000
IN1	348	42	108039	HEALTH ALLIANCE			00000000
IN1	349	42	108039	HEALTH ALLIANCE			00000000
IN1	350	42	108039	HEALTH ALLIANCE			00000000
IN1	351	42	108039	HEALTH ALLIANCE			00000000
IN1	352	42	108039	HEALTH ALLIANCE			00000000
IN1	353	42	108039	HEALTH ALLIANCE			00000000
IN1	354	42	108039	HEALTH ALLIANCE			00000000
IN1	355	42	108039	HEALTH ALLIANCE			00000000
IN1	356	42	108039	HEALTH ALLIANCE			00000000
IN1	357	42	108039	HEALTH ALLIANCE			00000000
IN1	358	42	108039	HEALTH ALLIANCE			00000000
IN1	359	42	108039	HEALTH ALLIANCE			00000000
IN1	360	42	108039	HEALTH ALLIANCE			00000000
IN1	361	42	108039	HEALTH ALLIANCE			00000000
IN1	362	42	108039	HEALTH ALLIANCE			00000000
IN1	363	42	108040	HUMANA			00000000
IN1	364	42	108040	HUMANA			00000000
IN1	365	42	108040	HUMANA			00000000
IN1	366	42	108040	HUMANA			00000000
IN1	367	42	108040	HUMANA			00000000
IN1	368	42	108040	HUMANA			00000000
IN1	369	42	108040	HUMANA			00000000
IN1	370	42	108040	HUMANA			00000000
IN1	371	42	108040	HUMANA			00000000
IN1	372	42	108040	HUMANA			00000000
IN1	373	42	108040	HUMANA			00000000
IN1	374	42	108040	HUMANA			00000000
IN1	375	42	108040	HUMANA			00000000
IN1	376	42	108040	HUMANA			00000000
IN1	377	42	108040	HUMANA			00000000
IN1	378	42	108041	ILLINOIS MUTUAL			00000000
IN1	379	42	108042	MCLEAN COUNTY JAIL			00000000
IN1	380	42	108043	MEGA LIFE & HEALTH			00000000
IN1	381	42	108044	EVERENCE			00000000
IN1	382	42	108045	MIDWEST SECURITY			00000000
IN1	383	42	108046	MUTUAL MEDICAL			00000000
IN1	384	42	108046	MUTUAL MEDICAL			00000000
IN1	385	42	108046	MUTUAL MEDICAL			00000000
IN1	386	42	108046	MUTUAL MEDICAL			00000000
IN1	387	42	108047	MUTUAL OF OMAHA			00000000
IN1	388	42	108047	MUTUAL OF OMAHA			00000000
IN1	389	42	108048	NORTHERN IL HEALTH PLAN			00000000
IN1	390	42	108048	NORTHERN IL HEALTH PLAN			00000000
IN1	391	42	108049	OSF HEALTH PLANS			00000000
IN1	392	42	108049	OSF HEALTH PLANS			00000000
IN1	393	42	108049	OSF HEALTH PLANS			00000000
IN1	394	42	108049	OSF HEALTH PLANS			00000000
IN1	395	42	108049	OSF HEALTH PLANS			00000000
IN1	396	42	108049	OSF HEALTH PLANS			00000000
IN1	397	42	108050	PARTNERS HEALTH			00000000
IN1	398	42	108051	PEKIN INS			00000000
IN1	399	42	108051	PEKIN INS			00000000
IN1	400	42	108051	PEKIN INS			00000000
IN1	401	42	108052	PHYSICIANS BENEFIT TRUST CLAIMS			00000000
IN1	402	42	108053	PRINCIPAL FINANCIAL			00000000
IN1	403	42	108053	PRINCIPAL FINANCIAL			00000000
IN1	404	42	108053	PRINCIPAL FINANCIAL			00000000
IN1	405	42	108054	PRUDENTIAL			00000000
IN1	406	42	108054	PRUDENTIAL			00000000
IN1	407	42	108055	QUINCY HEALTH CARE MGMT			00000000
IN1	408	42	108056	SISCO			00000000
IN1	409	42	108057	STANDARD LIFE			00000000
IN1	410	42	108058	STATE MUTUAL INSURANCE			00000000
IN1	411	42	108059	THRIVENT FINANCIAL			00000000
IN1	412	42	108060	TRUSTMARK			00000000
IN1	413	42	108061	UNITED AMERICAN INSURANCE			00000000
IN1	414	42	108062	UNITED HEALTHCARE			00000000
IN1	415	42	108062	UNITED HEALTHCARE			00000000
IN1	416	42	108062	UNITED HEALTHCARE			00000000
IN1	417	42	108062	UNITED HEALTHCARE			00000000
IN1	418	42	108062	UNITED HEALTHCARE			00000000
IN1	419	42	108062	UNITED HEALTHCARE			00000000
IN1	420	42	108062	UNITED HEALTHCARE			00000000
IN1	421	42	108063	UNITED HEALTHCARE RIVER VALLEY			00000000
IN1	422	42	108063	UNITED HEALTHCARE RIVER VALLEY			00000000
IN1	423	42	108064	UNITED MEDICAL RESOURCES INC			00000000
IN1	424	42	108064	UNITED MEDICAL RESOURCES INC			00000000
IN1	425	42	108064	UNITED MEDICAL RESOURCES INC			00000000
IN1	426	42	108064	UNITED MEDICAL RESOURCES INC			00000000
IN1	427	42	108064	UNITED MEDICAL RESOURCES INC			00000000
IN1	428	42	108065	WEXFORD HEALTH SOURCES			00000000
IN1	429	42	108066	UNICARE			00000000
IN1	430	42	108066	UNICARE			00000000
IN1	431	42	108067	UBH			00000000
IN1	432	42	108067	UBH			00000000
IN1	433	42	108067	UBH			00000000
IN1	434	42	108068	TRINITY			00000000
IN1	435	42	108068	TRINITY			00000000
IN1	436	42	108069	STATE FARM			00000000
IN1	437	42	108069	STATE FARM			00000000
IN1	438	42	108069	STATE FARM			00000000
IN1	439	42	108069	STATE FARM			00000000
IN1	440	42	108069	STATE FARM			00000000
IN1	441	42	108069	STATE FARM			00000000
IN1	442	42	108069	STATE FARM			00000000
IN1	443	42	108069	STATE FARM			00000000
IN1	444	42	108070	PHYSICIANS MUTUAL			00000000
IN1	445	42	108071	COVENTRY HEALTHCARE OF ILLINOIS			00000000
IN1	446	42	108071	COVENTRY HEALTHCARE OF ILLINOIS			00000000
IN1	447	42	108071	COVENTRY HEALTHCARE OF ILLINOIS			00000000
IN1	448	42	108071	COVENTRY HEALTHCARE OF ILLINOIS			00000000
IN1	449	42	108071	COVENTRY HEALTHCARE OF ILLINOIS			00000000
IN1	450	42	108071	COVENTRY HEALTHCARE OF ILLINOIS			00000000
IN1	451	42	108071	COVENTRY HEALTHCARE OF ILLINOIS			00000000
IN1	452	42	108072	CONSOCIATE			00000000
IN1	453	42	108072	CONSOCIATE			00000000
IN1	454	42	108072	CONSOCIATE			00000000
IN1	455	42	108072	CONSOCIATE			00000000
IN1	456	42	108072	CONSOCIATE			00000000
IN1	457	42	108072	CONSOCIATE			00000000
IN1	458	42	108072	CONSOCIATE			00000000
IN1	459	42	108072	CONSOCIATE			00000000
IN1	460	42	108072	CONSOCIATE			00000000
IN1	461	42	108072	CONSOCIATE			00000000
IN1	462	42	108072	CONSOCIATE			00000000
IN1	463	42	108072	CONSOCIATE			00000000
IN1	464	42	108072	CONSOCIATE			00000000
IN1	465	42	108072	CONSOCIATE			00000000
IN1	466	42	108073	COVENTRY			00000000
IN1	467	42	108073	COVENTRY			00000000
IN1	468	42	108074	ECOH RIVER VALLEY			00000000
IN1	469	42	108075	ECOH			00000000
IN1	470	42	108075	ECOH			00000000
IN1	471	42	108075	ECOH			00000000
IN1	472	42	108075	ECOH			00000000
IN1	473	42	108077	ECOH ALLIED BENEFIT			00000000
IN1	474	42	108079	ECOH IPMG			00000000
IN1	475	42	108080	ECOH CORESOURCE			00000000
IN1	476	42	108081	ECOH GROUP ADMINISTRATORS			00000000
IN1	477	42	108083	ECOH PBA			00000000
IN1	478	42	108083	ECOH PBA			00000000
IN1	479	42	108083	ECOH PBA			00000000
IN1	480	42	108085	ECOH NGS AMERICAN			00000000
IN1	481	42	108086	ECOH UNICARE			00000000
IN1	482	42	108087	BEECHST GENERIC			00000000
IN1	483	42	108088	XXXBEECHST CIGNA			00000000
IN1	484	42	108089	BEECHST 1ST CHOICE BEN MGMT			00000000
IN1	485	42	108090	BEECHST DEFINITY HEALTH			00000000
IN1	486	42	108091	BEECHST TEXAS			00000000
IN1	487	42	108092	BEECHST HCH ADMIN			00000000
IN1	488	42	108093	MULTIPLAN GENERIC			00000000
IN1	489	42	108094	MULTIPLAN AMERICAN FAMILY			00000000
IN1	490	42	108095	MULTIPLAN ASSURANT HEALTH			00000000
IN1	491	42	108096	MULTIPLAN COOP BENEFIT ADMIN			00000000
IN1	492	42	108097	MULTIPLAN DEFINITY HEALTH			00000000
IN1	493	42	108098	MULTIPLAN FEDERATED INS			00000000
IN1	494	42	108099	MULTIPLAN FISERV			00000000
IN1	495	42	108100	MULTIPLAN GOLDEN RULE			00000000
IN1	496	42	108101	MULTIPLAN GREAT WEST			00000000
IN1	497	42	108102	MULTIPLAN HCH ADMIN			00000000
IN1	498	42	108103	MULTIPLAN MEGA LIFE			00000000
IN1	499	42	108104	MIDLANDS CHOICE			00000000
IN1	500	42	108104	MIDLANDS CHOICE			00000000
IN1	501	42	108105	MULTIPLAN NGS AMERICAN			00000000
IN1	502	42	108106	MULTIPLAN NORTHERN IL/IOWA			00000000
IN1	503	42	108107	MULTIPLAN PEKIN INSURANCE			00000000
IN1	504	42	108108	MULTIPLAN PRINCIPAL LIFE			00000000
IN1	505	42	108109	MULTIPLAN RESERVE NATIONAL			00000000
IN1	506	42	108110	MULTIPLAN SISCO			00000000
IN1	507	42	108111	MULTIPLAN STARMARK			00000000
IN1	508	42	108112	MULTIPLAN STATE FARM			00000000
IN1	509	42	108113	MULTIPLAN UMR			00000000
IN1	510	42	108114	MULTIPLAN UNICARE			00000000
IN1	511	42	108115	MULTIPLAN UHC			00000000
IN1	512	42	108116	PHCS GENERIC			00000000
IN1	513	42	108117	PHCS ALLIED BENEFIT SYS			00000000
IN1	514	42	108118	PHCS AMERICAN COMM MUTUAL INS			00000000
IN1	515	42	108119	PHCS APWU			00000000
IN1	516	42	108120	PHCS BENEFIT ADMIN SYS			00000000
IN1	517	42	108121	PHCS ASSURANT HEALTH			00000000
IN1	518	42	108122	PHCS BSSI			00000000
IN1	519	42	108123	PHCS CHESTERFIEDL RESOURCES			00000000
IN1	520	42	108124	PHCS CORESOURCE			00000000
IN1	521	42	108125	PHCS 1ST ADMIN INC			00000000
IN1	522	42	108126	PHCS GEHA			00000000
IN1	523	42	108127	PHCS  GROUP ADMIN			00000000
IN1	524	42	108128	PHCS GUARDIAN			00000000
IN1	525	42	108129	PHCS NATIONAL HEALTH INS			00000000
IN1	526	42	108130	PHCS PHY BENEFIT TRUST			00000000
IN1	527	42	108131	PHCS PRAIRIE STATES			00000000
IN1	528	42	108132	PHCS PRINCIPAL LIFE			00000000
IN1	529	42	108133	PHCS UNICARE			00000000
IN1	530	42	108134	PPONEXT GENERIC			00000000
IN1	531	42	108135	HEALTHSMART/IHG GENERIC			00000000
IN1	532	42	108136	HEALTHSMART/IHG DESTINY HEALTH			00000000
IN1	533	42	108137	HEALTHSMART/IHG PROF BENEFIT ADMIN			00000000
IN1	534	42	108138	HEALTHSMART/IHG UMR			00000000
IN1	535	42	108139	HEALTHSMART/IHG BUTLER BENEFIT			00000000
IN1	536	42	108140	HEALTHSMART/IHG AIM ADMIN			00000000
IN1	537	42	108141	HEALTHSMART/IHG GREAT WEST			00000000
IN1	538	42	108142	IHG R&D THIEL			00000000
IN1	539	42	108143	HFN GENERIC			00000000
IN1	540	42	108143	HFN GENERIC			00000000
IN1	541	42	108143	HFN GENERIC			00000000
IN1	542	42	108143	HFN GENERIC			00000000
IN1	543	42	108143	HFN GENERIC			00000000
IN1	544	42	108143	HFN GENERIC			00000000
IN1	545	42	108143	HFN GENERIC			00000000
IN1	546	42	108143	HFN GENERIC			00000000
IN1	547	42	108143	HFN GENERIC			00000000
IN1	548	42	108144	HFN PBA			00000000
IN1	549	42	108145	HFN SISCO			00000000
IN1	550	42	108145	HFN SISCO			00000000
IN1	551	42	108146	HFN AUXIANT			00000000
IN1	552	42	108147	HFN BUTLER BENEFIT			00000000
IN1	553	42	108147	HFN BUTLER BENEFIT			00000000
IN1	554	42	108148	HFN PRINCIPAL LIFE			00000000
IN1	555	42	108149	HFN UNITED SEC LIFE/HEALTH			00000000
IN1	556	42	108150	HFN ASSURANT			00000000
IN1	557	42	108151	HFN FOX VALLEY LABORERS			00000000
IN1	558	42	108152	HFN UNIFIED GROUP SERVICES			00000000
IN1	559	42	108153	HFN SAGE TECHNOLOGIES			00000000
IN1	560	42	108155	SAGE TECHNOLOGIES			00000000
IN1	561	42	108155	SAGE TECHNOLOGIES			00000000
IN1	562	42	108155	SAGE TECHNOLOGIES			00000000
IN1	563	42	108156	OSF DAN MUTUAL MEDICAL			00000000
IN1	564	42	108156	OSF DAN MUTUAL MEDICAL			00000000
IN1	565	42	108156	OSF DAN MUTUAL MEDICAL			00000000
IN1	566	42	108156	OSF DAN MUTUAL MEDICAL			00000000
IN1	567	42	108156	OSF DAN MUTUAL MEDICAL			00000000
IN1	568	42	108156	OSF DAN MUTUAL MEDICAL			00000000
IN1	569	42	108156	OSF DAN MUTUAL MEDICAL			00000000
IN1	570	42	108156	OSF DAN MUTUAL MEDICAL			00000000
IN1	571	42	108156	OSF DAN MUTUAL MEDICAL			00000000
IN1	572	42	108156	OSF DAN MUTUAL MEDICAL			00000000
IN1	573	42	108156	OSF DAN MUTUAL MEDICAL			00000000
IN1	574	42	108156	OSF DAN MUTUAL MEDICAL			00000000
IN1	575	42	108156	OSF DAN MUTUAL MEDICAL			00000000
IN1	576	42	108156	OSF DAN MUTUAL MEDICAL			00000000
IN1	577	42	108156	OSF DAN MUTUAL MEDICAL			00000000
IN1	578	42	108156	OSF DAN MUTUAL MEDICAL			00000000
IN1	579	42	108156	OSF DAN MUTUAL MEDICAL			00000000
IN1	580	42	108157	OSF DAN HCH			00000000
IN1	581	42	108157	OSF DAN HCH			00000000
IN1	582	42	108157	OSF DAN HCH			00000000
IN1	583	42	108157	OSF DAN HCH			00000000
IN1	584	42	108157	OSF DAN HCH			00000000
IN1	585	42	108157	OSF DAN HCH			00000000
IN1	586	42	108157	OSF DAN HCH			00000000
IN1	587	42	108157	OSF DAN HCH			00000000
IN1	588	42	108157	OSF DAN HCH			00000000
IN1	589	42	108157	OSF DAN HCH			00000000
IN1	590	42	108157	OSF DAN HCH			00000000
IN1	591	42	108158	OSF DAN CONSOCIATE			00000000
IN1	592	42	108158	OSF DAN CONSOCIATE			00000000
IN1	593	42	108158	OSF DAN CONSOCIATE			00000000
IN1	594	42	108158	OSF DAN CONSOCIATE			00000000
IN1	595	42	108158	OSF DAN CONSOCIATE			00000000
IN1	596	42	108158	OSF DAN CONSOCIATE			00000000
IN1	597	42	108158	OSF DAN CONSOCIATE			00000000
IN1	598	42	108158	OSF DAN CONSOCIATE			00000000
IN1	599	42	108158	OSF DAN CONSOCIATE			00000000
IN1	600	42	108158	OSF DAN CONSOCIATE			00000000
IN1	601	42	108158	OSF DAN CONSOCIATE			00000000
IN1	602	42	108158	OSF DAN CONSOCIATE			00000000
IN1	603	42	108158	OSF DAN CONSOCIATE			00000000
IN1	604	42	108160	OSF DAN SAGE			00000000
IN1	605	42	108160	OSF DAN SAGE			00000000
IN1	606	42	108160	OSF DAN SAGE			00000000
IN1	607	42	108161	OSF DAN BENEFIT ADMIN			00000000
IN1	608	42	108161	OSF DAN BENEFIT ADMIN			00000000
IN1	609	42	108161	OSF DAN BENEFIT ADMIN			00000000
IN1	610	42	108161	OSF DAN BENEFIT ADMIN			00000000
IN1	611	42	108162	OSF DAN CORP OFFICE			00000000
IN1	612	42	108163	OSF DAN PEKIN INS			00000000
IN1	613	42	108164	OSF DAN CORESOURCE			00000000
IN1	614	42	108164	OSF DAN CORESOURCE			00000000
IN1	615	42	108165	OSF DAN SCHIELER&ROSSI			00000000
IN1	616	42	108166	OSF DAN MERITAIN HEALTH			00000000
IN1	617	42	108168	ISU STUDENT INS			00000000
IN1	618	42	108169	NGS			00000000
IN1	619	42	108170	CHOICECARE NTWRK			00000000
IN1	620	42	108170	CHOICECARE NTWRK			00000000
IN1	621	42	108171	HFN BAS KNOX COLLEGE			00000000
IN1	622	42	108172	HEALTHLINK STATE OF IL OAP			00000000
IN1	623	42	108172	HEALTHLINK STATE OF IL OAP			00000000
IN1	624	42	108173	PHCS CIGNA			00000000
IN1	625	42	108173	PHCS CIGNA			00000000
IN1	626	42	108174	ECOH MUTUAL MEDICAL OF ROCKFORD			00000000
IN1	627	42	108175	ECOH UMR			00000000
IN1	628	42	108176	AETNA SIGNATURE ADMIN PPO			00000000
IN1	629	42	108177	AETNA SRC			00000000
IN1	630	42	108178	HEALTH ALLIANCE_HCH			00000000
IN1	631	42	108179	PPO BENEFIT PROGRAM			00000000
IN1	632	42	108180	THREE RIVERS PROVIDER NETWORK			00000000
IN1	633	42	108181	PHCS SAVILITY			00000000
IN1	634	42	108182	STUDENT ASSURANCE SERVICES INC			00000000
IN1	635	42	108183	CV PPO BENEFIT PROGRAM			00000000
IN1	636	42	108184	CENTRAL IL CARPENTERS			00000000
IN1	637	42	108185	SYNERMED			00000000
IN1	638	42	108186	THE ALLIANCE			00000000
IN1	639	42	108188	ECOH NILHP			00000000
IN1	640	42	108189	PREFERRED NETWORK ACCCESS			00000000
IN1	641	42	108191	OSF DAN RIGHTCHOICE			00000000
IN1	642	42	108192	OSF DAN IPMG			00000000
IN1	643	42	108193	OSF DAN GROUP ADMINISTRATORS			00000000
IN1	644	42	108194	OSF DAN PBA			00000000
IN1	645	42	108195	GEHA GENERIC			00000000
IN1	646	42	108196	OSF DAN HEALTH ALLIANCE			00000000
IN1	647	42	108197	XXXOSF DAN GROUP PLAN SOLUTIONS			00000000
IN1	648	42	108197	XXXOSF DAN GROUP PLAN SOLUTIONS			00000000
IN1	649	42	108198	OSF DAN GROUP PLAN SOLUTIONS			00000000
IN1	650	42	108198	OSF DAN GROUP PLAN SOLUTIONS			00000000
IN1	651	42	108198	OSF DAN GROUP PLAN SOLUTIONS			00000000
IN1	652	42	108198	OSF DAN GROUP PLAN SOLUTIONS			00000000
IN1	653	42	108199	INFUSION THERAPY PROGRAM			00000000
IN1	654	42	108200	CARE CENTRIX			00000000
IN1	655	42	108201	COMPSYCH			00000000
IN1	656	42	108202	MAGELLAN			00000000
IN1	657	42	108203	PHCS PBA			00000000
IN1	658	42	108204	VALUE OPTIONS			00000000
IN1	659	42	108205	GROUP PLAN SOLUTIONS			00000000
IN1	660	42	108205	GROUP PLAN SOLUTIONS			00000000
IN1	661	42	108205	GROUP PLAN SOLUTIONS			00000000
IN1	662	42	108206	ASA ASSURANT HEALTH			00000000
IN1	663	42	108207	HEALTHLINK			00000000
IN1	664	42	108207	HEALTHLINK			00000000
IN1	665	42	108208	BCBS HMOI OSFHEALTHCARE N			00000000
IN1	666	42	108208	BCBS HMOI OSFHEALTHCARE N			00000000
IN1	667	42	108209	UNITED HEALTH INTEGRATED SERVICES			00000000
IN1	668	42	108210	AETNA-MERITAIN HEALTH			00000000
IN1	669	42	108211	CONSUMERS MUTUAL INS OF MI			00000000
IN1	670	42	108212	LAND OF LINCOLN HEALTH			00000000
IN1	671	42	108213	MHNET			00000000
IN1	672	42	108213	MHNET			00000000
IN1	673	42	108214	MFC HEALTHPLUS PEORIA			00000000
IN1	674	42	108215	HEALTHLINK HFN			00000000
IN1	675	42	108216	GALAXY HEALTH NETWORK			00000000
IN1	676	42	108217	CONSOCIATE WASBA			00000000
IN1	677	42	108218	DEACONESS HEALTH PLANS			00000000
IN1	678	42	108219	CBO ACA DUAL ELIGIBLE			00000000
IN1	679	42	108220	CHESTERFIELD RESOURCES			00000000
IN1	680	42	108221	HEALTHSCOPE BENEFITS			00000000
IN1	681	42	108222	44 NORTH			00000000
IN1	682	42	108223	COFINITY-PRAIRIE STATES			00000000
IN1	683	42	108224	UHC STUDENT RESOURCES			00000000
IN1	684	42	108225	HUMANA THE ALLIANCE			00000000
IN1	685	42	108226	PRAIRIE STATE LEGAL SERVICES			00000000
IN1	686	42	108227	CIGNA MEDICARE SUP	MEDICARE		00000000
IN1	687	42	108228	OSF DAN CORESOURCE KS			00000000
IN1	688	42	108229	COFINITY GENERIC			00000000
IN1	689	42	108230	UNITED HEALTHCARE ALL SAVERS			00000000
IN1	690	42	108231	AETNA AMERICAN CONTINENTAL			00000000
IN1	691	42	108232	UNITED HEALTHCARE OXFORD			00000000
IN1	692	42	108233	SANTA FE EMPLOYEES HOSP ASSOC			00000000
IN1	693	42	108234	AETNA COVENTRY			00000000
IN1	694	42	108234	AETNA COVENTRY			00000000
IN1	695	42	108234	COVENTRY-AETNA			00000000
IN1	696	42	108235	AETNA ISU			00000000
IN1	697	42	108236	PHCS UMR			00000000
IN1	698	42	108237	CIGNA MEDICARE SUP LOYAL AMERICAN	MEDICARE		00000000
IN1	699	42	108238	CIGNA MEDICARE SUPP AMERICAN RETIREMENT	MEDICARE		00000000
IN1	700	42	108239	CIGNA MEDICARE SUPP CENTRAL RESERVE	MEDICARE		00000000
IN1	701	42	108243	PHCS FEDERATED MUTUAL			00000000
IN1	702	42	108263	CIGNA HEALTH PARTNERS			00000000
IN1	703	42	108302	PRIORITY HEALTH GENERIC			00000000
IN1	704	42	109000	MEDICAID PENDING			00000000
IN1	705	42	109000	MEDICAID PENDING			00000000
IN1	706	42	109001	PRESUMPTIVE CHARITY			00000000
IN1	707	42	109008	HEALTH SHARING/AMISH			00000000
IN1	708	42	109009	PA MEDPAY			00000000
IN1	709	42	999999	DEMAND CLAIM			00000000
IN1	710	42	11000001	SELF PAY			00000000
IN1	711	42	11000008	FOREIGN MAIL			00000000
IN1	712	42	11000022	BLUE CROSS BLUE SHIELD PRIMARY			00000000
IN1	713	42	11000023	BLUE CROSS BLUE SHIELD SECONDA			00000000
IN1	714	42	11000025	HEALTH ALLIANCE PRIMARY			00000000
IN1	715	42	11000028	FINANCIAL ASSISTANCE			00000000
IN1	716	42	11000029	HMO/PPO AGREEMENT SECONDARY			00000000
IN1	717	42	11000030	HEALTHSTAR/PPO NEXT/PHN			00000000
IN1	718	42	11000039	HFN INC			00000000
IN1	719	42	11000040	DIVISION OF SPECIALIZED CARE F			00000000
IN1	720	42	11000043	COMMERCIAL PRIMARY			00000000
IN1	721	42	11000044	COMMERCIAL SECONDARY			00000000
IN1	722	42	11000045	COMMERCIAL TERTIARY			00000000
IN1	723	42	11000047	CATERPILLAR PPO			00000000
IN1	724	42	11000049	HEALTHPLUS			00000000
IN1	725	42	11000050	OTHER AGENCY			00000000
IN1	726	42	11000051	OSF DIRECT ACCESS NETWORK			00000000
IN1	727	42	11000056	DEPARTMENT OF CHILDREN & FAMIL			00000000
IN1	728	42	11000060	PERSONALCARE			00000000
IN1	729	42	11000063	UBH- HEALTH PLAN DIVISION			00000000
IN1	730	42	11000066	JOHN DEERE HEALTH CARE UBH CLA			00000000
IN1	731	42	11000071	OSF HEALTHPLANS HMO/QCP			00000000
IN1	732	42	11000076	SISTERCARE/BROTHERCARE			00000000
IN1	733	42	11000080	FEDERAL BLACK LUNG			00000000
IN1	734	42	11000081	MEDICARE PART B	MEDICARE		00000000
IN1	735	42	11000082	RAILROAD MEDICARE	MEDICARE		00000000
IN1	736	42	11000083	RURAL HEALTH MEDICARE PRIMARY	MEDICARE		00000000
IN1	737	42	11000084	UNITED MINE WORKERS	MEDICARE		00000000
IN1	738	42	11000090	MICHIGAN MEDICARE B PRIMARY	MEDICARE		00000000
IN1	739	42	11000091	RURAL HEALTH MEDICARE TERTIARY	MEDICARE		00000000
IN1	740	42	11000092	RAILROAD MEDICARE SECONDARY	MEDICARE		00000000
IN1	741	42	11000093	RURAL HEALTH MEDICARE SECONDAR	MEDICARE		00000000
IN1	742	42	11000094	UNITED MINE WORKERS SECONDARY	MEDICARE		00000000
IN1	743	42	11000095	MEDICARE SECONDARY	MEDICARE		00000000
IN1	744	42	11000101	IL DEPT OF PUBLIC AID			00000000
IN1	745	42	11000107	CHAMPUS TRICARE-HEALTH NET			00000000
IN1	746	42	11000111	OSF HEALTHPLANS POINT OF SERV			00000000
IN1	747	42	11000112	OSF HEALTHPLANS INDEMNITY PLAN			00000000
IN1	748	42	11000113	GATES			00000000
IN1	749	42	11000115	DISTRICT 205 MUTUAL MEDICAL			00000000
IN1	750	42	11000118	IL BREAST/CERVICAL CANCER PROG			00000000
IN1	751	42	11000119	GRANT VOUCHER TOWNSHIP			00000000
IN1	752	42	11000120	BEECHSTREET			00000000
IN1	753	42	11000124	VETERANS/CHAMP VA			00000000
IN1	754	42	11000127	ECOH AFFILIATE/NETWORK			00000000
IN1	755	42	11000128	SPECIAL SERVICES			00000000
IN1	756	42	11000130	MICHIGAN MEDICAID			00000000
IN1	757	42	11000131	MICH BLUE SHIELD PRIMARY			00000000
IN1	758	42	11000132	MICH BLUE SHIELD SECONDARY			00000000
IN1	759	42	11000133	INDIAN HEALTH			00000000
IN1	760	42	11000140	UNITED HEALTHCARE			00000000
IN1	761	42	11000142	UP HEALTHPLAN			00000000
IN1	762	42	11000146	GREAT LAKES HEALTHPLAN PRIMARY			00000000
IN1	763	42	11000147	MEDICARE TPA	MEDICARE		00000000
IN1	764	42	11000151	OSF MED CARE ADVANTAGE PRIMARY			00000000
IN1	765	42	11000152	MICH BCBS SFHE			00000000
IN1	766	42	11000153	OSF MED CARE ADVANTAGE SECOND			00000000
IN1	767	42	11000156	MICH BLUE SHIELD TERTIARY			00000000
IN1	768	42	11000157	HEALTH ALLIANCE EUREKA COMPANY			00000000
IN1	769	42	11000165	UP HEALTHPLAN SECONDARY			00000000
IN1	770	42	11000166	UP HEALTHPLAN TERTIARY			00000000
IN1	771	42	11000167	NON PAR MI MCD HMO/CLINIC PLAN			00000000
IN1	772	42	11000168	MI CHILD/MOMS/HEALTHY KIDS			00000000
IN1	773	42	11000170	MEDICARE TERTIARY	MEDICARE		00000000
IN1	774	42	11000171	BLUE CROSS BLUE SHIELD TERTIAR			00000000
IN1	775	42	11000173	NON PAR MEDICARE HMO	MEDICARE		00000000
IN1	776	42	11000175	GREAT LAKES HPLAN SECONDARY			00000000
IN1	777	42	11000179	INDIAN HEALTH SECONDARY			00000000
IN1	778	42	11000185	MI BCBS SFHE SECONDARY			00000000
IN1	779	42	11000187	FREEPORT REGIONAL HEALTH PLAN			00000000
IN1	780	42	11000189	ESCANABA PPOM			00000000
IN1	781	42	11000190	MULTIPLAN			00000000
IN1	782	42	11000191	SAULT ST MARIE CHIPPEWA INDIAN			00000000
IN1	783	42	11000192	PREFERRED PLAN INC			00000000
IN1	784	42	11000193	OSF CARE PREFERRED PRIMARY			00000000
IN1	785	42	11000194	OSF CARE PREFERRED SECONDARY			00000000
IN1	786	42	11000195	OSF HEALTHPLANS FULLY INSRD PP			00000000
IN1	787	42	11000197	PRIVATE HEALTHCARE SYSTEM			00000000
IN1	788	42	11000198	MICHIGAN MEDICARE B SECONDARY	MEDICARE		00000000
IN1	789	42	11000199	MICHIGAN MEDICARE B TERTIARY	MEDICARE		00000000
IN1	790	42	11000200	UBH-EMPLOYER AND EAP DIVISION			00000000
IN1	791	42	11000201	MEDICAL ACCESS PROGRAM			00000000
IN1	792	42	11000202	GREAT WEST HEALTHCARE			00000000
IN1	793	42	11000207	OSF HEALTHPLANS ASO			00000000
IN1	794	42	11000208	MICHIGAN MEDICARE PLUS BLUE	MEDICARE		00000000
IN1	795	42	11000209	ISU STUDENT INSURANCE			00000000
IN1	796	42	11000210	STATE OF IL/CIGNA			00000000
IN1	797	42	11000211	HUMANA PRIMARY			00000000
IN1	798	42	11000213	OSF HEALTHPLANS HIGH DEDUCTIBL			00000000
IN1	799	42	11000214	PEKIN INSURANCE			00000000
IN1	800	42	11000215	HUMANA MEDICARE PRIMARY	MEDICARE		00000000
IN1	801	42	11000216	APPEAL HUMANA MEDICARE	MEDICARE		00000000
IN1	802	42	11000217	HUMANA MEDICARE SECONDARY	MEDICARE		00000000
IN1	803	42	11000218	APPEAL HUMANA			00000000
IN1	804	42	11000219	HUMANA SECONDARY			00000000
IN1	805	42	11000220	CHOICECARE NETWORK			00000000
IN1	806	42	11000229	HEALTH ALLIANCE MEDICARE PRIMA	MEDICARE		00000000
IN1	807	42	11000230	HEALTH ALLIANCE MEDICARE SECON	MEDICARE		00000000
IN1	808	42	11000231	APPEAL HEALTH ALLIANCE MEDICAR			00000000
IN1	809	42	11000232	HEALTH ALLIANCE/HCH PRIMARY			00000000
IN1	810	42	11000233	APPEAL HEALTH ALLIANCE			00000000
IN1	811	42	11000234	AETNA			00000000
IN1	812	42	90004308001	DMH AMISH			00000000
