filename	0	0		2.0 Mapping Tables - Hospitals/ProMedica Herrick ADT 2.0 table 8-2-17.xlsx			
MSH-4	2	1	Hospital Value	Description			4
MSH-4	3	1	2.16.840.1.113883.3.1481.1.2.2	Hospital Name			2
MSH-4	4	1	2.16.840.1.113883.3.5416.1.81.1	PROMEDICA HERRICK HOSPITAL-PARENT			00000000
PID-8	2	3	MiHIN Value	Description	Hospital Value		4
PID-8	3	3	M	Male	M		2
PID-8	4	3	F	Female	F		4
PID-8	5	3	M	Male	M		4
PID-8	6	3	O	Other			4
PID-8	7	3	U	Unknown	U		4
PID-8	8	3	A	Ambiguous			4
PID-8	9	3	N	Not Applicable			4
PID-10	2	6	MiHIN Value	Description	Hospital Value		4
PID-10	3	6	2106-3	White	W		2
PID-10	4	6	1002-5	American Indian or Alaska Native	Am Indian		4
PID-10	5	6	2028-9	Asian	Asian		4
PID-10	6	6	2054-5	Black or African American	Black		4
PID-10	7	6	2076-8	Native Hawaiian or Other Pacific Islander	Pac Islander		4
PID-10	8	6	2106-3	White	White		4
PID-10	9	6	PR	Patient Refused 	Pt Refused		4
PID-10	10	6	2131-1	Other Race	Other, Unknown, Hispanic, Mid East,None		4
PID-10	11	6	MR	Multi-Racial	Asian/White, Black/White, Hisp/Black, Hisp/White		4
PID-22	2	9	MiHIN Value	Description	Hospital Value		4
PID-22	3	9	H	Hispanic or Latino	Hisp		2
PID-22	4	9	H	Hispanic or Latino	H, Hispanic		4
PID-22	5	9	N	Not Hispanic or Latino	N, Not Hispanic		4
PID-22	6	9	U	Unknown	U, Unknown		4
PID-22	7	9	D	Declined	P, Pt Refused		4
PID-22	8	9	AN	Alaskan Native 			4
PID-22	9	9	AR	Arabic 			4
PID-22	10	9	AS	Asian 			4
PID-22	11	9	CA	Caucasian			4
PID-22	12	9	CHA	Chaldean 			4
PID-22	13	9	CHI	Chinese 			4
PID-22	14	9	DU	Dutch 			4
PID-22	15	9	EG	Egyptian 			4
PID-22	16	9	FR	French 			4
PID-22	17	9	GER	German 			4
PID-22	18	9	GRE	Greek 			4
PID-22	19	9	HA	Hawaiian 			4
PID-22	20	9	IRA	Iranian 			4
PID-22	21	9	IRQ	Iraqi 			4
PID-22	22	9	IRH	Irish 			4
PID-22	23	9	ITA	Italian 			4
PID-22	24	9	JA	Japanese 			4
PID-22	25	9	JE	Jewish 			4
PID-22	26	9	JO	Jordanian 			4
PID-22	27	9	KO	Korean 			4
PID-22	28	9	LE	Lebanese  			4
PID-22	29	9	MAC	Macedonian 			4
PID-22	30	9	ME	Middle Eastern			4
PID-22	31	9	MUL	Multi-Ethnic 			4
PID-22	32	9	NA	Native American			4
PID-22	33	9	O	Other 			4
PID-22	34	9	PO	Polish 			4
PID-22	35	9	RU	Russian 			4
PID-22	36	9	SC	Scottish 			4
PID-22	37	9	UK	Ukrainian 			4
PID-22	38	9	VIT	Vietnamese 			4
PID-30	2	12	MiHIN Value	Description	Hospital Value		4
PID-30	3	12	Y	Expired	E		2
PID-30	4	12	Y	Deceased/Yes	Y		4
PID-30	5	12	N	Not Deceased/No			4
DG1-6	2	15	MiHIN Value	Description	Hospital Value		4
DG1-6	3	15	A	Admitting	AD		2
DG1-6	4	15	A	Admitting	A		4
DG1-6	5	15	F	Final	F		4
DG1-6	6	15	W	Working 	W		4
DG1-6	7	15	O	Other	None		4
PV1-2	2	18	MiHIN Value	Description	Hospital Value		4
PV1-2	3	18	E	Emergency	ER		2
PV1-2	4	18	B	Obstetrics			4
PV1-2	5	18	C	Commercial Account			4
PV1-2	6	18	E	Emergency	EMERGENCY, PEDS EMERGEN, Emergency, Peds Emergen		4
PV1-2	7	18	I	Inpatient	INPATIENT, ICU, INPATIENT RE, NICU, PEDS INPATIE, PSYCH, SWING INPATI, TRANSITIONAL,Inpatient, Inpatient Re, Peds Inpatie, Psych, Transitional		4
PV1-2	8	18	N	Not Applicable	N		4
PV1-2	9	18	O	Outpatient	OUTPATIENT,5FL TCH OUTP,DIALYSIS SER,GLOBAL SPECI,GOERLICH LAB,HOME HEALTH,HOSPITAL OUT,HOSPICE,MONROE SNF L,NUC MED,OP BED,PEDS OP,PRIVATE DUTY,PSYCH PARTIA,RADIATION/ON,SPECIMEN,SWING OUTPAT,TRANSPORT,URGENT CARE,WOUND CARE S,Outpatient,5FL TCH Outp,Global Speci,Goerlich Lab,Hospital Out,Hospice,Monroe SNF L,Nuc Med,OP Bed,Peds OP,Private Duty,Psych Partia,Specimen,Transport,Urgent Care,Wound Care S		4
PV1-2	10	18	P	Preadmit			4
PV1-2	11	18	R	Recurring patient	SERIES,ADDITIONAL T,OT SERIES,PEDS SERIES,REHAB SERIES,ST SERIES,Series,Additional T,INFUSION SER,OT Series,Peds Series,Rehab Series,ST Series,THERAPIES SE		4
PV1-2	12	18	U	Unknown			4
PV1-2	13	18	IH	IP Hospice 	INPATIENT HO,Inpatient Ho		4
PV1-2	14	18	NB	Newborn	NEWBORN, BOARDER BABY,Newborn, Boarder Baby		4
PV1-2	15	18	OB	Observation 	OBSERVATION, 5FL TCH OBSE, PEDS OBSERVA, Observation, 5FL TCH Obse, Peds Observa		4
PV1-2	16	18	SN	Skilled Nursing 	SNF IP		4
PV1-2	17	18	SA	Surgery Admit 	SURG ADMIT,Surg Admit		4
PV1-4	2	21	MiHIN Value	Description	Hospital Value		4
PV1-4	3	21	E	Emergency	E		2
PV1-4	4	21	A	Accident			4
PV1-4	5	21	C	Elective	EL		4
PV1-4	6	21	E	Emergency	ER		4
PV1-4	7	21	L	Labor and Delivery			4
PV1-4	8	21	N	Newborn (Birth in healthcare facility)	NB		4
PV1-4	9	21	R	Routine			4
PV1-4	10	21	U	Urgent	UR		4
PV1-4	11	21	TC	Trauma Center 	T		4
PV1-4	12	21	O	Other	NA,None		4
PV1-14	2	24	MiHIN Value	Description	Hospital Value		4
PV1-14	3	24	2	Clinic referral	E		2
PV1-14	4	24	1	Physician referral	MD/CLINIC,PHYS-SCH,Physician, Physician or		4
PV1-14	5	24	2	Clinic referral	Clinic		4
PV1-14	6	24	3	HMO referral	HMO REFERRAL		4
PV1-14	7	24	4	Transfer from a hospital	Tr. Hospital, TR FRM BMC, TR FRM HOSP,TR FRM BPCH,TR FRM DRMC,TR FRM FCH,TR FRM FH,TR FRM HMC,TR FRM OTHER,TR FRM PMH,,TR FRM SLH,TR FRM SNF,TR FRM TCH,TR FRM TTH,TR FRM WOSH		4
PV1-14	8	24	5	Transfer froma skilled nursing facility	Tr. SNF		4
PV1-14	9	24	6	Transfer from another health care facility	Tr. Other,D,HOSPICE PLAN,PsySAReh		4
PV1-14	10	24	7	Emergency Room	ER,Emergency		4
PV1-14	11	24	8	Court/Law enforcement	COURT/LAW EN		4
PV1-14	12	24	9	Information not available	INFO NT AVAI,None,NONE,NUBC22,NUBC25,NUBC26,NUBC3		4
PV1-14	13	24	SR	Self-Referral	SELF REFER,BABY BORN IN,BABY BORN OU		4
PV1-14	14	24	TRNF	Transfer from a non-health care facility			4
PV1-14	15	24	TRAD	Transfer from Ambulatory Department	TR FR AMBSRG, HHA		4
PV1-14	50	24		TRF W/I FAC			0
PV1-18	2	27	MiHIN Suggested Values		Hospital Value	Description	4
PV1-18	3	27			A	Anonymous	2
PV1-18	4	27	1	Anonymous	1	Anonymous	4
PV1-18	5	27	2	Confidential	2	Confidential	4
PV1-18	6	27	3	Employee	3	Employee	4
PV1-18	7	27	4	Dismissed	4	Dismissed	4
PV1-18	8	27	5	No Medicare	5	Verified with no Medicare	4
PV1-18	9	27	6	Prisoner	6	Prisoner	4
PV1-18	10	27	7	VIP	7	Hospice	4
PV1-18	11	27	8	Staff Dependent			4
PV1-18	12	27	9	Benefactor			4
PV1-18	13	27	10	Employee Dependent			4
PV1-18	14	27	11	Non-Employee			4
PV1-18	15	27	12	Volunteer			4
PV1-18	16	27	13	Staff Physician			4
PV1-18	17	27	14	Non V.I.P			4
PV1-18	18	27	15	Retired Employee			4
PV1-18	19	27	42	Homeless			4
PV1-18	20	27	44	Celebrity			4
PV1-18	21	27	45	Donor			4
PV1-18	22	27	46	Transplant			4
PV1-18	23	27	47	Voucher			4
PV1-18	24	27	49	Board Member			4
PV1-18	25	27	49	Clergy			4
PV1-18	26	27	52	Other	None	Unknown	4
PV1-18	27	27	58	Organ Donor			4
PV1-18	28	27	59	Organ 			4
PV1-18	29	27	60	Select Specialty			4
PV1-10	2	31	MiHIN Suggested Values		Hospital Value	Description	4
PV1-10	3	31			121	Pediatrics	2
PV1-10	4	31	104	Cardiology - General	104, Cardiology,Cardiac Cath,Cardiothorac	Cardiology	4
PV1-10	5	31	105	Emergency Medicine	Emergency	Emergency	4
PV1-10	6	31	107	Geriatrics			4
PV1-10	7	31	108	Gastroenterology	Gastro	Gastroenterology	4
PV1-10	8	31	109	Gynecology	109, Gynecology	Gynecology	4
PV1-10	9	31	110	Hospice Medicine	110,Hospice	Hospice	4
PV1-10	10	31	111	Medical Intensive Care	103, ICU,113,ICU - Neonatal,ICU - Adult Patients,Burn,Medical ICU,Neonatal ICU,Peds ICU	ICU	4
PV1-10	11	31	112	Internal Medicine	106,Med/Surg,General Med,Internal Med,Geriatrics,Urgent Care,None	Med/Surg	4
PV1-10	12	31	114	Neuro ICU	Neuro ICU	Neuro ICU	4
PV1-10	13	31	115	Neurology	115,Neurology	Neurology	4
PV1-10	14	31	116	Neonatology	Neonatology	Neonatology	4
PV1-10	15	31	117	Obstetrics	Maternal-Fet	Obstetrics	4
PV1-10	16	31	118	Oncology	118,Oncology,Med/Onc,Peds Hem Onc	Oncology,Peds Hem Onc	4
PV1-10	17	31	119	Orthopedics	119,Orthopedics	Orthopedics	4
PV1-10	18	31	121	Pediatrics	121,Pediatrics	Pediatrics	4
PV1-10	19	31	123	Physical Medicine and Rehabilitation	Occupational,PMR	Rehab	4
PV1-10	20	31	124	General Surgery	Surgery,Amb Surg	Surgery	4
PV1-10	21	31	125	Surgical Intensive Care	Surgical ICU	SICU	4
PV1-10	22	31	126	Nephrology Transplant			4
PV1-10	23	31	127	Acute Care Surgery			4
PV1-10	24	31	128	Allergy & Immunology	Allergy	Allergy	4
PV1-10	25	31	129	Anesthesiology	Anesthesiolo	Anesthesiolo	4
PV1-10	26	31	131	Dermatology	Dermatology	Dermatology	4
PV1-10	27	31	132	Family Medicine	Family Med	Family Med	4
PV1-10	28	31	133	Endocrinology	Endocrinolog	Endocrinolog	4
PV1-10	29	31	134	Genetics	Genetics	Genetics	4
PV1-10	30	31	135	Hematology	Hematology	Hematology	4
PV1-10	31	31	136	Infectious Disease	Infectious D	Infectious D	4
PV1-10	32	31	137	Nephrology	Nephrology	Nephrology	4
PV1-10	33	31	138	Neurosurgery	Neurosurgery	Neurosurgery	4
PV1-10	34	31	139	Ophthalmology	Ophthalmolog,Retinology	Ophthalmology	4
PV1-10	35	31	140	Otolaryngology/ENT	Otolaryngolo,Audiology	Otolaryngology	4
PV1-10	36	31	141	Plastic Surgery	Plastic Surg	Plastic Surg	4
PV1-10	37	31	143	Radiation Oncology	Rad Onc	Rad Onc	4
PV1-10	38	31	144	Rheumatology	Rheumatology	Rheumatology	4
PV1-10	39	31	145	Urology	Urology	Urology	4
PV1-10	40	31	148	Pharmacy	Pharmacy	Pharmacy	4
PV1-10	41	31	149	Interventional Radiology	Inter Rad	Inter Rad	4
PV1-10	42	31	150	Clinical Decision Unit			4
PV1-10	43	31	151	Wound/Ostomy Care			4
PV1-10	44	31	153	Newborn			4
PV1-10	45	31	154	Labor and Delivery	117,Obstetrics	Obstetrics	4
PV1-10	46	31	156	Hospitalist Medicine	Hospitalist	Hospitalist	4
PV1-10	47	31	158	Select Specialty	IMS	IMS	4
PV1-10	48	31	161	Audiology			4
PV1-10	49	31	162	Behavioral Health - Psychology	122,Psychiatry,Psychology	Psych	4
PV1-10	50	31	163	Cardiology - Structural Heart Disease			4
PV1-10	51	31	165	Colon/Rectal Surgery			4
PV1-10	52	31	166	Gynecology/Oncology			4
PV1-10	53	31	172	Oral Surgery	Dentistry	Dentistry	4
PV1-10	54	31	175	Palliative Medicine 			4
PV1-10	55	31	178	Podiatry	Podiatry	Podiatry	4
PV1-10	56	31	180	Radiology	Radiology	Radiology	4
PV1-10	57	31	181	Sleep Center			4
PV1-10	58	31	184	Cardiac Surgery			4
PV1-10	59	31	185	Transplant	Transplant	Transplant	4
PV1-10	60	31	198	Bone Marrow Transplant			4
PV1-10	61	31	208	Chemotherapy			4
PV1-10	62	31	273	Pathology	Pathology	Pathology	4
PV1-10	63	31	293	Pulmonary	Pulmonology	Pulmonology	4
PV1-10	64	31	322	Thoracic Surgery			4
PV1-10	65	31	374	Transfusion Medicine			4
PV1-10	66	31	376	Family Practice	Nursing	Nursing	4
PV1-10	67	31	380	Orthopedic - Hand Surgery			4
PV1-10	68	31	381	Orthopedic - Spine			4
PV1-10	69	31	384	Hepatology			4
PV1-10	70	31	385	Pain Management	Pain Managem	Pain Management	4
PV1-10	71	31	387	Urogynecology			4
PV1-10	72	31	399	Bone & Mineral			4
PV1-10	73	31	409	Cardiology - Electrophysiology			4
PV1-10	74	31	463	Bariatric Surgery	Bariatric	Bariatric	4
PV1-10	75	31	464	Intensive Care			4
PV1-10	76	31	465	Pulmonary Hypertension			4
PV1-10	77	31	466	Pulmonary Transplant			4
PV1-10	78	31	467	Pulmonary Interventional			4
PV1-10	79	31	469	Transplant HPB Surgery			4
PV1-10	80	31	470	Cardiothoracic Transplant			4
PV1-10	81	31	471	Vascular Surgery	Vascular Sur	Vascular Surg	4
PV1-10	82	31	472	Speech Pathology			4
PV1-10	83	31	473	Cardiology - Advanced Heart Failure/Transplant			4
PV1-10	84	31	474	Cardiology - Vascular Medicine			4
PV1-10	85	31	475	Physiatry			4
PV1-10	86	31	476	Orthopedic - Surgery			4
PV1-10	87	31	477	Cardiovascular SICU			4
PV1-10	88	31	478	Behavioral Health - Neuropsychology			4
PV1-10	89	31	479	Behavioral Health - Psychiatry			4
PV1-10	90	31	480	Surgical Endoscopy			4
PV1-10	91	31	481	Ethics			4
PV1-10	92	31	482	Trauma Surgery	Trauma	Trauma	4
PV1-36	2	35	MiHIN suggested values		Hospital Value	Description	4
PV1-36	3	35			01	Discharged to home or self care (routine discharge)	2
PV1-36	4	35	01	Discharged to home or self care (routine discharge)	01	Home	4
PV1-36	5	35	02	Discharged/transferred to a short-term general hospital for inpatient care	02	Another Hospital	4
PV1-36	6	35	03	Discharged/transferred to skilled nursing facility (SNF) with Medicare certification.	03	Skilled Nursing Facility-Medicare Cert	4
PV1-36	7	35	04	Discharged/transferred to an intermediate care facility (ICF)	04, TCU	Facility That Provides Custodial or Supportive Care 	4
PV1-36	8	35	05	Discharged/transferred to another type of institution not defined elsewhere in this code list	05	Another Institution	4
PV1-36	9	35	06	Discharged/transferred to home under care of organized home health service organization	06	Home Health	4
PV1-36	10	35	07	Left against medical advice or discontinued care	07	Left  Against Medical Advice or Discontinued Care	4
PV1-36	11	35	08	Discharged/transferred to home under care of a Home IV provider			4
PV1-36	12	35	09	Admitted as an inpatient to this hospital	09	Medicare Only Admit as an Inpatient to This Hospital	4
PV1-36	13	35	20	Expired	20	EXPIRED	4
PV1-36	14	35	30	Still Patient	30	Still a Patient	4
PV1-36	15	35	40	Expired at home	40	EXPIRED AT HOME	4
PV1-36	16	35	41	Expired in a medical facility (e.g. hospital, SNF, ICF, or free standing hospice)	41	EXPIRED IN A MEDICAL FACILITY SUCH AS A HOSPITAL, SNF, ICF, OR FREESTANDING HOSPICE	4
PV1-36	17	35	42	Expired - place unknown	42	EXPIRED-PLACE UNKNOWN	4
PV1-36	18	35	43	Discharged/transferred to a federal health care facility. (Effective 10/1/03)	43	Federal Health Care Facility	4
PV1-36	19	35	50	Hospice - home	50	Hospice-Home	4
PV1-36	20	35	51	Hospice - medical facility	51	Hospice-Medical Facility	4
PV1-36	21	35	61	Discharged/transferred to hospital-based Medicare approved swing bed	61	Hospital-Based Medicare Approved Swing Bed	4
PV1-36	22	35	62	Discharged/transferred to an inpatient rehabilitation facility (IRF) including rehabilitation distinct part units of a hospital. (Effective retroactive to 1/1/02.)	62	Inpatient Rehab	4
PV1-36	23	35	63	Discharged/transferred to a Medicare certified long term care hospital (LTCH).(Effective 5/9/02.)	63	Long Term Care Hospital-Medicare Cert	4
PV1-36	24	35	64	Discharged/transferred to a nursing facility certified under Medicaid but not certified under Medicare. (Effective 10/1/02.)	64	Nursing Facility Certified Under Medicaid 	4
PV1-36	25	35	65	Discharged/transferred to a psychiatric hospital or psychiatric distinct part unit of a hospital. (Effective 4/1/04)	65	Psychiatric Hospital or Psychiatric Distinct Part Unit	4
PV1-36	26	35	66	Discharged/transferred to a Critical Access Hospital (CAH). (Effective 1/1/06)	66	Critical Access Hospital (CAH)	4
PV1-36	27	35	01	Discharged to home or self care (routine discharge)	Home	Home or Self Care	4
PV1-36	28	35	07	Left against medical advice or discontinued care	100	ED Dismiss - Never Arrived	4
PV1-36	29	35	02	Discharged/transferred to a short-term general hospital for inpatient care	101,ProMedica,PROMEDICA,Flower Rehab	Discharge to Outpatient Department	4
PV1-36	30	35	07	Left against medical advice or discontinued care	AA	Left Without Treatment	4
PV1-36	31	35			200	ED Dismiss - Diverted Elsewhere	4
PV1-36	32	35			21	Court/Law Enforcement	4
PV1-36	33	35			69	Designated Disaster Alternative Care Site	4
PV1-36	34	35			70	Institution Not Defined Elsewhere	4
PV1-36	35	35			81	Home or Self-Care with Planned Acute Care Hospital Inpatient Readmission	4
PV1-36	36	35			82	Short-Term General Hospital For Inpatient Care with Planned hosp IP readmit	4
PV1-36	37	35			83	Skilled Nursing Facility with Medicare Cert with Planned Hosp IP readmit	4
PV1-36	38	35			84	Facility that Provides Custodial or Supportive Care with Planned Hosp IP readmit	4
PV1-36	39	35			85	Cancer Center or Childrenâ€™s Hospital with Planned Hosp IP readmit	4
PV1-36	40	35			86	Home under Care of Home Health Svc with Planned IP Readmit	4
PV1-36	41	35			87	Court/Law Enforcement with Planned Acute Care Hosp IP	4
PV1-36	42	35			88	Federal Health Care Facility with a Planned Acute Care Hosp Readmit	4
PV1-36	43	35			89	Hospital-Based Medicare Approved Swing Bed with a Planned IP Readmit	4
PV1-36	44	35			90	IP Rehab Fac including Rehab Distinct pt unit of hosp w planned IP readmit	4
PV1-36	45	35			91	Medicare Cert Long-Term Care Hosp w Planned hosp IP admission	4
PV1-36	46	35			NUBC92	Reserved by NUBC92	4
PV1-36	47	35			93	Psych Distinct Part Unit of hosp w planned hosp IP readmit	4
PV1-36	48	35			94	Critical Access Hosp (CAH) with a Planned Acute Care Hosp IP readmit	4
PV1-36	49	35			95	Other Healthcare Institution w Planned Hospital IP	4
PV1-36	50	35			None	Unknown	4
IN1-17	2	39	MiHIN Value	Description	Hospital Value		4
IN1-17	3	39	FTH	Father 	F		2
IN1-17	4	39	ASC	Associate			4
IN1-17	5	39	BRO	Brother 			4
IN1-17	6	39	CGV	Care giver 	CARE GIVER		4
IN1-17	7	39	CHD	Child	Child,CHILD		4
IN1-17	8	39	DEP	Handicapped dependant			4
IN1-17	9	39	DOM	Life partner			4
IN1-17	10	39	EMC	Emergency contact			4
IN1-17	11	39	EME	Employee	Empl		4
IN1-17	12	39	EMR	Employer			4
IN1-17	13	39	EXF	Extended family	FAMILY MEMBE		4
IN1-17	14	39	FCH	Foster child 			4
IN1-17	15	39	FND	Friend	FRIEND		4
IN1-17	16	39	FTH	Father 	FATHER		4
IN1-17	17	39	GCH	Grandchild			4
IN1-17	18	39	GRD	Guardian 			4
IN1-17	19	39	GRP	Grandparent 			4
IN1-17	20	39	MGR	Manager			4
IN1-17	21	39	MTH	Mother 	MOTHER		4
IN1-17	22	39	NCH	Natural child			4
IN1-17	23	39	NON	None			4
IN1-17	24	39	OAD	Other adult			4
IN1-17	25	39	OTH	Other 	ORel,ODnr,TRANSPORT TE, OTHER,CDnr,None		4
IN1-17	26	39	OWN	Owner			4
IN1-17	27	39	PAR	Parent 			4
IN1-17	28	39	SCH	Stepchild 			4
IN1-17	29	39	SEL	Self	Self,SELF		4
IN1-17	30	39	SIB	Sibling 			4
IN1-17	31	39	SIS	Sister 			4
IN1-17	32	39	SPO	Spouse	Spouse,SIGNIFICANT		4
IN1-17	33	39	TRA	Trainer			4
IN1-17	34	39	UNK	Unknown	Unkn		4
IN1-17	35	39	WRD	Ward of court			4
IN1-17	36	39	AUN	Aunt 			4
IN1-17	37	39	DAU	Daughter			4
IN1-17	38	39	EXS	Ex Spouse 			4
IN1-17	39	39	EXH	Ex-husband			4
IN1-17	40	39	EXW	Ex-wife 			4
IN1-17	41	39	INL	In Law 			4
IN1-17	42	39	LEG	Legal Guardian 			4
IN1-17	43	39	SON	Son (S)			4
IN1-17	44	39	STP	Step Parent (STP)			4
IN1-17	45	39	STS	Step Sibling			4
IN1-17	46	39	UN	Uncle (UN)			4
IN1	2	42	IN1-3 Value	IN1-4 Value	Payer		4
IN1	3	42	1001	BCN	BCBSM		2
IN1	4	42	1	NJ BEHAVIORAL HEALTH TEST	NJ BEHAVIORAL HEALTH TEST		00000000
IN1	5	42	2	NJ HOME HEALTH	NJ HOME HEALTH		00000000
IN1	6	42	3	HEALTHPARTNERS	HEALTHPARTNERS		00000000
IN1	7	42	4	HEALTHPLUS	HEALTHPLUS		00000000
IN1	8	42	5	BROADSPIRE	BROADSPIRE		00000000
IN1	9	42	6	LOYAL AMERICAN	LOYAL AMERICAN		00000000
IN1	10	42	7	MED BEN	MED BEN		00000000
IN1	11	42	8	MUTUAL OF OMAHA	MUTUAL OF OMAHA		00000000
IN1	12	42	9	NGS	NGS		00000000
IN1	13	42	10	WEB TPA	WEB TPA		00000000
IN1	14	42	11	SEDGWICK	SEDGWICK		00000000
IN1	15	42	102	MEDICARE	MEDICARE		00000000
IN1	16	42	103	PARAMOUNT ELITE	PARAMOUNT ELITE		00000000
IN1	17	42	104	MEDICARE HMO	MEDICARE HMO		00000000
IN1	18	42	105	AETNA MEDICARE	AETNA MEDICARE		00000000
IN1	19	42	106	ANTHEM MEDICARE	ANTHEM MEDICARE		00000000
IN1	20	42	107	BCBS MICHIGAN MEDICARE	BCBS MICHIGAN MEDICARE		00000000
IN1	21	42	108	BUCKEYE MEDICARE	BUCKEYE MEDICARE		00000000
IN1	22	42	109	CARESOURCE MEDICARE	CARESOURCE MEDICARE		00000000
IN1	23	42	110	CSI MEDICARE	CSI MEDICARE		00000000
IN1	24	42	111	HUMANA MEDICARE	HUMANA MEDICARE		00000000
IN1	25	42	112	MERIDIAN MEDICARE	MERIDIAN MEDICARE		00000000
IN1	26	42	113	MEDICAL MUTUAL MEDICARE	MEDICAL MUTUAL MEDICARE		00000000
IN1	27	42	114	SUMMACARE	SUMMACARE		00000000
IN1	28	42	115	MOLINA MEDICARE	MOLINA MEDICARE		00000000
IN1	29	42	116	PRIORITY HEALTH MEDICARE	PRIORITY HEALTH MEDICARE		00000000
IN1	30	42	117	UNITEDHEALTHCARE MEDICARE	UNITEDHEALTHCARE MEDICARE		00000000
IN1	31	42	118	HEALTH ALLIANCE PLAN	HEALTH ALLIANCE PLAN		00000000
IN1	32	42	201	BCMH	BCMH		00000000
IN1	33	42	202	ADULT BENEFIT WAIVER	ADULT BENEFIT WAIVER		00000000
IN1	34	42	203	CHILDREN'S SPECIAL HEALTHCARE	CHILDREN'S SPECIAL HEALTHCARE		00000000
IN1	35	42	204	PARAMOUNT ADVANTAGE	PARAMOUNT ADVANTAGE		00000000
IN1	36	42	205	MEDICAID OH	MEDICAID OH		00000000
IN1	37	42	206	MEDICAID MI	MEDICAID MI		00000000
IN1	38	42	207	FOUR COUNTY ADAMHS	FOUR COUNTY ADAMHS		00000000
IN1	39	42	208	FULTON COUNTY	FULTON COUNTY		00000000
IN1	40	42	209	JACKSON/HILLSDALE CMH	JACKSON/HILLSDALE CMH		00000000
IN1	41	42	210	LENAWEE COMMUNITY MENTAL HEALTH	LENAWEE COMMUNITY MENTAL HEALTH		00000000
IN1	42	42	211	MEDICAID	MEDICAID		00000000
IN1	43	42	212	SANE PROGRAM	SANE PROGRAM		00000000
IN1	44	42	213	TRI COUNTY ADAMHS	TRI COUNTY ADAMHS		00000000
IN1	45	42	214	WILLIAMS COUNTY	WILLIAMS COUNTY		00000000
IN1	46	42	215	WOOD COUNTY ADAMHS	WOOD COUNTY ADAMHS		00000000
IN1	47	42	216	BCCP	BCCP		00000000
IN1	48	42	217	BUCKEYE MEDICAID	BUCKEYE MEDICAID		00000000
IN1	49	42	218	MEDICAID MI HMO	MEDICAID MI HMO		00000000
IN1	50	42	219	MEDICAID OH HMO	MEDICAID OH HMO		00000000
IN1	51	42	220	MERIDIAN MEDICAID	MERIDIAN MEDICAID		00000000
IN1	52	42	221	UNITEDHEALTHCARE COMMUNITY PLAN	UNITEDHEALTHCARE COMMUNITY PLAN		00000000
IN1	53	42	222	MOLINA HEALTHCARE	MOLINA HEALTHCARE		00000000
IN1	54	42	223	PRIORITY HEALTH MEDICAID	PRIORITY HEALTH MEDICAID		00000000
IN1	55	42	224	CARESOURCE MEDICAID	CARESOURCE MEDICAID		00000000
IN1	56	42	225	AETNA MEDICAID	AETNA MEDICAID		00000000
IN1	57	42	226	LCHD BCCCP	LCHD BCCCP		00000000
IN1	58	42	227	MCLAREN MEDICAID	MCLAREN MEDICAID		00000000
IN1	59	42	228	MCLAREN MEDICAID	MCLAREN MEDICAID		00000000
IN1	60	42	250	CARENET	CARENET		00000000
IN1	61	42	251	PENDING MEDICAID	PENDING MEDICAID		00000000
IN1	62	42	300	ZZZZZZZZZZZZZZZZZ	ZZZZZZZZZZZZZZZZZ		00000000
IN1	63	42	301	WORKER'S COMPENSATION	WORKER'S COMPENSATION		00000000
IN1	64	42	302	BWC PROMEDICA EMPLOYEE	BWC PROMEDICA EMPLOYEE		00000000
IN1	65	42	303	GLOBAL SPORTS SERVICE	GLOBAL SPORTS SERVICE		00000000
IN1	66	42	304	FRANK GATES	FRANK GATES		00000000
IN1	67	42	305	CAREWORKS	CAREWORKS		00000000
IN1	68	42	306	SHEAKLEY UNICOMP	SHEAKLEY UNICOMP		00000000
IN1	69	42	307	ADVOCARE	ADVOCARE		00000000
IN1	70	42	308	1-888-OHIOCOMP	1-888-OHIOCOMP		00000000
IN1	71	42	309	V AND A RISK SERVICES	V AND A RISK SERVICES		00000000
IN1	72	42	310	HEALTH MANAGEMENT SOLUTIONS	HEALTH MANAGEMENT SOLUTIONS		00000000
IN1	73	42	311	TRAVELERS	TRAVELERS		00000000
IN1	74	42	312	MEIJER INC	MEIJER INC		00000000
IN1	75	42	313	SEDGWICK	SEDGWICK		00000000
IN1	76	42	314	MEADOWBROOK INSURANCE GROUP	MEADOWBROOK INSURANCE GROUP		00000000
IN1	77	42	315	NAHGA CLAIM SERVICES	NAHGA CLAIM SERVICES		00000000
IN1	78	42	316	US DEPARTMENT OF LABOR	US DEPARTMENT OF LABOR		00000000
IN1	79	42	317	CORVEL CORPORATION	CORVEL CORPORATION		00000000
IN1	80	42	402	MEDICAL MUTUAL	MEDICAL MUTUAL		00000000
IN1	81	42	403	TRICARE	TRICARE		00000000
IN1	82	42	404	DEPARTMENT OF VETERAN AFFAIRS	DEPARTMENT OF VETERAN AFFAIRS		00000000
IN1	83	42	405	HUMANA MILITARY TRICARE	HUMANA MILITARY TRICARE		00000000
IN1	84	42	406	CHAMPVA	CHAMPVA		00000000
IN1	85	42	502	AETNA	AETNA		00000000
IN1	86	42	505	ANTHEM	ANTHEM		00000000
IN1	87	42	508	BCBS MICHIGAN	BCBS MICHIGAN		00000000
IN1	88	42	509	BLUE CARE NETWORK	BLUE CARE NETWORK		00000000
IN1	89	42	510	HUMANA COMMERCIAL	HUMANA COMMERCIAL		00000000
IN1	90	42	511	PRIVATE HEALTHCARE SERVICES (PHCS)	PRIVATE HEALTHCARE SERVICES (PHCS)		00000000
IN1	91	42	512	CIGNA	CIGNA		00000000
IN1	92	42	513	COMMERCIAL	COMMERCIAL		00000000
IN1	93	42	514	THERAMATRIX	THERAMATRIX		00000000
IN1	94	42	515	VES GROUP INC	VES GROUP INC		00000000
IN1	95	42	516	BEECHSTREET	BEECHSTREET		00000000
IN1	96	42	517	COFINITY	COFINITY		00000000
IN1	97	42	518	CORRECT CARE SOLUTIONS	CORRECT CARE SOLUTIONS		00000000
IN1	98	42	519	HEALTH CARE SUPPORT	HEALTH CARE SUPPORT		00000000
IN1	99	42	520	HEALTHREACH	HEALTHREACH		00000000
IN1	100	42	521	HEALTHSMART	HEALTHSMART		00000000
IN1	101	42	522	HEALTHSPAN	HEALTHSPAN		00000000
IN1	102	42	523	OHIO HEALTH CHOICE	OHIO HEALTH CHOICE		00000000
IN1	103	42	524	PARAMOUNT	PARAMOUNT		00000000
IN1	104	42	525	MULTIPLAN/PHCS	MULTIPLAN/PHCS		00000000
IN1	105	42	526	PRIORITY HEALTH	PRIORITY HEALTH		00000000
IN1	106	42	527	UNITED HEALTHCARE	UNITED HEALTHCARE		00000000
IN1	107	42	528	HEALTH ALLIANCE PLAN	HEALTH ALLIANCE PLAN		00000000
IN1	108	42	529	FRONTPATH	FRONTPATH		00000000
IN1	109	42	530	AMERIPLAN	AMERIPLAN		00000000
IN1	110	42	531	SUMMIT AMERICA	SUMMIT AMERICA		00000000
IN1	111	42	532	FIRST HEALTH	FIRST HEALTH		00000000
IN1	112	42	533	IMMERGRUN	IMMERGRUN		00000000
IN1	113	42	534	COVENTRY HEALTHCARE	COVENTRY HEALTHCARE		00000000
IN1	114	42	535	CONSUMERS MUTUAL INS OF MICHIGAN	CONSUMERS MUTUAL INS OF MICHIGAN		00000000
IN1	115	42	550	COMMERCIAL PSYCH PAYOR	COMMERCIAL PSYCH PAYOR		00000000
IN1	116	42	551	CENPATICO BEHAVIORAL HEALTH	CENPATICO BEHAVIORAL HEALTH		00000000
IN1	117	42	552	CIGNA BEHAVIORAL HEALTH	CIGNA BEHAVIORAL HEALTH		00000000
IN1	118	42	553	MAGELLAN BEHAVIORAL HEALTH	MAGELLAN BEHAVIORAL HEALTH		00000000
IN1	119	42	554	UNITED BEHAVIORAL HEALTH	UNITED BEHAVIORAL HEALTH		00000000
IN1	120	42	555	VALUE OPTIONS	VALUE OPTIONS		00000000
IN1	121	42	556	MPRI - PROFESSIONAL CONSULTING SERVICES	MPRI - PROFESSIONAL CONSULTING SERVICES		00000000
IN1	122	42	600	AETNA MARKETPLACE	AETNA MARKETPLACE		00000000
IN1	123	42	601	ANTHEM MARKETPLACE	ANTHEM MARKETPLACE		00000000
IN1	124	42	602	BCBS MICHIGAN MARKETPLACE	BCBS MICHIGAN MARKETPLACE		00000000
IN1	125	42	603	BUCKEYE MARKETPLACE	BUCKEYE MARKETPLACE		00000000
IN1	126	42	604	CARESOURCE MARKETPLACE	CARESOURCE MARKETPLACE		00000000
IN1	127	42	605	HEALTHSPAN MARKETPLACE	HEALTHSPAN MARKETPLACE		00000000
IN1	128	42	606	MEDICAL MUTUAL MARKETPLACE	MEDICAL MUTUAL MARKETPLACE		00000000
IN1	129	42	607	MOLINA MARKETPLACE	MOLINA MARKETPLACE		00000000
IN1	130	42	608	PRIORITY HEALTH MARKETPLACE	PRIORITY HEALTH MARKETPLACE		00000000
IN1	131	42	609	PARAMOUNT MARKETPLACE	PARAMOUNT MARKETPLACE		00000000
IN1	132	42	610	SUMMACARE MARKETPLACE	SUMMACARE MARKETPLACE		00000000
IN1	133	42	611	MARKETPLACE	MARKETPLACE		00000000
IN1	134	42	700	CSI NETWORK SERVICES	CSI NETWORK SERVICES		00000000
IN1	135	42	701	NORTHCOAST	NORTHCOAST		00000000
IN1	136	42	750	SVS VISION	SVS VISION		00000000
IN1	137	42	751	SUPERIOR VISION PLAN	SUPERIOR VISION PLAN		00000000
IN1	138	42	752	OPTICARE	OPTICARE		00000000
IN1	139	42	753	VISION BENEFITS OF AMERICAN	VISION BENEFITS OF AMERICAN		00000000
IN1	140	42	754	VSP STANDARD	VSP STANDARD		00000000
IN1	141	42	755	NVA VISION ADMINISTRATION	NVA VISION ADMINISTRATION		00000000
IN1	142	42	756	MARCH VISION	MARCH VISION		00000000
IN1	143	42	757	EYEQUEST	EYEQUEST		00000000
IN1	144	42	758	EYEMED	EYEMED		00000000
IN1	145	42	759	BLOCK VISION	BLOCK VISION		00000000
IN1	146	42	801	AMERICAN RETIREMENT LIFE INSURANCE	AMERICAN RETIREMENT LIFE INSURANCE		00000000
IN1	147	42	802	ASR HEALTH BENEFITS	ASR HEALTH BENEFITS		00000000
IN1	148	42	803	BANKER FIDELITY	BANKER FIDELITY		00000000
IN1	149	42	804	BANKERS LIFE & CASUALTY	BANKERS LIFE & CASUALTY		00000000
IN1	150	42	805	COLONIAL PENN LIFE INSURANCE	COLONIAL PENN LIFE INSURANCE		00000000
IN1	151	42	806	CONTINENTIAL GENERAL	CONTINENTIAL GENERAL		00000000
IN1	152	42	807	EQUITABLE LIFE AND CASUALTY	EQUITABLE LIFE AND CASUALTY		00000000
IN1	153	42	808	EVERENCE	EVERENCE		00000000
IN1	154	42	809	FORETHOUGHT LIFE INSURANCE	FORETHOUGHT LIFE INSURANCE		00000000
IN1	155	42	810	GERBER LIFE INSURANCE	GERBER LIFE INSURANCE		00000000
IN1	156	42	811	GPM LIFE INSURANCE COMPANY	GPM LIFE INSURANCE COMPANY		00000000
IN1	157	42	812	KSKJ LIFE	KSKJ LIFE		00000000
IN1	158	42	813	MEDICO INSURANCE	MEDICO INSURANCE		00000000
IN1	159	42	814	MONUMENTAL LIFE	MONUMENTAL LIFE		00000000
IN1	160	42	815	PRINCIPAL FINANCIAL GROUP	PRINCIPAL FINANCIAL GROUP		00000000
IN1	161	42	816	STANDARD LIFE AND CASUALTY	STANDARD LIFE AND CASUALTY		00000000
IN1	162	42	817	THRIVENT FINANCIAL FOR LUTHERANS	THRIVENT FINANCIAL FOR LUTHERANS		00000000
IN1	163	42	818	TRANS AMERICA INSURANCE	TRANS AMERICA INSURANCE		00000000
IN1	164	42	819	UNITED AMERICAN INSURANCE	UNITED AMERICAN INSURANCE		00000000
IN1	165	42	820	UNITED OF OMAHA LIFE	UNITED OF OMAHA LIFE		00000000
IN1	166	42	821	WOODMEN OF THE WORLD	WOODMEN OF THE WORLD		00000000
IN1	167	42	823	NACL	NACL		00000000
IN1	168	42	824	USAA LIFE	USAA LIFE		00000000
IN1	169	42	825	AMERICAN REPUBLIC	AMERICAN REPUBLIC		00000000
IN1	170	42	826	RURAL CARRIER BENEFIT	RURAL CARRIER BENEFIT		00000000
IN1	171	42	827	MARQUETTE NATIONAL LIFE	MARQUETTE NATIONAL LIFE		00000000
IN1	172	42	828	AMERICAN NATIONAL	AMERICAN NATIONAL		00000000
IN1	173	42	829	CONTINENTIAL LIFE	CONTINENTIAL LIFE		00000000
IN1	174	42	830	STERLING	STERLING		00000000
IN1	175	42	831	MARSH ADVANTAGE AMERICA	MARSH ADVANTAGE AMERICA		00000000
IN1	176	42	832	MUTUAL OF OMAHA	MUTUAL OF OMAHA		00000000
IN1	177	42	833	FOUNDATION FOR MAMMS	FOUNDATION FOR MAMMS		00000000
IN1	178	42	834	KOMEN	KOMEN		00000000
IN1	179	42	900	AUTO INSURANCE	AUTO INSURANCE		00000000
IN1	180	42	901	STATE FARM AUTOMOBILE	STATE FARM AUTOMOBILE		00000000
IN1	181	42	902	PROGRESSIVE	PROGRESSIVE		00000000
IN1	182	42	903	NATIONWIDE	NATIONWIDE		00000000
IN1	183	42	904	ALLSTATE	ALLSTATE		00000000
IN1	184	42	905	AUTO OWNERS INSURANCE	AUTO OWNERS INSURANCE		00000000
IN1	185	42	906	GRANGE	GRANGE		00000000
IN1	186	42	907	AAA OF MICHIGAN	AAA OF MICHIGAN		00000000
IN1	187	42	908	BRISTOL WEST	BRISTOL WEST		00000000
IN1	188	42	909	FARM BUREAU	FARM BUREAU		00000000
IN1	189	42	1000	AETNA SUPERPAYOR	AETNA SUPERPAYOR		00000000
IN1	190	42	1001	ACTIVA BENEFIT SYSTEMS SUPERPAYOR	ACTIVA BENEFIT SYSTEMS SUPERPAYOR		00000000
IN1	191	42	1002	ALLIED BENEFIT SYSTEMS SUPERPAYOR	ALLIED BENEFIT SYSTEMS SUPERPAYOR		00000000
IN1	192	42	1003	ANTHEM SUPERPAYOR	ANTHEM SUPERPAYOR		00000000
IN1	193	42	1004	ASSURANT HEALTH SUPERPAYOR	ASSURANT HEALTH SUPERPAYOR		00000000
IN1	194	42	1005	BCBSMI SUPERPAYOR	BCBSMI SUPERPAYOR		00000000
IN1	195	42	1006	BENEFIT ASSISTANCE CORP SUPERPAYOR	BENEFIT ASSISTANCE CORP SUPERPAYOR		00000000
IN1	196	42	1007	BUCKEYE SUPERPAYOR	BUCKEYE SUPERPAYOR		00000000
IN1	197	42	1008	CIGNA SUPERPAYOR	CIGNA SUPERPAYOR		00000000
IN1	198	42	1009	CARESOURCE SUPERPAYOR	CARESOURCE SUPERPAYOR		00000000
IN1	199	42	1010	CSI SUPERPAYOR	CSI SUPERPAYOR		00000000
IN1	200	42	1011	CUSTOM DESIGN BENEFITS SUPERPAYOR	CUSTOM DESIGN BENEFITS SUPERPAYOR		00000000
IN1	201	42	1012	HEALTHSCOPE SUPERPAYOR	HEALTHSCOPE SUPERPAYOR		00000000
IN1	202	42	1013	HEALTHSMART SUPERPAYOR	HEALTHSMART SUPERPAYOR		00000000
IN1	203	42	1014	UMR SUPERPAYOR	UMR SUPERPAYOR		00000000
IN1	204	42	1015	HEALTHSPAN SUPERPAYOR	HEALTHSPAN SUPERPAYOR		00000000
IN1	205	42	1016	HUMANA SUPERPAYOR	HUMANA SUPERPAYOR		00000000
IN1	206	42	1017	COMMERCIAL GENERIC SUPERPAYOR	COMMERCIAL GENERIC SUPERPAYOR		00000000
IN1	207	42	1018	MEDICAID MI SUPERPAYOR	MEDICAID MI SUPERPAYOR		00000000
IN1	208	42	1019	MEDICAID OH SUPERPAYOR	MEDICAID OH SUPERPAYOR		00000000
IN1	209	42	1020	MEDICAL MUTUAL SUPERPAYOR	MEDICAL MUTUAL SUPERPAYOR		00000000
IN1	210	42	1021	MEDICARE SUPERPAYOR	MEDICARE SUPERPAYOR		00000000
IN1	211	42	1022	MERITAIN SUPERPAYOR	MERITAIN SUPERPAYOR		00000000
IN1	212	42	1023	MOLINA SUPERPAYOR	MOLINA SUPERPAYOR		00000000
IN1	213	42	1024	MUTUAL HEALTH SERVICES SUPERPAYOR	MUTUAL HEALTH SERVICES SUPERPAYOR		00000000
IN1	214	42	1025	NIPPON SUPERPAYOR	NIPPON SUPERPAYOR		00000000
IN1	215	42	1026	PARAMOUNT SUPERPAYOR	PARAMOUNT SUPERPAYOR		00000000
IN1	216	42	1027	PLUMBERS & PIPEFITTERS SUPERPAYOR	PLUMBERS & PIPEFITTERS SUPERPAYOR		00000000
IN1	217	42	1028	PRIORITY HEALTH SUPERPAYOR	PRIORITY HEALTH SUPERPAYOR		00000000
IN1	218	42	1029	SELF FUNDED PLANS SUPERPAYOR	SELF FUNDED PLANS SUPERPAYOR		00000000
IN1	219	42	1030	STATE FARM SUPERPAYOR	STATE FARM SUPERPAYOR		00000000
IN1	220	42	1031	SUMMACARE SUPERPAYOR	SUMMACARE SUPERPAYOR		00000000
IN1	221	42	1032	TPA SUPERPAYOR	TPA SUPERPAYOR		00000000
IN1	222	42	1033	TRUSTMARK SUPERPAYOR	TRUSTMARK SUPERPAYOR		00000000
IN1	223	42	1034	UHC SUPERPAYOR	UHC SUPERPAYOR		00000000
IN1	224	42	1035	MERIDIAN SUPERPAYOR	MERIDIAN SUPERPAYOR		00000000
IN1	225	42	1036	HAP SUPERPAYOR	HAP SUPERPAYOR		00000000
IN1	226	42	2000	JOINT VENTURE HOSPITAL LAB	JOINT VENTURE HOSPITAL LAB		00000000
IN1	227	42	2201	HSPC ALT MERIDIAN	HSPC ALT MERIDIAN		00000000
IN1	228	42	2222	TEST	TEST		00000000
IN1	229	42	5102	HB ALT MEDICARE	HB ALT MEDICARE		00000000
IN1	230	42	5103	PDATH HOME ALT PARAMOUNT ELITE	PDATH HOME ALT PARAMOUNT ELITE		00000000
IN1	231	42	5205	HB ALT MEDICAID OH	HB ALT MEDICAID OH		00000000
IN1	232	42	5210	HB ALT COMMUNITY MENTAL HEALTH	HB ALT COMMUNITY MENTAL HEALTH		00000000
IN1	233	42	5223	HSPC ALT PRIORITY MEDICAID	HSPC ALT PRIORITY MEDICAID		00000000
IN1	234	42	5227	HSPC ALT MCLAREN MEDICAID	HSPC ALT MCLAREN MEDICAID		00000000
IN1	235	42	5301	HB ALT WORKERS COMP    	HB ALT WORKERS COMP    		00000000
IN1	236	42	5505	HB ALT COMPSYCH BEHAVIOR HEALTH	HB ALT COMPSYCH BEHAVIOR HEALTH		00000000
IN1	237	42	5508	HSPC ALT BCBS MICHIGAN	HSPC ALT BCBS MICHIGAN		00000000
IN1	238	42	5513	HB ALT COMMERCIAL	HB ALT COMMERCIAL		00000000
IN1	239	42	5514	HB ALT THERAMATRIX	HB ALT THERAMATRIX		00000000
IN1	240	42	5551	HB ALT CENPATICO BEHAVIORAL HEALTH	HB ALT CENPATICO BEHAVIORAL HEALTH		00000000
IN1	241	42	5552	HB ALT CIGNA BEHAVIORAL HEALTH	HB ALT CIGNA BEHAVIORAL HEALTH		00000000
IN1	242	42	5553	HB ALT MAGELLAN BEHAVIORAL HEALTH	HB ALT MAGELLAN BEHAVIORAL HEALTH		00000000
IN1	243	42	5554	HB ALT UNITED BEHAVIORAL HEALTH	HB ALT UNITED BEHAVIORAL HEALTH		00000000
IN1	244	42	5555	HB ALT BEACON HEALTH	HB ALT BEACON HEALTH		00000000
IN1	245	42	5560	PB ALT BLUE VISION	PB ALT BLUE VISION		00000000
IN1	246	42	5561	PB ALT DAVIS VISION	PB ALT DAVIS VISION		00000000
IN1	247	42	5562	PB ALT ENVOLVE	PB ALT ENVOLVE		00000000
IN1	248	42	5563	PB ALT EYE MED	PB ALT EYE MED		00000000
IN1	249	42	5564	PB ALT EYEQUEST	PB ALT EYEQUEST		00000000
IN1	250	42	5565	PB ALT SUPERIOR VISION-STATE HEALTH PLAN VISION POLICY	PB ALT SUPERIOR VISION-STATE HEALTH PLAN VISION POLICY		00000000
IN1	251	42	5566	PB ALT SUPERIOR VISION	PB ALT SUPERIOR VISION		00000000
IN1	252	42	5567	PB ALT SPECTERA	PB ALT SPECTERA		00000000
IN1	253	42	5568	PB ALT VSP	PB ALT VSP		00000000
IN1	254	42	5569	PB ALT NVA	PB ALT NVA		00000000
IN1	255	42	5570	PB ALT SET SEG	PB ALT SET SEG		00000000
IN1	256	42	5571	PB ALT VISION BENEFITS OF AMERICA	PB ALT VISION BENEFITS OF AMERICA		00000000
IN1	257	42	5572	PB ALT ALWAYS CARE	PB ALT ALWAYS CARE		00000000
IN1	258	42	5573	PB ALT HAP OF MI VISION	PB ALT HAP OF MI VISION		00000000
IN1	259	42	5574	PB ALT HERITAGE VISION	PB ALT HERITAGE VISION		00000000
IN1	260	42	5575	PB ALT OH CONFERENCE OF TEAMSTERS HEALTH & WELFARE	PB ALT OH CONFERENCE OF TEAMSTERS HEALTH & WELFARE		00000000
IN1	261	42	5576	PB ALT OH CAID CULLEN CENTER	PB ALT OH CAID CULLEN CENTER		00000000
IN1	262	42	5578	PB ALT SECURITY LIFE INSURANCE	PB ALT SECURITY LIFE INSURANCE		00000000
IN1	263	42	5579	PB ALT ADN	PB ALT ADN		00000000
IN1	264	42	5580	PB ALT ADVANTICA/TRANSCHOICE PLUS	PB ALT ADVANTICA/TRANSCHOICE PLUS		00000000
IN1	265	42	5581	PB ALT ROYAL BENEFITS	PB ALT ROYAL BENEFITS		00000000
IN1	266	42	5582	PB ALT SVS VISION	PB ALT SVS VISION		00000000
IN1	267	42	5583	PB ALT AETNA VISION 	PB ALT AETNA VISION 		00000000
IN1	268	42	5584	PB ALT ESBO	PB ALT ESBO		00000000
IN1	269	42	5900	HB ALT AUTO INS	HB ALT AUTO INS		00000000
IN1	270	42	10202	HSPC ALT MEDICARE	HSPC ALT MEDICARE		00000000
IN1	271	42	10901	HSPC ALT MEDICAID	HSPC ALT MEDICAID		00000000
IN1	272	42	20000	AARP	AARP		00000000
IN1	273	42	20001	CHAMPVA	CHAMPVA		00000000
IN1	274	42	20002	COVENTRY	COVENTRY		00000000
IN1	275	42	20004	ASSURANTHEALTH	ASSURANTHEALTH		00000000
IN1	276	42	20005	HEALTHSCOPE	HEALTHSCOPE		00000000
IN1	277	42	20006	MERITAIN	MERITAIN		00000000
IN1	278	42	20007	MUTUAL HEALTH SERVICES	MUTUAL HEALTH SERVICES		00000000
IN1	279	42	20008	MEDICARE DME	MEDICARE DME		00000000
IN1	280	42	20009	TRUSTMARK	TRUSTMARK		00000000
IN1	281	42	20010	UMR	UMR		00000000
IN1	282	42	20011	WELLCARE OH	WELLCARE OH		00000000
IN1	283	42	20401	HHHS ALT PARAMOUNT BEHAVIORAL HLTH ADV	HHHS ALT PARAMOUNT BEHAVIORAL HLTH ADV		00000000
IN1	284	42	20402	HHHS ALT PARAMOUNT POST PARTUM	HHHS ALT PARAMOUNT POST PARTUM		00000000
IN1	285	42	52401	HHHS ALT PARAMOUNT BEHAVIORAL HLTH HMO	HHHS ALT PARAMOUNT BEHAVIORAL HLTH HMO		00000000
IN1	286	42	10920601	HSPC ALT MI MEDICAID	HSPC ALT MI MEDICAID		00000000
IN1	287	42	10921701	HSPC ALT BUCKEYE MEDICAID	HSPC ALT BUCKEYE MEDICAID		00000000
IN1	288	42	10922401	HSPC ALT CARESOURCE MEDICAID	HSPC ALT CARESOURCE MEDICAID		00000000
IN1	289	42	30820501	ALTERNATE MEDICAID	ALTERNATE MEDICAID		00000000
IN1	290	42	30850801	ZZZZZZZZZ BCBS MICHIGAN	ZZZZZZZZZ BCBS MICHIGAN		00000000
IN1	291	42	30851201	HHHS ALT CARECENTRIX	HHHS ALT CARECENTRIX		00000000
IN1	292	42	30851202	HHHS ALT CARECENTRIX	HHHS ALT CARECENTRIX		00000000
IN1	293	42	30870001	HHHS ALT CSI	HHHS ALT CSI		00000000
IN1	294	42	30870002	HHHS ALT CSI	HHHS ALT CSI		00000000
IN1	295	42	30870101	HHHS ALT NORTHCOAST	HHHS ALT NORTHCOAST		00000000
IN1	296	42	30870102	HHHS ALT NORTHCOAST	HHHS ALT NORTHCOAST		00000000
IN1	297	42	229	TOTAL HEALTH CARE	TOTAL HEALTH CARE		00000000
IN1	298	42	119	MCLAREN MEDICARE	MCLAREN MEDICARE		00000000
IN1	299	42	230	HEALTH ALLIANCE PLAN	HEALTH ALLIANCE PLAN		00000000
IN1	300	42	557	MCLAREN	MCLAREN		00000000
IN1	301	42	558	TOTAL HEALTH CARE	TOTAL HEALTH CARE		00000000
IN1	302	42	5104	HB ALT MEDICARE HMO	HB ALT MEDICARE HMO		00000000
IN1	303	42	5218	HB ALT MEDICAID HMO	HB ALT MEDICAID HMO		00000000
IN1	304	42	5502	HB ALT AETNA	HB ALT AETNA		00000000
IN1	305	42	5509	HB ALT BLUE CROSS	HB ALT BLUE CROSS		00000000
IN1	306	42	5510	HB ALT HUMANA LIFESYNC	HB ALT HUMANA LIFESYNC		00000000
IN1	307	42	5512	HB ALT CIGNA	HB ALT CIGNA		00000000
IN1	308	42	5585	PB ALT MARCH VISION	PB ALT MARCH VISION		00000000
IN1	309	42	5588	PB ALT CIGNA VISION	PB ALT CIGNA VISION		00000000
IN1	310	42	5589	PB ALT BOILER MAKERS	PB ALT BOILER MAKERS		00000000
IN1	311	42	5611	HB ALT COMM MARKETPLACE	HB ALT COMM MARKETPLACE		00000000
IN1	312	42	None	None	None		00000000
