filename	0	0		2.0 Mapping Tables - Skilled Nursing Facilities (ALL)/SNF-Metron of Lamont ADT 2.0 table 10-26-16.xlsx			
MSH-4	2	1	Hospital Value	Description			4
MSH-4	3	1	2.16.840.1.113883.3.1481.1.2.2	Hospital Name			2
MSH-4	4	1	2.16.840.1.113883.3.3238.50.2367	Metron of Lamont			0
PID-8	2	3	MiHIN Value	Description	Hospital Value		4
PID-8	3	3	M	Male	M		2
PID-8	4	3	F	Female	F		4
PID-8	5	3	M	Male	M		4
PID-8	6	3	O	Other			4
PID-8	7	3	U	Unknown			4
PID-8	8	3	A	Ambiguous			4
PID-8	9	3	N	Not Applicable			4
PID-10	2	6	MiHIN Value	Description	Hospital Value		4
PID-10	3	6	2106-3	White	W		2
PID-10	4	6	1002-5	American Indian or Alaska Native	1002-5		4
PID-10	5	6	2028-9	Asian	2028-9		4
PID-10	6	6	2054-5	Black or African American	2054.5		4
PID-10	7	6	2076-8	Native Hawaiian or Other Pacific Islander	2076-8		4
PID-10	8	6	2106-3	White	2106-3		4
PID-10	9	6	2131-1	Other Race	2131-1		4
PID-10	10	6	MR	Multi-Racial			4
PID-10	11	6	PR	Patient Refused 			4
PID-22	2	9	MiHIN Value	Description	Hospital Value		4
PID-22	3	9	H	Hispanic or Latino	Hisp		2
PID-22	4	9	H	Hispanic or Latino			4
PID-22	5	9	N	Not Hispanic or Latino			4
PID-22	6	9	U	Unknown			4
PID-22	7	9	D	Declined			4
PID-22	8	9	AN	Alaskan Native 			4
PID-22	9	9	AR	Arabic 			4
PID-22	10	9	AS	Asian 			4
PID-22	11	9	CA	Caucasian			4
PID-22	12	9	CHA	Chaldean 			4
PID-22	13	9	CHI	Chinese 			4
PID-22	14	9	DU	Dutch 			4
PID-22	15	9	EG	Egyptian 			4
PID-22	16	9	FR	French 			4
PID-22	17	9	GER	German 			4
PID-22	18	9	GRE	Greek 			4
PID-22	19	9	HA	Hawaiian 			4
PID-22	20	9	IRA	Iranian 			4
PID-22	21	9	IRQ	Iraqi 			4
PID-22	22	9	IRH	Irish 			4
PID-22	23	9	ITA	Italian 			4
PID-22	24	9	JA	Japanese 			4
PID-22	25	9	JE	Jewish 			4
PID-22	26	9	JO	Jordanian 			4
PID-22	27	9	KO	Korean 			4
PID-22	28	9	LE	Lebanese  			4
PID-22	29	9	MAC	Macedonian 			4
PID-22	30	9	ME	Middle Eastern			4
PID-22	31	9	MUL	Multi-Ethnic 			4
PID-22	32	9	NA	Native American			4
PID-22	33	9	O	Other 			4
PID-22	34	9	PO	Polish 			4
PID-22	35	9	RU	Russian 			4
PID-22	36	9	SC	Scottish 			4
PID-22	37	9	UK	Ukrainian 			4
PID-22	38	9	VIT	Vietnamese 			4
PID-30	2	12	MiHIN Value	Description	Hospital Value		4
PID-30	3	12	Y	Expired	E		2
PID-30	4	12	Y	Deceased/Yes			4
PID-30	5	12	N	Not Deceased/No			4
DG1-6	2	15	MiHIN Value	Description	Hospital Value		4
DG1-6	3	15	A	Admitting	AD		2
DG1-6	4	15	A	Admitting			4
DG1-6	5	15	F	Final			4
DG1-6	6	15	W	Working 			4
DG1-6	7	15	O	Other			4
PV1-2	2	18	MiHIN Value	Description	Hospital Value		4
PV1-2	3	18	E	Emergency	ER		2
PV1-2	4	18	B	Obstetrics			4
PV1-2	5	18	C	Commercial Account			4
PV1-2	6	18	E	Emergency			4
PV1-2	7	18	I	Inpatient			4
PV1-2	8	18	N	Not Applicable			4
PV1-2	9	18	O	Outpatient			4
PV1-2	10	18	P	Preadmit			4
PV1-2	11	18	R	Recurring patient			4
PV1-2	12	18	U	Unknown			4
PV1-2	13	18	IH	IP Hospice 			4
PV1-2	14	18	NB	Newborn			4
PV1-2	15	18	OB	Observation 			4
PV1-2	16	18	SN	Skilled Nursing 			4
PV1-2	17	18	SA	Surgery Admit 			4
PV1-4	2	21	MiHIN Value	Description	Hospital Value		4
PV1-4	3	21	E	Emergency	E		2
PV1-4	4	21	A	Accident			4
PV1-4	5	21	C	Elective			4
PV1-4	6	21	E	Emergency			4
PV1-4	7	21	L	Labor and Delivery			4
PV1-4	8	21	N	Newborn (Birth in healthcare facility)			4
PV1-4	9	21	R	Routine			4
PV1-4	10	21	U	Urgent			4
PV1-4	11	21	TC	Trauma Center 			4
PV1-4	12	21	O	Other			4
PV1-14	2	24	MiHIN Value	Description	Hospital Value		4
PV1-14	3	24	2	Clinic referral	E		2
PV1-14	4	24	1	Physician referral			4
PV1-14	5	24	2	Clinic referral			4
PV1-14	6	24	3	HMO referral			4
PV1-14	7	24	4	Transfer from a hospital			4
PV1-14	8	24	5	Transfer froma skilled nursing facility			4
PV1-14	9	24	6	Transfer from another health care facility			4
PV1-14	10	24	7	Emergency Room			4
PV1-14	11	24	8	Court/Law enforcement			4
PV1-14	12	24	9	Information not available			4
PV1-14	13	24	SR	Self-Referral			4
PV1-14	14	24	TRNF	Transfer from a non-health care facility			4
PV1-14	15	24	TRAD	Transfer from Ambulatory Department			4
PV1-18	2	27	MiHIN Suggested Values		Hospital Value	Description	4
PV1-18	3	27			A	Anonymous	2
PV1-18	4	27	1	Anonymous			4
PV1-18	5	27	2	Confidential			4
PV1-18	6	27	3	Employee			4
PV1-18	7	27	4	Dismissed			4
PV1-18	8	27	5	No Medicare			4
PV1-18	9	27	6	Prisoner			4
PV1-18	10	27	7	VIP			4
PV1-18	11	27	8	Staff Dependent			4
PV1-18	12	27	9	Benefactor			4
PV1-18	13	27	10	Employee Dependent			4
PV1-18	14	27	11	Non-Employee			4
PV1-18	15	27	12	Volunteer			4
PV1-18	16	27	13	Staff Physician			4
PV1-18	17	27	14	Non V.I.P			4
PV1-18	18	27	15	Retired Employee			4
PV1-18	19	27	42	Homeless			4
PV1-18	20	27	44	Celebrity			4
PV1-18	21	27	45	Donor			4
PV1-18	22	27	46	Transplant			4
PV1-18	23	27	47	Voucher			4
PV1-18	24	27	49	Board Member			4
PV1-18	25	27	49	Clergy			4
PV1-18	26	27	52	Other			4
PV1-18	27	27	58	Organ Donor			4
PV1-18	28	27	59	Organ 			4
PV1-18	29	27	60	Select Specialty			4
PV1-10	2	31	MiHIN Suggested Values		Hospital Value	Description	4
PV1-10	3	31			121	Pediatrics	2
PV1-10	4	31	104	Cardiology - General			4
PV1-10	5	31	105	Emergency Medicine			4
PV1-10	6	31	107	Geriatrics			4
PV1-10	7	31	108	Gastroenterology			4
PV1-10	8	31	109	Gynecology			4
PV1-10	9	31	110	Hospice Medicine			4
PV1-10	10	31	111	Medical Intensive Care			4
PV1-10	11	31	112	Internal Medicine			4
PV1-10	12	31	114	Neuro ICU			4
PV1-10	13	31	115	Neurology			4
PV1-10	14	31	116	Neonatology			4
PV1-10	15	31	117	Obstetrics			4
PV1-10	16	31	118	Oncology			4
PV1-10	17	31	119	Orthopedics			4
PV1-10	18	31	121	Pediatrics			4
PV1-10	19	31	123	Physical Medicine and Rehabilitation			4
PV1-10	20	31	124	General Surgery			4
PV1-10	21	31	125	Surgical Intensive Care			4
PV1-10	22	31	126	Nephrology Transplant			4
PV1-10	23	31	127	Acute Care Surgery			4
PV1-10	24	31	128	Allergy & Immunology			4
PV1-10	25	31	129	Anesthesiology			4
PV1-10	26	31	131	Dermatology			4
PV1-10	27	31	132	Family Medicine			4
PV1-10	28	31	133	Endocrinology			4
PV1-10	29	31	134	Genetics			4
PV1-10	30	31	135	Hematology			4
PV1-10	31	31	136	Infectious Disease			4
PV1-10	32	31	137	Nephrology			4
PV1-10	33	31	138	Neurosurgery			4
PV1-10	34	31	139	Ophthalmology			4
PV1-10	35	31	140	Otolaryngology/ENT			4
PV1-10	36	31	141	Plastic Surgery			4
PV1-10	37	31	143	Radiation Oncology			4
PV1-10	38	31	144	Rheumatology			4
PV1-10	39	31	145	Urology			4
PV1-10	40	31	148	Pharmacy			4
PV1-10	41	31	149	Interventional Radiology			4
PV1-10	42	31	150	Clinical Decision Unit			4
PV1-10	43	31	151	Wound/Ostomy Care			4
PV1-10	44	31	153	Newborn			4
PV1-10	45	31	154	Labor and Delivery			4
PV1-10	46	31	156	Hospitalist Medicine			4
PV1-10	47	31	158	Select Specialty			4
PV1-10	48	31	161	Audiology			4
PV1-10	49	31	162	Behavioral Health - Psychology			4
PV1-10	50	31	163	Cardiology - Structural Heart Disease			4
PV1-10	51	31	165	Colon/Rectal Surgery			4
PV1-10	52	31	166	Gynecology/Oncology			4
PV1-10	53	31	172	Oral Surgery			4
PV1-10	54	31	175	Palliative Medicine 			4
PV1-10	55	31	178	Podiatry			4
PV1-10	56	31	180	Radiology			4
PV1-10	57	31	181	Sleep Center			4
PV1-10	58	31	184	Cardiac Surgery			4
PV1-10	59	31	185	Transplant			4
PV1-10	60	31	198	Bone Marrow Transplant			4
PV1-10	61	31	208	Chemotherapy			4
PV1-10	62	31	273	Pathology			4
PV1-10	63	31	293	Pulmonary			4
PV1-10	64	31	322	Thoracic Surgery			4
PV1-10	65	31	374	Transfusion Medicine			4
PV1-10	66	31	376	Family Practice			4
PV1-10	67	31	380	Orthopedic - Hand Surgery			4
PV1-10	68	31	381	Orthopedic - Spine			4
PV1-10	69	31	384	Hepatology			4
PV1-10	70	31	385	Pain Management			4
PV1-10	71	31	387	Urogynecology			4
PV1-10	72	31	399	Bone & Mineral			4
PV1-10	73	31	409	Cardiology - Electrophysiology			4
PV1-10	74	31	463	Bariatric Surgery			4
PV1-10	75	31	464	Intensive Care			4
PV1-10	76	31	465	Pulmonary Hypertension			4
PV1-10	77	31	466	Pulmonary Transplant			4
PV1-10	78	31	467	Pulmonary Interventional			4
PV1-10	79	31	469	Transplant HPB Surgery			4
PV1-10	80	31	470	Cardiothoracic Transplant			4
PV1-10	81	31	471	Vascular Surgery			4
PV1-10	82	31	472	Speech Pathology			4
PV1-10	83	31	473	Cardiology - Advanced Heart Failure/Transplant			4
PV1-10	84	31	474	Cardiology - Vascular Medicine			4
PV1-10	85	31	475	Physiatry			4
PV1-10	86	31	476	Orthopedic - Surgery			4
PV1-10	87	31	477	Cardiovascular SICU			4
PV1-10	88	31	478	Behavioral Health - Neuropsychology			4
PV1-10	89	31	479	Behavioral Health - Psychiatry			4
PV1-10	90	31	480	Surgical Endoscopy			4
PV1-10	91	31	481	Ethics			4
PV1-10	92	31	482	Trauma Surgery			4
PV1-36	2	35	MiHIN suggested values		Hospital Value	Description	4
PV1-36	3	35			01	Discharged to home or self care (routine discharge)	2
PV1-36	4	35	01	Discharged to home or self care (routine discharge)			4
PV1-36	5	35	02	Discharged/transferred to a short-term general hospital for inpatient care			4
PV1-36	6	35	03	Discharged/transferred to skilled nursing facility (SNF) with Medicare certification.			4
PV1-36	7	35	04	Discharged/transferred to an intermediate care facility (ICF)			4
PV1-36	8	35	05	Discharged/transferred to another type of institution not defined elsewhere in this code list			4
PV1-36	9	35	06	Discharged/transferred to home under care of organized home health service organization			4
PV1-36	10	35	07	Left against medical advice or discontinued care			4
PV1-36	11	35	08	Discharged/transferred to home under care of a Home IV provider			4
PV1-36	12	35	09	Admitted as an inpatient to this hospital			4
PV1-36	13	35	20	Expired			4
PV1-36	14	35	30	Still Patient			4
PV1-36	15	35	40	Expired at home			4
PV1-36	16	35	41	Expired in a medical facility (e.g. hospital, SNF, ICF, or free standing hospice)			4
PV1-36	17	35	42	Expired - place unknown			4
PV1-36	18	35	43	Discharged/transferred to a federal health care facility. (Effective 10/1/03)			4
PV1-36	19	35	50	Hospice - home			4
PV1-36	20	35	51	Hospice - medical facility			4
PV1-36	21	35	61	Discharged/transferred to hospital-based Medicare approved swing bed			4
PV1-36	22	35	62	Discharged/transferred to an inpatient rehabilitation facility (IRF) including rehabilitation distinct part units of a hospital. (Effective retroactive to 1/1/02.)			4
PV1-36	23	35	63	Discharged/transferred to a Medicare certified long term care hospital (LTCH).(Effective 5/9/02.)			4
PV1-36	24	35	64	Discharged/transferred to a nursing facility certified under Medicaid but not certified under Medicare. (Effective 10/1/02.)			4
PV1-36	25	35	65	Discharged/transferred to a psychiatric hospital or psychiatric distinct part unit of a hospital. (Effective 4/1/04)			4
PV1-36	26	35	66	Discharged/transferred to a Critical Access Hospital (CAH). (Effective 1/1/06)			4
IN1-17	2	39	MiHIN Value	Description	Hospital Value		4
IN1-17	3	39	FTH	Father 	F		2
IN1-17	4	39	ASC	Associate			4
IN1-17	5	39	BRO	Brother 			4
IN1-17	6	39	CGV	Care giver 			4
IN1-17	7	39	CHD	Child			4
IN1-17	8	39	DEP	Handicapped dependant			4
IN1-17	9	39	DOM	Life partner			4
IN1-17	10	39	EMC	Emergency contact			4
IN1-17	11	39	EME	Employee			4
IN1-17	12	39	EMR	Employer			4
IN1-17	13	39	EXF	Extended family			4
IN1-17	14	39	FCH	Foster child 			4
IN1-17	15	39	FND	Friend			4
IN1-17	16	39	FTH	Father 			4
IN1-17	17	39	GCH	Grandchild			4
IN1-17	18	39	GRD	Guardian 			4
IN1-17	19	39	GRP	Grandparent 			4
IN1-17	20	39	MGR	Manager			4
IN1-17	21	39	MTH	Mother 			4
IN1-17	22	39	NCH	Natural child			4
IN1-17	23	39	NON	None			4
IN1-17	24	39	OAD	Other adult			4
IN1-17	25	39	OTH	Other 			4
IN1-17	26	39	OWN	Owner			4
IN1-17	27	39	PAR	Parent 			4
IN1-17	28	39	SCH	Stepchild 			4
IN1-17	29	39	SEL	Self			4
IN1-17	30	39	SIB	Sibling 			4
IN1-17	31	39	SIS	Sister 			4
IN1-17	32	39	SPO	Spouse			4
IN1-17	33	39	TRA	Trainer			4
IN1-17	34	39	UNK	Unknown			4
IN1-17	35	39	WRD	Ward of court			4
IN1-17	36	39	AUN	Aunt 			4
IN1-17	37	39	DAU	Daughter			4
IN1-17	38	39	EXS	Ex Spouse 			4
IN1-17	39	39	EXH	Ex-husband			4
IN1-17	40	39	EXW	Ex-wife 			4
IN1-17	41	39	INL	In Law 			4
IN1-17	42	39	LEG	Legal Guardian 			4
IN1-17	43	39	SON	Son (S)			4
IN1-17	44	39	STP	Step Parent (STP)			4
IN1-17	45	39	STS	Step Sibling			4
IN1-17	46	39	UN	Uncle (UN)			4
IN1	2	42	IN1-3 Value	IN1-4 Value	Payer		4
IN1	3	42	1001	BCN	BCBSM		2
IN1	4	42	AUT	AAA 	Managed Care		0
IN1	5	42	CCI	AARP	Managed Care		0
IN1	6	42	CI	AARP	Managed Care		0
IN1	7	42	MAB	AARP	Managed Care		0
IN1	8	42	MAI	AARP	Other		0
IN1	9	42	MBI	AARP	Other		0
IN1	10	42	MCI	AARP	Managed Care		0
IN1	11	42	MIP	AARP	Managed Care		0
IN1	12	42	MRI	AARP	Managed Care		0
IN1	13	42	OPI	AARP	Other		0
IN1	14	42	VAC	AARP	Managed Care		0
IN1	15	42	VAI	AARP	Other		0
IN1	16	42	VBI	AARP	Other		0
IN1	17	42	VDI	AARP	Managed Care		0
IN1	18	42	VRI	AARP	Managed Care		0
IN1	19	42	CCI	Aetna	Managed Care		0
IN1	20	42	CI	Aetna	Managed Care		0
IN1	21	42	MAB	Aetna	Managed Care		0
IN1	22	42	MAI	Aetna	Other		0
IN1	23	42	MBI	Aetna	Other		0
IN1	24	42	MCI	Aetna	Managed Care		0
IN1	25	42	MIP	Aetna	Managed Care		0
IN1	26	42	MRA	Aetna	Managed Care		0
IN1	27	42	MRI	Aetna	Managed Care		0
IN1	28	42	OPI	Aetna	Other		0
IN1	29	42	VAC	Aetna	Managed Care		0
IN1	30	42	VAI	Aetna	Other		0
IN1	31	42	VBI	Aetna	Other		0
IN1	32	42	VDI	Aetna	Managed Care		0
IN1	33	42	VRI	Aetna	Managed Care		0
IN1	34	42	MAI	AFLAC Medicare Supplement	Other		0
IN1	35	42	MBI	AFLAC Medicare Supplement	Other		0
IN1	36	42	MCI	AFLAC Medicare Supplement	Managed Care		0
IN1	37	42	MRI	AFLAC Medicare Supplement	Managed Care		0
IN1	38	42	AUT	Allstate 	Managed Care		0
IN1	39	42	CI	Allstate 	Managed Care		0
IN1	40	42	MAI	America's Choice 	Other		0
IN1	41	42	MBI	America's Choice 	Other		0
IN1	42	42	MBI	American Continental Ins Co. -Aetna	Other		0
IN1	43	42	MAI	American Insurance Company	Other		0
IN1	44	42	MBI	American Insurance Company	Other		0
IN1	45	42	MCI	American Insurance Company	Managed Care		0
IN1	46	42	MRI	American Insurance Company	Managed Care		0
IN1	47	42	MCI	Anthem BCBS of Ohio	Managed Care		0
IN1	48	42	MIP	Anthem BCBS of Ohio	Managed Care		0
IN1	49	42	VCI	Anthem BCBS of Ohio	Managed Care		0
IN1	50	42	VRI	Anthem BCBS of Ohio	Managed Care		0
IN1	51	42	MBI	APWU Health Plan	Other		0
IN1	52	42	CI	ASR Insurance	Managed Care		0
IN1	53	42	MCL	ASR Insurance	Managed Care		0
IN1	54	42	MMA	ASR Insurance	Managed Care		0
IN1	55	42	VAC	ASR Insurance	Managed Care		0
IN1	56	42	VAI	ASR Insurance	Other		0
IN1	57	42	VDI	ASR Insurance	Managed Care		0
IN1	58	42	VRI	ASR Insurance	Managed Care		0
IN1	59	42	AUT	AUTO OWNERS	Managed Care		0
IN1	60	42	CI	AUTO OWNERS	Managed Care		0
IN1	61	42	MAI	Banker's Life and Casualty	Other		0
IN1	62	42	MBI	Banker's Life and Casualty	Other		0
IN1	63	42	VAC	Banker's Life and Casualty	Managed Care		0
IN1	64	42	VAI	Banker's Life and Casualty	Other		0
IN1	65	42	VBI	Banker's Life and Casualty	Other		0
IN1	66	42	VDI	Banker's Life and Casualty	Managed Care		0
IN1	67	42	VRI	Banker's Life and Casualty	Managed Care		0
IN1	68	42	MAI	Bankers Fidelity	Other		0
IN1	69	42	MBI	Bankers Fidelity	Other		0
IN1	70	42	MAB	BCBS Medicare Advantage PPO	Managed Care		0
IN1	71	42	MIP	BCBS Medicare Advantage PPO	Managed Care		0
IN1	72	42	MRA	BCBS Medicare Advantage PPO	Managed Care		0
IN1	73	42	MRI	BCBS Medicare Advantage PPO	Managed Care		0
IN1	74	42	VRA	BCBS Medicare Advantage PPO	Managed Care		0
IN1	75	42	BCL	Blue Care Network	Managed Care		0
IN1	76	42	CCI	Blue Care Network	Managed Care		0
IN1	77	42	CI	Blue Care Network	Managed Care		0
IN1	78	42	MAB	Blue Care Network	Managed Care		0
IN1	79	42	MAI	Blue Care Network	Other		0
IN1	80	42	MBI	Blue Care Network	Other		0
IN1	81	42	MCI	Blue Care Network	Managed Care		0
IN1	82	42	MCL	Blue Care Network	Managed Care		0
IN1	83	42	MIP	Blue Care Network	Managed Care		0
IN1	84	42	MRI	Blue Care Network	Managed Care		0
IN1	85	42	VAB	Blue Care Network	Medicare B		0
IN1	86	42	VBI	Blue Care Network	Other		0
IN1	87	42	VCI	Blue Care Network	Managed Care		0
IN1	88	42	VRA	Blue Care Network	Managed Care		0
IN1	89	42	MAB	Blue Care Network Advantage 	Managed Care		0
IN1	90	42	MIP	Blue Care Network Advantage 	Managed Care		0
IN1	91	42	MRA	Blue Care Network Advantage 	Managed Care		0
IN1	92	42	MRI	Blue Care Network Advantage 	Managed Care		0
IN1	93	42	VAB	Blue Care Network Advantage 	Medicare B		0
IN1	94	42	VRA	Blue Care Network Advantage 	Managed Care		0
IN1	95	42	CCI	Blue Cross Blue Shield of Michigan	Managed Care		0
IN1	96	42	CI	Blue Cross Blue Shield of Michigan	Managed Care		0
IN1	97	42	MAI	Blue Cross Blue Shield of Michigan	Other		0
IN1	98	42	MBC	Blue Cross Blue Shield of Michigan	Managed Care		0
IN1	99	42	MBI	Blue Cross Blue Shield of Michigan	Other		0
IN1	100	42	MCI	Blue Cross Blue Shield of Michigan	Managed Care		0
IN1	101	42	MIP	Blue Cross Blue Shield of Michigan	Managed Care		0
IN1	102	42	MRI	Blue Cross Blue Shield of Michigan	Managed Care		0
IN1	103	42	OPI	Blue Cross Blue Shield of Michigan	Other		0
IN1	104	42	VAC	Blue Cross Blue Shield of Michigan	Managed Care		0
IN1	105	42	VAI	Blue Cross Blue Shield of Michigan	Other		0
IN1	106	42	VBI	Blue Cross Blue Shield of Michigan	Other		0
IN1	107	42	VCI	Blue Cross Blue Shield of Michigan	Managed Care		0
IN1	108	42	VDI	Blue Cross Blue Shield of Michigan	Managed Care		0
IN1	109	42	VRI	Blue Cross Blue Shield of Michigan	Managed Care		0
IN1	110	42	MAI	Central States Indemnity Co. of Omaha	Other		0
IN1	111	42	MCI	Central States Indemnity Co. of Omaha	Managed Care		0
IN1	112	42	CCI	Champus	Managed Care		0
IN1	113	42	CI	Champus	Managed Care		0
IN1	114	42	MAB	Champus	Managed Care		0
IN1	115	42	MAI	Champus	Other		0
IN1	116	42	MBI	Champus	Other		0
IN1	117	42	MCI	Champus	Managed Care		0
IN1	118	42	MRA	Champus	Managed Care		0
IN1	119	42	MRI	Champus	Managed Care		0
IN1	120	42	OPI	Champus	Other		0
IN1	121	42	CCI	CIGNA	Managed Care		0
IN1	122	42	CI	CIGNA	Managed Care		0
IN1	123	42	MAB	CIGNA	Managed Care		0
IN1	124	42	MAI	CIGNA	Other		0
IN1	125	42	MBI	CIGNA	Other		0
IN1	126	42	MCI	CIGNA	Managed Care		0
IN1	127	42	MCL	CIGNA	Managed Care		0
IN1	128	42	MIP	CIGNA	Managed Care		0
IN1	129	42	MRI	CIGNA	Managed Care		0
IN1	130	42	OPI	CIGNA	Other		0
IN1	131	42	CI	CIGNA INS 	Managed Care		0
IN1	132	42	MCL	CIGNA INS 	Managed Care		0
IN1	133	42	CI	Cigna Insurance	Managed Care		0
IN1	134	42	MAI	Colonial Penn Life Ins Co	Other		0
IN1	135	42	MBI	Colonial Penn Life Ins Co	Other		0
IN1	136	42	MCI	Colonial Penn Life Ins Co	Managed Care		0
IN1	137	42	MRI	Colonial Penn Life Ins Co	Managed Care		0
IN1	138	42	MAI	Combined Insurance Co 	Other		0
IN1	139	42	MBI	Combined Insurance Co 	Other		0
IN1	140	42	MAI	Combined Insurance Co of Americia	Other		0
IN1	141	42	MBI	Combined Insurance Co of Americia	Other		0
IN1	142	42	MCI	Combined Insurance Co of Americia	Managed Care		0
IN1	143	42	MRI	Combined Insurance Co of Americia	Managed Care		0
IN1	144	42	CCI	Conseco Health Ins	Managed Care		0
IN1	145	42	CI	Conseco Health Ins	Managed Care		0
IN1	146	42	MAB	Conseco Health Ins	Managed Care		0
IN1	147	42	MAI	Conseco Health Ins	Other		0
IN1	148	42	MBI	Conseco Health Ins	Other		0
IN1	149	42	MCI	Conseco Health Ins	Managed Care		0
IN1	150	42	MRI	Conseco Health Ins	Managed Care		0
IN1	151	42	OPI	Conseco Health Ins	Other		0
IN1	152	42	CCI	Constitution Life Insurance Company	Managed Care		0
IN1	153	42	MAI	Constitution Life Insurance Company	Other		0
IN1	154	42	MBI	Constitution Life Insurance Company	Other		0
IN1	155	42	MCI	Constitution Life Insurance Company	Managed Care		0
IN1	156	42	MRI	Constitution Life Insurance Company	Managed Care		0
IN1	157	42	CCI	Continental General Insurance 	Managed Care		0
IN1	158	42	MAI	Continental General Insurance 	Other		0
IN1	159	42	MBI	Continental General Insurance 	Other		0
IN1	160	42	MCI	Continental General Insurance 	Managed Care		0
IN1	161	42	MIP	Continental General Insurance 	Managed Care		0
IN1	162	42	MRI	Continental General Insurance 	Managed Care		0
IN1	163	42	MAI	Continental Life Insurance Company-TN	Other		0
IN1	164	42	MBI	Continental Life Insurance Company-TN	Other		0
IN1	165	42	CCI	CoreSource through Mueller Industries, Inc	Managed Care		0
IN1	166	42	MBI	CSA Fraternal Life	Other		0
IN1	167	42	MAI	CSI - CENTRAL STATES INDEMNITY INS	Other		0
IN1	168	42	MBI	CSI - CENTRAL STATES INDEMNITY INS	Other		0
IN1	169	42	MCI	CSI - CENTRAL STATES INDEMNITY INS	Managed Care		0
IN1	170	42	MRI	CSI - CENTRAL STATES INDEMNITY INS	Managed Care		0
IN1	171	42	CCI	CSO Admin by Philadelphia American	Managed Care		0
IN1	172	42	MAB	CSO Admin by Philadelphia American	Managed Care		0
IN1	173	42	MAI	CSO Admin by Philadelphia American	Other		0
IN1	174	42	MBI	CSO Admin by Philadelphia American	Other		0
IN1	175	42	MRI	CSO Admin by Philadelphia American	Managed Care		0
IN1	176	42	VA	Department of Veterans Affairs VAMC515	Managed Care		0
IN1	177	42	CI	EDWARD HINES VA HOSPITAL	Managed Care		0
IN1	178	42	VA	EDWARD HINES VA HOSPITAL	Managed Care		0
IN1	179	42	AUT	Elco Auto Insurance	Managed Care		0
IN1	180	42	HM	Emmanuel Hospice	Other		0
IN1	181	42	MAI	Equitable Life & Casualty	Other		0
IN1	182	42	MBI	Equitable Life & Casualty	Other		0
IN1	183	42	MAI	Equitable Life and Casuality 	Other		0
IN1	184	42	MBI	Equitable Life and Casuality 	Other		0
IN1	185	42	HM	Faith Hospice of Holland Home	Other		0
IN1	186	42	HP	Faith Hospice of Holland Home	Other		0
IN1	187	42	HRM	Faith Hospice of Holland Home	Other		0
IN1	188	42	HRP	Faith Hospice of Holland Home	Other		0
IN1	189	42	VHO	Faith Hospice of Holland Home	Other		0
IN1	190	42	MAI	Family Life 	Other		0
IN1	191	42	MAB	Fidelis	Managed Care		0
IN1	192	42	MIP	Fidelis	Managed Care		0
IN1	193	42	MRA	Fidelis	Managed Care		0
IN1	194	42	VRI	Fidelis	Managed Care		0
IN1	195	42	MCL	Frankenmuth	Managed Care		0
IN1	196	42	AUT	Frankenmuth Auto Insurance	Managed Care		0
IN1	197	42	MRA	FREEDOM HEALTH	Managed Care		0
IN1	198	42	AUT	Fremont Auto Insurance	Managed Care		0
IN1	199	42	MAI	GEHA Insurance	Other		0
IN1	200	42	MBI	GEHA Insurance	Other		0
IN1	201	42	AUT	Geico Insurance	Managed Care		0
IN1	202	42	HM	Gentiva Hospice	Other		0
IN1	203	42	HRM	Gentiva Hospice	Other		0
IN1	204	42	VHO	Gentiva Hospice	Other		0
IN1	205	42	MAI	Gerber Life Insurance	Other		0
IN1	206	42	MBI	Gerber Life Insurance	Other		0
IN1	207	42	MCI	Gerber Life Insurance	Managed Care		0
IN1	208	42	MRI	Gerber Life Insurance	Managed Care		0
IN1	209	42	HM	Grace Hospice	Other		0
IN1	210	42	HRM	Grace Hospice	Other		0
IN1	211	42	HRP	Grace Hospice	Other		0
IN1	212	42	VHO	Grace Hospice	Other		0
IN1	213	42	HM	Great Lakes Hospice/In House	Other		0
IN1	214	42	HP	Great Lakes Hospice/In House	Other		0
IN1	215	42	HRM	Great Lakes Hospice/In House	Other		0
IN1	216	42	HRP	Great Lakes Hospice/In House	Other		0
IN1	217	42	VHO	Great Lakes Hospice/In House	Other		0
IN1	218	42	HM	Harbor Hospice	Other		0
IN1	219	42	HP	Harbor Hospice	Other		0
IN1	220	42	HRM	Harbor Hospice	Other		0
IN1	221	42	HRP	Harbor Hospice	Other		0
IN1	222	42	VHO	Harbor Hospice	Other		0
IN1	223	42	AUT	Hartford Auto Managed Care	Managed Care		0
IN1	224	42	MAI	Health Alliance Plan	Other		0
IN1	225	42	MCI	Health Alliance Plan	Managed Care		0
IN1	226	42	VBI	Health Alliance Plan	Other		0
IN1	227	42	HP	Health Plan of Michigan	Other		0
IN1	228	42	MAI	Health Plan of Michigan	Other		0
IN1	229	42	MCL	Health Plan of Michigan	Managed Care		0
IN1	230	42	MMA	Health Plan of Michigan	Managed Care		0
IN1	231	42	VAC	Health Plan of Michigan	Managed Care		0
IN1	232	42	VAI	Health Plan of Michigan	Other		0
IN1	233	42	VBI	Health Plan of Michigan	Other		0
IN1	234	42	VCI	Health Plan of Michigan	Managed Care		0
IN1	235	42	VRI	Health Plan of Michigan	Managed Care		0
IN1	236	42	MAB	Health Plus Medicare Advantage	Managed Care		0
IN1	237	42	MRA	Health Plus Medicare Advantage	Managed Care		0
IN1	238	42	VAB	Health Plus Medicare Advantage	Medicare B		0
IN1	239	42	VRA	Health Plus Medicare Advantage	Managed Care		0
IN1	240	42	HM	Heartland Hospice 	Other		0
IN1	241	42	HP	Heartland Hospice 	Other		0
IN1	242	42	HRM	Heartland Hospice 	Other		0
IN1	243	42	HRP	Heartland Hospice 	Other		0
IN1	244	42	VHO	Heartland Hospice 	Other		0
IN1	245	42	HM	Hospice of Michigan	Other		0
IN1	246	42	HP	Hospice of Michigan	Other		0
IN1	247	42	HRM	Hospice of Michigan	Other		0
IN1	248	42	HRP	Hospice of Michigan	Other		0
IN1	249	42	VHO	Hospice of Michigan	Other		0
IN1	250	42	MAB	Humana	Managed Care		0
IN1	251	42	MAI	Humana	Other		0
IN1	252	42	MBI	Humana	Other		0
IN1	253	42	MHA	Humana	Managed Care		0
IN1	254	42	MIP	Humana	Managed Care		0
IN1	255	42	MRA	Humana	Managed Care		0
IN1	256	42	MRI	Humana	Managed Care		0
IN1	257	42	HM	Ionia Hospice	Other		0
IN1	258	42	HP	Ionia Hospice	Other		0
IN1	259	42	HRM	Ionia Hospice	Other		0
IN1	260	42	HRP	Ionia Hospice	Other		0
IN1	261	42	VHO	Ionia Hospice	Other		0
IN1	262	42	AUT	Liberty Mutual	Managed Care		0
IN1	263	42	MAI	Lincoln Heritage Life Ins	Other		0
IN1	264	42	MBI	Lincoln Heritage Life Ins	Other		0
IN1	265	42	MCI	Lincoln Heritage Life Ins	Managed Care		0
IN1	266	42	MRI	Lincoln Heritage Life Ins	Managed Care		0
IN1	267	42	MAI	Lineco 	Other		0
IN1	268	42	MBI	Lineco 	Other		0
IN1	269	42	MAI	Loyal American Life Ins	Other		0
IN1	270	42	MBI	Loyal American Life Ins	Other		0
IN1	271	42	MCI	Loyal American Life Ins	Managed Care		0
IN1	272	42	MRI	Loyal American Life Ins	Managed Care		0
IN1	273	42	MAI	Mail Handlers MHBP	Other		0
IN1	274	42	MBI	Mail Handlers MHBP	Other		0
IN1	275	42	AUT	Manageable Auto Ins	Managed Care		0
IN1	276	42	MAI	Manhattan Life Ins Co	Other		0
IN1	277	42	MBI	Manhattan Life Ins Co	Other		0
IN1	278	42	MMA	McLaren Health Plan	Managed Care		0
IN1	279	42	VAC	McLaren Health Plan	Managed Care		0
IN1	280	42	VBI	McLaren Health Plan	Other		0
IN1	281	42	VCI	McLaren Health Plan	Managed Care		0
IN1	282	42	VDI	McLaren Health Plan	Managed Care		0
IN1	283	42	VRI	McLaren Health Plan	Managed Care		0
IN1	284	42	HMP	McLaren Health Plan HMP	Managed Care		0
IN1	285	42	VCI	McLaren Health Plan HMP	Managed Care		0
IN1	286	42	CCI	Medicaid	Managed Care		0
IN1	287	42	CCM	Medicaid	Medicaid		0
IN1	288	42	IOM	Medicaid	Medicaid		0
IN1	289	42	MA	Medicaid	Medicaid		0
IN1	290	42	MAM	Medicaid	Medicaid		0
IN1	291	42	MAU	Medicaid	Medicaid		0
IN1	292	42	MBI	Medicaid	Other		0
IN1	293	42	MBM	Medicaid	Medicaid		0
IN1	294	42	MCM	Medicaid	Medicaid		0
IN1	295	42	MI	Medicaid	Medicaid		0
IN1	296	42	MRM	Medicaid	Managed Care		0
IN1	297	42	MT	Medicaid	Medicaid		0
IN1	298	42	OPM	Medicaid	Medicaid		0
IN1	299	42	VAM	Medicaid Vent	Medicaid		0
IN1	300	42	VBM	Medicaid Vent	Medicaid		0
IN1	301	42	VCM	Medicaid Vent	Medicaid		0
IN1	302	42	VDM	Medicaid Vent	Medicaid		0
IN1	303	42	VMA	Medicaid Vent	Medicaid		0
IN1	304	42	VRM	Medicaid Vent	Managed Care		0
IN1	305	42	CCI	Medicare	Managed Care		0
IN1	306	42	MCA	Medicare	Medicare A		0
IN1	307	42	MCB	Medicare	Medicare B		0
IN1	308	42	VMB	Medicare	Medicare B		0
IN1	309	42	VMC	Medicare	Medicare A		0
IN1	310	42	MAI	Medico Ins Co	Other		0
IN1	311	42	MBI	Medico Ins Co	Other		0
IN1	312	42	MCI	Medico Ins Co	Managed Care		0
IN1	313	42	MRA	Medico Ins Co	Managed Care		0
IN1	314	42	MRI	Medico Ins Co	Managed Care		0
IN1	315	42	AUT	Meemic Auto Insurance Co	Managed Care		0
IN1	316	42	HM	Mercy North Home Care and Hospice 	Other		0
IN1	317	42	HRM	Mercy North Home Care and Hospice 	Other		0
IN1	318	42	MAI	Meridian Health Plan 	Other		0
IN1	319	42	MHP	Meridian Health Plan 	Managed Care		0
IN1	320	42	MMA	Meridian Health Plan 	Managed Care		0
IN1	321	42	VAC	Meridian Health Plan 	Managed Care		0
IN1	322	42	VAI	Meridian Health Plan 	Other		0
IN1	323	42	VBI	Meridian Health Plan 	Other		0
IN1	324	42	VCI	Meridian Health Plan 	Managed Care		0
IN1	325	42	VDI	Meridian Health Plan 	Managed Care		0
IN1	326	42	VRI	Meridian Health Plan 	Managed Care		0
IN1	327	42	HMP	Meridian Health Plan HMP	Managed Care		0
IN1	328	42	VCI	Meridian Health Plan HMP	Managed Care		0
IN1	329	42	HP	Meritain Health	Other		0
IN1	330	42	MAB	Meritain Health	Managed Care		0
IN1	331	42	MBI	Meritain Health	Other		0
IN1	332	42	MCL	Meritain Health	Managed Care		0
IN1	333	42	MMA	Meritain Health	Managed Care		0
IN1	334	42	VDI	Meritain Health	Managed Care		0
IN1	335	42	VRI	Meritain Health	Managed Care		0
IN1	336	42	CI	Meritan TPA	Managed Care		0
IN1	337	42	MCL	Meritan TPA	Managed Care		0
IN1	338	42	HP	Molina Health Care of Michigan	Other		0
IN1	339	42	MAB	Molina Health Care of Michigan	Managed Care		0
IN1	340	42	MAI	Molina Health Care of Michigan	Other		0
IN1	341	42	MCI	Molina Health Care of Michigan	Managed Care		0
IN1	342	42	MCL	Molina Health Care of Michigan	Managed Care		0
IN1	343	42	MM	Molina Health Care of Michigan	Managed Care		0
IN1	344	42	MRA	Molina Health Care of Michigan	Managed Care		0
IN1	345	42	VAC	Molina Health Care of Michigan	Managed Care		0
IN1	346	42	VAI	Molina Health Care of Michigan	Other		0
IN1	347	42	VBI	Molina Health Care of Michigan	Other		0
IN1	348	42	VCI	Molina Health Care of Michigan	Managed Care		0
IN1	349	42	VDI	Molina Health Care of Michigan	Managed Care		0
IN1	350	42	VRI	Molina Health Care of Michigan	Managed Care		0
IN1	351	42	HMP	Molina Healthcare HMP	Managed Care		0
IN1	352	42	MAI	Molina Healthcare HMP	Other		0
IN1	353	42	MMA	Molina Healthcare HMP	Managed Care		0
IN1	354	42	VCI	Molina Healthcare HMP	Managed Care		0
IN1	355	42	MAB	Molina Medicare 	Managed Care		0
IN1	356	42	MIP	Molina Medicare 	Managed Care		0
IN1	357	42	MRA	Molina Medicare 	Managed Care		0
IN1	358	42	CCI	Mutual of Omaha	Managed Care		0
IN1	359	42	MAI	Mutual of Omaha	Other		0
IN1	360	42	MBI	Mutual of Omaha	Other		0
IN1	361	42	MCI	Mutual of Omaha	Managed Care		0
IN1	362	42	MRI	Mutual of Omaha	Managed Care		0
IN1	363	42	MAI	Nat'l Assoc Letter Carrier NO 1	Other		0
IN1	364	42	MBI	Nat'l Assoc Letter Carrier NO 1	Other		0
IN1	365	42	VA	NORTHERN INDIANA VA	Managed Care		0
IN1	366	42	CCI	OHIO COMP INS	Managed Care		0
IN1	367	42	CI	OHIO COMP INS	Managed Care		0
IN1	368	42	HMP	PHP-Family Care HMP	Managed Care		0
IN1	369	42	AUT	Pioneer Mutual	Managed Care		0
IN1	370	42	CI	Planned Administrator Incorp	Managed Care		0
IN1	371	42	MAI	Planned Administrator Incorp	Other		0
IN1	372	42	MBI	Planned Administrator Incorp	Other		0
IN1	373	42	MCI	Planned Administrator Incorp	Managed Care		0
IN1	374	42	MRI	Planned Administrator Incorp	Managed Care		0
IN1	375	42	HMP	Priority Health Choice HMP	Managed Care		0
IN1	376	42	MAI	Priority Health HMO 	Other		0
IN1	377	42	MBI	Priority Health HMO 	Other		0
IN1	378	42	MCI	Priority Health HMO 	Managed Care		0
IN1	379	42	MCL	Priority Health HMO 	Managed Care		0
IN1	380	42	MIP	Priority Health HMO 	Managed Care		0
IN1	381	42	MRA	Priority Health HMO 	Managed Care		0
IN1	382	42	MRI	Priority Health HMO 	Managed Care		0
IN1	383	42	PHL	Priority Health HMO 	Managed Care		0
IN1	384	42	VAC	Priority Health HMO 	Managed Care		0
IN1	385	42	VAI	Priority Health HMO 	Other		0
IN1	386	42	VBI	Priority Health HMO 	Other		0
IN1	387	42	VCI	Priority Health HMO 	Managed Care		0
IN1	388	42	VRI	Priority Health HMO 	Managed Care		0
IN1	389	42	MAI	Priority Health Medicaid	Other		0
IN1	390	42	MCI	Priority Health Medicaid	Managed Care		0
IN1	391	42	MCL	Priority Health Medicaid	Managed Care		0
IN1	392	42	PHM	Priority Health Medicaid	Managed Care		0
IN1	393	42	VBI	Priority Health Medicaid	Other		0
IN1	394	42	MAB	Priority Health Medicare Advantage	Managed Care		0
IN1	395	42	MCL	Priority Health Medicare Advantage	Managed Care		0
IN1	396	42	MIP	Priority Health Medicare Advantage	Managed Care		0
IN1	397	42	MRA	Priority Health Medicare Advantage	Managed Care		0
IN1	398	42	PH	Priority Health Medicare Advantage	Managed Care		0
IN1	399	42	PHB	Priority Health Medicare Advantage	Managed Care		0
IN1	400	42	VAB	Priority Health Medicare Advantage	Medicare B		0
IN1	401	42	VAN	Priority Health Medicare Advantage	Managed Care		0
IN1	402	42	VRA	Priority Health Medicare Advantage	Managed Care		0
IN1	403	42	CCI	Priority Health Plan	Managed Care		0
IN1	404	42	MAI	Priority Health Plan	Other		0
IN1	405	42	MBI	Priority Health Plan	Other		0
IN1	406	42	MCI	Priority Health Plan	Managed Care		0
IN1	407	42	MCL	Priority Health Plan	Managed Care		0
IN1	408	42	MIP	Priority Health Plan	Managed Care		0
IN1	409	42	MRI	Priority Health Plan	Managed Care		0
IN1	410	42	PHB	Priority Health Plan	Managed Care		0
IN1	411	42	PHL	Priority Health Plan	Managed Care		0
IN1	412	42	VAC	Priority Health Plan	Managed Care		0
IN1	413	42	VAI	Priority Health Plan	Other		0
IN1	414	42	VBI	Priority Health Plan	Other		0
IN1	415	42	VCI	Priority Health Plan	Managed Care		0
IN1	416	42	VDI	Priority Health Plan	Managed Care		0
IN1	417	42	VRI	Priority Health Plan	Managed Care		0
IN1	418	42	MAB	Priority Health PPO	Managed Care		0
IN1	419	42	MCI	Priority Health PPO	Managed Care		0
IN1	420	42	MCL	Priority Health PPO	Managed Care		0
IN1	421	42	MIP	Priority Health PPO	Managed Care		0
IN1	422	42	PHL	Priority Health PPO	Managed Care		0
IN1	423	42	VAC	Priority Health PPO	Managed Care		0
IN1	424	42	VAI	Priority Health PPO	Other		0
IN1	425	42	VBI	Priority Health PPO	Other		0
IN1	426	42	VCI	Priority Health PPO	Managed Care		0
IN1	427	42	VRI	Priority Health PPO	Managed Care		0
IN1	428	42	MAI	Professional Benefits Services	Other		0
IN1	429	42	AUT	Progressive Auto Insurance	Managed Care		0
IN1	430	42	MAB	Royal Neighbors of America	Managed Care		0
IN1	431	42	MAI	Royal Neighbors of America	Other		0
IN1	432	42	MBI	Royal Neighbors of America	Other		0
IN1	433	42	MRA	Royal Neighbors of America	Managed Care		0
IN1	434	42	MRI	Royal Neighbors of America	Managed Care		0
IN1	435	42	MBI	Secure Horizons	Other		0
IN1	436	42	HM	Spectrum Health Hospice	Other		0
IN1	437	42	HP	Spectrum Health Hospice	Other		0
IN1	438	42	HRM	Spectrum Health Hospice	Other		0
IN1	439	42	HRP	Spectrum Health Hospice	Other		0
IN1	440	42	VHO	Spectrum Health Hospice	Other		0
IN1	441	42	MAI	Standard Life and Accident	Other		0
IN1	442	42	MBI	Standard Life and Accident	Other		0
IN1	443	42	MCI	Standard Life and Accident	Managed Care		0
IN1	444	42	MRI	Standard Life and Accident	Managed Care		0
IN1	445	42	AUT	State Auto Insurance	Managed Care		0
IN1	446	42	AUT	State Farm 	Managed Care		0
IN1	447	42	AUT	State Farm Auto Ins	Managed Care		0
IN1	448	42	MAI	State Farm Insurance	Other		0
IN1	449	42	MBI	State Farm Insurance	Other		0
IN1	450	42	MAB	Todays Options Plan	Managed Care		0
IN1	451	42	MRA	Todays Options Plan	Managed Care		0
IN1	452	42	CCI	Tricare for Life	Managed Care		0
IN1	453	42	MAI	Tricare for Life	Other		0
IN1	454	42	MBI	Tricare for Life	Other		0
IN1	455	42	MCI	Tricare for Life	Managed Care		0
IN1	456	42	MRI	Tricare for Life	Managed Care		0
IN1	457	42	MMA	UHC Medicaid Levels	Managed Care		0
IN1	458	42	UML	UHC Medicaid Levels	Managed Care		0
IN1	459	42	CCI	UniCare Insurance	Managed Care		0
IN1	460	42	CI	UniCare Insurance	Managed Care		0
IN1	461	42	MAB	UniCare Insurance	Managed Care		0
IN1	462	42	MAI	UniCare Insurance	Other		0
IN1	463	42	MBI	UniCare Insurance	Other		0
IN1	464	42	MCI	UniCare Insurance	Managed Care		0
IN1	465	42	MRI	UniCare Insurance	Managed Care		0
IN1	466	42	OPI	UniCare Insurance	Other		0
IN1	467	42	MAI	Union Bankers	Other		0
IN1	468	42	MBI	Union Bankers	Other		0
IN1	469	42	MCI	Union Bankers	Managed Care		0
IN1	470	42	MRI	Union Bankers	Managed Care		0
IN1	471	42	MBI	United American Ins Co	Other		0
IN1	472	42	MCI	United American Ins Co	Managed Care		0
IN1	473	42	MAI	United American Insurance Company	Other		0
IN1	474	42	MBI	United American Insurance Company	Other		0
IN1	475	42	MCI	United American Insurance Company	Managed Care		0
IN1	476	42	MIP	United American Insurance Company	Managed Care		0
IN1	477	42	MAB	United Commercial Travelers of America	Managed Care		0
IN1	478	42	MAI	United Commercial Travelers of America	Other		0
IN1	479	42	MBI	United Commercial Travelers of America	Other		0
IN1	480	42	MMA	United Health Care Family Medicaid HMO	Managed Care		0
IN1	481	42	VDI	United Health Care Family Medicaid HMO	Managed Care		0
IN1	482	42	HMP	United Health Care HMP	Managed Care		0
IN1	483	42	VCI	United Health Care HMP	Managed Care		0
IN1	484	42	MMA	United Health Care Medicaid	Managed Care		0
IN1	485	42	UML	United Health Care Medicaid	Managed Care		0
IN1	486	42	VAI	United Health Care Medicaid	Other		0
IN1	487	42	VBI	United Health Care Medicaid	Other		0
IN1	488	42	VCI	United Health Care Medicaid	Managed Care		0
IN1	489	42	VDI	United Health Care Medicaid	Managed Care		0
IN1	490	42	MAI	United Health Care PPO	Other		0
IN1	491	42	MBI	United Health Care PPO	Other		0
IN1	492	42	CCI	United Healthcare Ins	Managed Care		0
IN1	493	42	CI	United Healthcare Ins	Managed Care		0
IN1	494	42	MAB	United Healthcare Ins	Managed Care		0
IN1	495	42	MAI	United Healthcare Ins	Other		0
IN1	496	42	MBI	United Healthcare Ins	Other		0
IN1	497	42	MCI	United Healthcare Ins	Managed Care		0
IN1	498	42	MIP	United Healthcare Ins	Managed Care		0
IN1	499	42	MRA	United Healthcare Ins	Managed Care		0
IN1	500	42	MRI	United Healthcare Ins	Managed Care		0
IN1	501	42	OPI	United Healthcare Ins	Other		0
IN1	502	42	VAC	United Healthcare Ins	Managed Care		0
IN1	503	42	VAI	United Healthcare Ins	Other		0
IN1	504	42	VBI	United Healthcare Ins	Other		0
IN1	505	42	VCI	United Healthcare Ins	Managed Care		0
IN1	506	42	VRI	United Healthcare Ins	Managed Care		0
IN1	507	42	MAB	United Healthcare Medicare	Managed Care		0
IN1	508	42	MRA	United Healthcare Medicare	Managed Care		0
IN1	509	42	VAB	United Healthcare Medicare	Medicare B		0
IN1	510	42	CI	United Medical Resources	Managed Care		0
IN1	511	42	MAI	United Medical Resources	Other		0
IN1	512	42	MBI	United Medical Resources	Other		0
IN1	513	42	MAI	United Teacher Association	Other		0
IN1	514	42	MBI	United Teacher Association	Other		0
IN1	515	42	CIR	US Department of Labor FECA Program	Managed Care		0
IN1	516	42	CIR	US Department of Labor-FECA Program	Managed Care		0
IN1	517	42	AUT	USAA	Managed Care		0
IN1	518	42	MAI	USAA Life Insurance Company	Other		0
IN1	519	42	MBI	USAA Life Insurance Company	Other		0
IN1	520	42	MCI	USAA Life Insurance Company	Managed Care		0
IN1	521	42	VA	Veterans Adminstration Ann Arbor	Managed Care		0
IN1	522	42	MBI	Washington National Ins Co	Other		0
IN1	523	42	MAI	WEA Trust	Other		0
IN1	524	42	MBI	WEA Trust	Other		0
IN1	525	42	MAI	WEB TPA	Other		0
IN1	526	42	MCI	WEB TPA	Managed Care		0
IN1	527	42	MRI	WEB TPA	Managed Care		0
IN1	528	42	MAI	West Michigan Plumbers Fitters & Service	Other		0
IN1	529	42	MBI	West Michigan Plumbers Fitters & Service	Other		0
IN1	530	42	MCI	West Michigan Plumbers Fitters & Service	Managed Care		0
IN1	531	42	MRI	West Michigan Plumbers Fitters & Service	Managed Care		0
