filename	0	0		2.0 Mapping Tables - Hospitals/Spectrum Health ADT 2.0 table 02-02-2022.xlsx			
MSH-4	2	1	Hospital Value	Description			4
MSH-4	3	1	2.16.840.1.113883.3.1481.1.2.2	Hospital Name			2
MSH-4	4	1	1.3.6.1.4.1.32898.1.4.2.10	Spectrum Health Grand Rapids Hospitals			00000000
MSH-4	5	1	1.3.6.1.4.1.32898.1.4.2.11	Butterworth Hospital			00000000
MSH-4	6	1	1.3.6.1.4.1.32898.1.4.2.12	Blodgett Hospital			00000000
MSH-4	7	1	1.3.6.1.4.1.32898.1.4.2.13	Helen DeVos Children's Hospital			00000000
MSH-4	8	1	1.3.6.1.4.1.32898.1.4.2.14	Meijer Heart Center			00000000
MSH-4	9	1	1.3.6.1.4.1.32898.1.4.2.20	Special Care Hospital			00000000
MSH-4	10	1	1.3.6.1.4.1.32898.1.4.2.40	Spectrum Health Gerber Memorial Hospital			00000000
MSH-4	11	1	1.3.6.1.4.1.32898.1.4.2.50	Spectrum Health United Hospital			00000000
MSH-4	12	1	1.3.6.1.4.1.32898.1.4.2.70	Spectrum Health Zeeland Hospital			00000000
MSH-4	13	1	1.3.6.1.4.1.32898.1.4.2.80	Spectrum Health Big Rapids Hospital			00000000
MSH-4	14	1	1.3.6.1.4.1.32898.1.4.2.90	Spectrum Health Ludington Hospital			00000000
MSH-4	15	1	1.3.6.1.4.1.32898.1.4.2.100	Spectrum Health Pennock Hospital			00000000
MSH-4	16	1	1.3.6.1.4.1.32898.1.4	Spectrum Health System			00000000
PID-8	2	3	MiHIN Value	Description	Hospital Value		4
PID-8	3	3	M	Male	M		2
PID-8	4	3	F	Female	F		4
PID-8	5	3	M	Male	M		4
PID-8	6	3	O	Other			4
PID-8	7	3	U	Unknown	U		4
PID-8	8	3	A	Ambiguous			4
PID-8	9	3	N	Not Applicable			4
PID-10	2	6	MiHIN Value	Description	Hospital Value		4
PID-10	3	6	2106-3	White	W		2
PID-10	4	6	1002-5	American Indian or Alaska Native	4, 1		4
PID-10	5	6	2028-9	Asian			4
PID-10	6	6	2054-5	Black or African American			4
PID-10	7	6	2076-8	Native Hawaiian or Other Pacific Islander			4
PID-10	8	6	2106-3	White	9, 8		4
PID-10	9	6	2131-1	Other Race	0, 3, 6, 7, A, L, C		4
PID-10	10	6	MR	Multi-Racial	2, G, J, K, M		4
PID-10	11	6	PR	Patient Refused 	N, X		4
PID-22	2	9	MiHIN Value	Description	Hospital Value		4
PID-22	3	9	H	Hispanic or Latino	Hisp		2
PID-22	4	9	H	Hispanic or Latino	H,25,26,27,45,46,47,48		4
PID-22	5	9	N	Not Hispanic or Latino	2		4
PID-22	6	9	U	Unknown	3,U,51		4
PID-22	7	9	D	Declined	D		4
PID-22	8	9	AN	Alaskan Native 			4
PID-22	9	9	AR	Arabic 	23		4
PID-22	10	9	AS	Asian 			4
PID-22	11	9	CA	Caucasian			4
PID-22	12	9	CHA	Chaldean 			4
PID-22	13	9	CHI	Chinese 	41		4
PID-22	14	9	DU	Dutch 			4
PID-22	15	9	EG	Egyptian 	14		4
PID-22	16	9	FR	French 			4
PID-22	17	9	GER	German 			4
PID-22	18	9	GRE	Greek 			4
PID-22	19	9	HA	Hawaiian 			4
PID-22	20	9	IRA	Iranian 	15		4
PID-22	21	9	IRQ	Iraqi 	16		4
PID-22	22	9	IRH	Irish 			4
PID-22	23	9	ITA	Italian 			4
PID-22	24	9	JA	Japanese 			4
PID-22	25	9	JE	Jewish 			4
PID-22	26	9	JO	Jordanian 			4
PID-22	27	9	KO	Korean 	40		4
PID-22	28	9	LE	Lebanese  	17		4
PID-22	29	9	MAC	Macedonian 			4
PID-22	30	9	ME	Middle Eastern	12		4
PID-22	31	9	MUL	Multi-Ethnic 			4
PID-22	32	9	NA	Native American			4
PID-22	33	9	O	Other 	6,7,9,10,13,18,19,20,21,22,24,28,29,30,31,32,33,34,35,37,38,39,42,43,44		4
PID-22	34	9	PO	Polish 			4
PID-22	35	9	RU	Russian 	11		4
PID-22	36	9	SC	Scottish 			4
PID-22	37	9	UK	Ukrainian 			4
PID-22	38	9	VIT	Vietnamese 	36		4
PID-30	2	12	MiHIN Value	Description	Hospital Value		4
PID-30	3	12	Y	Expired	E		2
PID-30	4	12	Y	Deceased/Yes	Y		4
PID-30	5	12	N	Not Deceased/No	N		4
DG1-6	2	15	MiHIN Value	Description	Hospital Value		4
DG1-6	3	15	A	Admitting	AD		2
DG1-6	4	15	A	Admitting	A		4
DG1-6	5	15	F	Final	F		4
DG1-6	6	15	W	Working 	W		4
DG1-6	7	15	O	Other	O, P, R, D, Visit Reason, Visit DX, Reason for Visit Comment, DX Text, Hospice DX, ER Chief Complaint, Princial Problem, DX Code, Active, Acute, Inactive, Temporary, Chronic, Act		4
PV1-2	2	18	MiHIN Value	Description	Hospital Value		4
PV1-2	3	18	E	Emergency	ER		2
PV1-2	4	18	B	Obstetrics			4
PV1-2	5	18	C	Commercial Account			4
PV1-2	6	18	E	Emergency	E, E-EMERGENCY		4
PV1-2	7	18	I	Inpatient	I, I-INPATIENT, Newborn, I-SWING INPT, I-LTAC INPT, IP Psych, I-NRS RES, Border Baby		4
PV1-2	8	18	N	Not Applicable	X, W, Organ Donor		4
PV1-2	9	18	O	Outpatient	O, O-OUTPATIENT, F-HOSPITAL O, O-HOME HEALT, DIALYSIS SER, THERAPIES SE, Treatment, O-SWING OUT, O-NUC MED, T-REHAB SERI, INFUSION SER, TRANSPLANT, O-Private Du, O-AUTOPSY, O-MCCM, O-TELEHEALTH, O-HOSPICE  O, Specimen, R-ACUTE R, 7-NEPHROLOGY, T-PULM REHAB, T-CARD REHAB, RADIATION/ON, X-RAD THRPY, O-HYPERBARIC, O-SUPPLEMENT, O-MAM PROG		4
PV1-2	10	18	P	Preadmit	P, P-PREADMIT		4
PV1-2	11	18	R	Recurring patient	R, Recurring		4
PV1-2	12	18	U	Unknown	L, H		4
PV1-2	13	18	IH	IP Hospice 	HSPC, I-HOSPICE IP		4
PV1-2	14	18	LO	Lab Only 			4
PV1-2	15	18	NB	Newborn	I-NEWBORN		4
PV1-2	16	18	OB	Observation 	2-OBSERVATIO		4
PV1-2	17	18	SN	Skilled Nursing 	I-SNF INPT, SNF IP		4
PV1-2	18	18	SA	Surgery Admit 	F-SURG ADMIT		4
PV1-4	2	21	MiHIN Value	Description	Hospital Value		4
PV1-4	3	21	E	Emergency	E		2
PV1-4	4	21	A	Accident	A		4
PV1-4	5	21	C	Elective	I, EL		4
PV1-4	6	21	E	Emergency	E, D, ER		4
PV1-4	7	21	L	Labor and Delivery			4
PV1-4	8	21	N	Newborn (Birth in healthcare facility)	N, NB		4
PV1-4	9	21	R	Routine			4
PV1-4	10	21	U	Urgent	U, UR		4
PV1-4	11	21	TC	Trauma Center 	T		4
PV1-4	12	21	O	Other	C, O, P, S, NA		4
PV1-14	2	24	MiHIN Value	Description	Hospital Value		4
PV1-14	3	24	2	Clinic referral	E		2
PV1-14	4	24	1	Physician referral	1, Phys/Clinic		4
PV1-14	5	24	2	Clinic referral	2		4
PV1-14	6	24	3	HMO referral	HMO Ref		4
PV1-14	7	24	4	Transfer from a hospital	4, H, Hospital, PhySAReh, Normal, Premature, Sick, Disch/Readm, Born In Hosp		4
PV1-14	8	24	5	Transfer froma skilled nursing facility	5, SNF		4
PV1-14	9	24	6	Transfer from another health care facility	6, D, F, Other HCF, HHA, ASC, Hospice, LTAC, HOSPICE		4
PV1-14	10	24	7	Emergency Room	7, Emergency		4
PV1-14	11	24	8	Court/Law enforcement	8, Court/Law		4
PV1-14	12	24	9	Information not available	9, Info Unav		4
PV1-14	13	24	SR	Self-Referral			4
PV1-14	14	24	TRNF	Transfer from a non-health care facility	T, Non-Healthcr, Extramural, Born Out Hos		4
PV1-14	15	24	TRAD	Transfer from Ambulatory Department	E		4
PV1-18	2	27	MiHIN Suggested Values		Hospital Value	Description	4
PV1-18	3	27			A	Anonymous	2
PV1-18	4	27	1	Anonymous			4
PV1-18	5	27	2	Confidential			4
PV1-18	6	27	3	Employee			4
PV1-18	7	27	4	Dismissed			4
PV1-18	8	27	5	No Medicare			4
PV1-18	9	27	6	Prisoner			4
PV1-18	10	27	7	VIP			4
PV1-18	11	27	8	Staff Dependent			4
PV1-18	12	27	9	Benefactor			4
PV1-18	13	27	10	Employee Dependent			4
PV1-18	14	27	11	Non-Employee			4
PV1-18	15	27	12	Volunteer			4
PV1-18	16	27	13	Staff Physician			4
PV1-18	17	27	14	Non V.I.P			4
PV1-18	18	27	15	Retired Employee			4
PV1-18	19	27	42	Homeless			4
PV1-18	20	27	44	Celebrity			4
PV1-18	21	27	45	Donor			4
PV1-18	22	27	46	Transplant			4
PV1-18	23	27	47	Voucher			4
PV1-18	24	27	49	Board Member			4
PV1-18	25	27	49	Clergy			4
PV1-18	26	27	52	Other			4
PV1-18	27	27	58	Organ Donor			4
PV1-18	28	27	59	Organ 			4
PV1-18	29	27	60	Select Specialty			4
PV1-18	30	27			2	Observation	00000000
PV1-18	31	27			9	Chemo SVOP	00000000
PV1-18	32	27			A	Ambulatory	00000000
PV1-18	33	27			X	Radiation Therapy	00000000
PV1-18	34	27			BD	Blood Donation	00000000
PV1-18	35	27			E	Emergency	00000000
PV1-18	36	27			F	Outpatient Procedure	00000000
PV1-18	37	27			T	Rehab Therapy	00000000
PV1-18	38	27			SW	Swing Bed CAH	00000000
PV1-18	39	27			HIST	History	00000000
PV1-18	40	27			R	Acute Rehab	00000000
PV1-18	41	27			HL	HLA QC	00000000
PV1-18	42	27			P	Preadmit	00000000
PV1-18	43	27			OM	Outpatient Message	00000000
PV1-18	44	27			O	Single Visit Outpatient	00000000
PV1-18	45	27			N	Nonpatient	00000000
PV1-18	46	27			I	Inpatient	00000000
PV1-18	47	27			M	Lab Client - Non Taxable	00000000
PV1-18	48	27			LT	Long Term Care	00000000
PV1-18	49	27			J	Specimen	00000000
PV1-18	50	27			L	Lab Client - Taxable	00000000
PV1-18	51	27			7	Peds Nephrology	00000000
PV1-18	52	27			13	Refugee/Asylum Status	00000000
PV1-10	2	31	MiHIN Suggested Values		Hospital Value	Description	4
PV1-10	3	31			121	Pediatrics	2
PV1-10	4	31	104	Cardiology - General	CAR, VAS, VAD,TLT,ANG, PVC, CCL, PCR, CDV, CVO, ECH, EEG, EKG, HOC, Cardio	Cardiology - General	4
PV1-10	5	31	105	Emergency Medicine	RTR, TRU, E/D, EDC, Emergency	Emergency Medicine	4
PV1-10	6	31	107	Geriatrics	ACE	Geriatrics	4
PV1-10	7	31	108	Gastroenterology	GAS, PGS, Gastroenter	Gastroenterology	4
PV1-10	8	31	109	Gynecology	CGY, GYN, CCO, MAM, Gynec	Gynecology	4
PV1-10	9	31	110	Hospice Medicine	HPC, Hopice	Hospice Medicine	4
PV1-10	10	31	111	Medical Intensive Care		Medical Intensive Care	4
PV1-10	11	31	112	Internal Medicine		Internal Medicine	4
PV1-10	12	31	114	Neuro ICU	Neuro ICU	Neuro ICU	4
PV1-10	13	31	115	Neurology	NEU, APC, NRS, NEI, EMU, Neuro	Neurology	4
PV1-10	14	31	116	Neonatology	NEO, QNP, NIM, Neonatal	Neonatology	4
PV1-10	15	31	117	Obstetrics	Hosp OBS, OBS, OBC, Obstetrics	Obstetrics	4
PV1-10	16	31	118	Oncology	ONC, QP5, CHA, CIP, Onco	Oncology	4
PV1-10	17	31	119	Orthopedics	ORT, POC, ORC, Orthopedics	Orthopedics	4
PV1-10	18	31	121	Pediatrics	PDC, Peds	Pediatrics	4
PV1-10	19	31	123	Physical Medicine and Rehabilitation	RS, ROS, PYT, OCT, CRR, IOJ	Physical Medicine and Rehabilitation	4
PV1-10	20	31	124	General Surgery	SUR, SUC,SES, PDS	General Surgery	4
PV1-10	21	31	125	Surgical Intensive Care	Surgical ICU	Surgical Intensive Care	4
PV1-10	22	31	126	Nephrology Transplant		Nephrology Transplant	4
PV1-10	23	31	127	Acute Care Surgery		Acute Care Surgery	4
PV1-10	24	31	128	Allergy & Immunology	ALL, MCI, Allergy	Allergy & Immunology	4
PV1-10	25	31	129	Anesthesiology	PAR, PAC, Anesth	Anesthesiology	4
PV1-10	26	31	131	Dermatology	DER, DLP, Dermatol	Dermatology	4
PV1-10	27	31	132	Family Medicine	FP, FMC	Family Medicine	4
PV1-10	28	31	133	Endocrinology	END, PEN, Endo	Endocrinology	4
PV1-10	29	31	134	Genetics	PGN	Genetics	4
PV1-10	30	31	135	Hematology	HEM, SNH, SNE, PHO, ABT, ETC, Hema	Hematology	4
PV1-10	31	31	136	Infectious Disease	INF, Infectious	Infectious Disease	4
PV1-10	32	31	137	Nephrology	PNE, PKT	Nephrology	4
PV1-10	33	31	138	Neurosurgery	Neurosurgery	Neurosurgery	4
PV1-10	34	31	139	Ophthalmology	OPT, Optha	Ophthalmology	4
PV1-10	35	31	140	Otolaryngology/ENT	ENT, Peds Otolar	Otolaryngology/ENT	4
PV1-10	36	31	141	Plastic Surgery	PSG, Plastics	Plastic Surgery	4
PV1-10	37	31	143	Radiation Oncology		Radiation Oncology	4
PV1-10	38	31	144	Rheumatology		Rheumatology	4
PV1-10	39	31	145	Urology	URO, Urology	Urology	4
PV1-10	40	31	148	Pharmacy	Pharmacy	Pharmacy	4
PV1-10	41	31	149	Interventional Radiology		Interventional Radiology	4
PV1-10	42	31	150	Clinical Decision Unit		Clinical Decision Unit	4
PV1-10	43	31	151	Wound/Ostomy Care	WWC, WHP, BUC,BUR	Wound/Ostomy Care	4
PV1-10	44	31	153	Newborn	NBN, QNB, Newborn	Newborn	4
PV1-10	45	31	154	Labor and Delivery		Labor and Delivery	4
PV1-10	46	31	156	Hospitalist Medicine		Hospitalist Medicine	4
PV1-10	47	31	158	Select Specialty		Select Specialty	4
PV1-10	48	31	161	Audiology	AUD	Audiology	4
PV1-10	49	31	162	Behavioral Health - Psychology	Psych	Behavioral Health - Psychology	4
PV1-10	50	31	163	Cardiology - Structural Heart Disease		Cardiology - Structural Heart Disease	4
PV1-10	51	31	165	Colon/Rectal Surgery	PRC	Colon/Rectal Surgery	4
PV1-10	52	31	166	Gynecology/Obstetrics	QOB, PLC, BCP, OBO, OBD, IMD, HND, Obstet	Gynecology/Obstetrics	4
PV1-10	53	31	172	Oral Surgery	ORL 	Oral Surgery	4
PV1-10	54	31	175	Palliative Medicine 		Palliative Medicine 	4
PV1-10	55	31	178	Podiatry	POD 	Podiatry	4
PV1-10	56	31	180	Radiology	ULT, ROT, RAO, QP1, PET, AMU, CAT, NUC, DXR, HCG, MRI, Radiology	Radiology	4
PV1-10	57	31	181	Sleep Center	SLP, SLO, APN, DMS, Sleep Study	Sleep Center	4
PV1-10	58	31	184	Cardiac Surgery		Cardiac Surgery	4
PV1-10	59	31	185	Transplant	Transplant	Transplant	4
PV1-10	60	31	198	Bone Marrow Transplant		Bone Marrow Transplant	4
PV1-10	61	31	208	Chemotherapy		Chemotherapy	4
PV1-10	62	31	273	Pathology		Pathology	4
PV1-10	63	31	293	Pulmonary	PUR, PUL	Pulmonary	4
PV1-10	64	31	322	Thoracic Surgery	CVT, Thoracic Sur	Thoracic Surgery	4
PV1-10	65	31	374	Transfusion Medicine	TRF, Transfusion	Transfusion Medicine	4
PV1-10	66	31	376	Family Practice		Family Practice	4
PV1-10	67	31	380	Orthopedic - Hand Surgery		Orthopedic - Hand Surgery	4
PV1-10	68	31	381	Orthopedic - Spine		Orthopedic - Spine	4
PV1-10	69	31	384	Hepatology		Hepatology	4
PV1-10	70	31	385	Pain Management	PMC	Pain Management	4
PV1-10	71	31	387	Urogynecology		Urogynecology	4
PV1-10	72	31	399	Bone & Mineral	BDT, CAS	Bone & Mineral	4
PV1-10	73	31	409	Cardiology - Electrophysiology		Cardiology - Electrophysiology	4
PV1-10	74	31	463	Bariatric Surgery	BAR, Bariatric Se	Bariatric Surgery	4
PV1-10	75	31	464	Intensive Care	PDT, Intensive Ca	Intensive Care	4
PV1-10	76	31	465	Pulmonary Hypertension		Pulmonary Hypertension	4
PV1-10	77	31	466	Pulmonary Transplant		Pulmonary Transplant	4
PV1-10	78	31	467	Pulmonary Interventional		Pulmonary Interventional	4
PV1-10	79	31	469	Transplant HPB Surgery		Transplant HPB Surgery	4
PV1-10	80	31	470	Cardiothoracic Transplant		Cardiothoracic Transplant	4
PV1-10	81	31	471	Vascular Surgery		Vascular Surgery	4
PV1-10	82	31	472	Speech Pathology	SPE	Speech Pathology	4
PV1-10	83	31	473	Cardiology - Advanced Heart Failure/Transplant		Cardiology - Advanced Heart Failure/Transplant	4
PV1-10	84	31	474	Cardiology - Vascular Medicine		Cardiology - Vascular Medicine	4
PV1-10	85	31	475	Physiatry		Physiatry	4
PV1-10	86	31	476	Orthopedic - Surgery		Orthopedic - Surgery	4
PV1-10	87	31	477	Cardiovascular SICU		Cardiovascular SICU	4
PV1-10	88	31	478	Behavioral Health - Neuropsychology		Behavioral Health - Neuropsychology	4
PV1-10	89	31	479	Behavioral Health - Psychiatry	PSY	Behavioral Health - Psychiatry	4
PV1-10	90	31	480	Surgical Endoscopy	QEN, EDY	Surgical Endoscopy	4
PV1-10	91	31	481	Ethics		Ethics	4
PV1-10	92	31	482	Trauma Surgery		Trauma Surgery	4
PV1-10	93	31			MCR	MCR Med Center Service	4
PV1-10	94	31			XPA	XPA Cancel Proc PT Arrival	4
PV1-10	95	31			XFR	XFR Inter-Hospital Transfer	4
PV1-10	96	31			WPP	WPP Web Portal Pre-Encounter	4
PV1-10	97	31			WMC	WMC Weight Management Center	4
PV1-10	98	31			TTT	TTT Transcription	4
PV1-10	99	31			THB	THB Therapeutic Pheresis	4
PV1-10	100	31			TEE	TEE Transesophageal Echo	4
PV1-10	101	31			TCC	TCC Transfer Center Consult	4
PV1-10	102	31			SWG	SWG Swing Bed	4
PV1-10	103	31			STC	STC Stone Clinic	4
PV1-10	104	31			SST	SST Short Stay	4
PV1-10	105	31			SPC	SPC SHP Specialist Center	4
PV1-10	106	31			SEC	SEC Stress Echo	4
PV1-10	107	31			SDE	SDE Same Day Extended	4
PV1-10	108	31			SCI	SCI SCC Intensivist	4
PV1-10	109	31			SCH	SCH Special Care Hospital (LTACH)	4
PV1-10	110	31			SCC	SCC Scoliosis Clinic	4
PV1-10	111	31			RSH	RSH Research Patient	4
PV1-10	112	31			RPT	RPT Reprint Reg Documents	4
PV1-10	113	31			RHC	RHC Rural Hlth Clinic Services Reed City	4
PV1-10	114	31			RES	RES Respiratory	4
PV1-10	115	31			QSC	QSC Quick Pre Encntr SHC	4
PV1-10	116	31			QPR	QPR Quick PE PreNat Re	4
PV1-10	117	31			QPE	QPE Quick Pre-Encounter	4
PV1-10	118	31			QLR	QLR Quick Loose Reports for HIM	4
PV1-10	119	31			QDA	QDA Quick Direct Admit	4
PV1-10	120	31			PVS	PVS Physician's Visit	4
PV1-10	121	31			PPH	PPH Plasmapheresis	4
PV1-10	122	31			POT	POT Postural Orthostatic Tachycardia Syn	4
PV1-10	123	31			POA	POA Pre Op Assessment	4
PV1-10	124	31			PMO	PMO PEDS Medical OBV - KL and UM	4
PV1-10	125	31			PIP	PIP Physician Interpretation Services	4
PV1-10	126	31			PER	PER Perinatology	4
PV1-10	127	31			ACY	ACY Ambulatory Cytogenetics Lab	4
PV1-10	128	31			AER	AER Aeromed	4
PV1-10	129	31			APH	APH Apheresis Harvest	4
PV1-10	130	31			PDN	PDN Pediatric Non Clinic	4
PV1-10	131	31			ASU	ASU Ambulatory Surgery	4
PV1-10	132	31			ATC	ATC Ambulatory Treatment Center	4
PV1-10	133	31			BAP	BAP Blood Avoidance Program	4
PV1-10	134	31			PDM	PDM Pediatric Medical	4
PV1-10	135	31			BIL	BIL Biliary Litho	4
PV1-10	136	31			BLI	BLI BL Intensivist	4
PV1-10	137	31			BMA	BMA Blood Marrow Active	4
PV1-10	138	31			BMD	BMD Bone Marrow Donor Program	4
PV1-10	139	31			BMN	BMN Blood Marrow New	4
PV1-10	140	31			BMP	BMP Bone Marrow Procedure	4
PV1-10	141	31			BNE	BNE Bone Marrow Eval NMDP	4
PV1-10	142	31			BNI	BNI Back/Neck Institute	4
PV1-10	143	31			BNP	BNP Bone Marrow Harvest NMDP	4
PV1-10	144	31			BPT	BPT Blood Patch	4
PV1-10	145	31			BSE	BSE Bone Marrow Eval SH Patient	4
PV1-10	146	31			BSH	BSH Bone Marrow Harvest SH Patient	4
PV1-10	147	31			PDH	PDH Post Dural Headache	4
PV1-10	148	31			PCS	PCS Pediatric Sedation	4
PV1-10	149	31			CCP	CCP Center for Child Protection	4
PV1-10	150	31			CDU	CDU Clinical Decision Unit	4
PV1-10	151	31			PCC	PCC Pediatric Continuity Clinic	4
PV1-10	152	31			PAT	PAT Preadmission Testing	4
PV1-10	153	31			OTP	OTP Organ Tissue Procurement	4
PV1-10	154	31			OTH	OTH Other	4
PV1-10	155	31			OST	OST Osteoporosis	4
PV1-10	156	31			CHN	CHN New Infusion Pt	4
PV1-10	157	31			OSC	OSC Osteoporosis Screening	4
PV1-10	158	31			CMM	CMM Care Management	4
PV1-10	159	31			CNC	CNC Cancelled Visit	4
PV1-10	160	31			OPC	OPC Optimization Clinic	4
PV1-10	161	31			CON	CON Consult	4
PV1-10	162	31			OHS	OHS Occupational Health	4
PV1-10	163	31			OCC	OCC Oral Cleft Clinic	4
PV1-10	164	31			OBV	OBV Observation	4
PV1-10	165	31			OBQ	OBQ OB Quick Reg	4
PV1-10	166	31			CVA	CVA APACHE Cardiovascular	4
PV1-10	167	31			CVL	CVL Copper Vapor Laser	4
PV1-10	168	31			DAC	DAC Developmental Assessment Clinic	4
PV1-10	169	31			NVT	NVT Non-Invasive Vascular Testing	4
PV1-10	170	31			DIN	DIN Doctor Inpatient Service	4
PV1-10	171	31			DNI	DNI Diabetic Nursing Institute	4
PV1-10	172	31			DOT	DOT Doctor Outpatient Service	4
PV1-10	173	31			DOV	DOV Doctor Office Visit	4
PV1-10	174	31			NTS	NTS Nutrition Services	4
PV1-10	175	31			DSE	DSE Dobutamine Stress Echo	4
PV1-10	176	31			NST	NST Non Stress Test	4
PV1-10	177	31			NPC	NPC Neurofibromatosis Peds Clinic	4
PV1-10	178	31			EDU	EDU Education Services	4
PV1-10	179	31			EEO	EEO EEG Off Site	4
PV1-10	180	31			NNS	NNS Nursing Nutrition	4
PV1-10	181	31			EMG	EMG CMG	4
PV1-10	182	31			EMP	EMPI Dept Use Only	4
PV1-10	183	31			LAB	QLB Quick Lab, LAB Laboratory	4
PV1-10	184	31			LAC	LAC Laser Clinic	4
PV1-10	185	31			LEC	LEC Lead Clinic	4
PV1-10	186	31			LIT	LIT Lithotripter	4
PV1-10	187	31			LTA	LTA Kent Community Hosp Long Term Acute/	4
PV1-10	188	31			IVI	IVI IV Infusions	4
PV1-10	189	31			ITC	ITC International Travel	4
PV1-10	190	31			IRU	IRU Inpatient Rehab Unit	4
PV1-10	191	31			INV	INV In Vitro	4
PV1-10	192	31			LTC	LTC Long Term Care	4
PV1-10	193	31			LUP	LUP Laser assisted Uvula Palatoplasty	4
PV1-10	194	31			IBM	IBM Inpatient Blood Marrow	4
PV1-10	195	31			IAJ	IAJ Injection Allergy - KL Only	4
PV1-10	196	31			HRT	HRT High Risk Transfer	4
PV1-10	197	31			MCL	MCL Medicine Clinic	4
PV1-10	198	31			HPP	HPP Reg Created in HPP	4
PV1-10	199	31			HOM	HOM Holter Monitor	4
PV1-10	200	31			HMM	HMM MMPC Hospitalist	4
PV1-10	201	31			HHO	HHO HOWM Hospitalist	4
PV1-10	202	31			XXX	XXX Rad Scheduling Only	4
PV1-10	203	31			HBO	HBO Hyperbaric Medicine	4
PV1-10	204	31			HAN	HAN Hand Service	4
PV1-10	205	31			GXT	GXT Treadmill Stress Echo	4
PV1-10	206	31			MDC	MDC Muscular Dystrophy Clinic	4
PV1-10	207	31			MED	MED Medicine	4
PV1-10	208	31			MLS	MLS MST Lung Screening	4
PV1-10	209	31			MMM	MMM PCP Quick Reg	4
PV1-10	210	31			GPS	GPS GRAPES	4
PV1-10	211	31			GON	GON Gyn Onc Infusion New	4
PV1-10	212	31			GOI	GOI Gyn/Onc Infusion	4
PV1-10	213	31			FAC	FAC Fetal Alcohol Clinic	4
PV1-10	214	31			EVM	EVM Event Monitor	4
PV1-10	215	31			ETT	ETT Enterostomal Therapy	4
PV1-10	216	31			ERR	ERR Registration Error	4
PV1-10	217	31			MYE	MYE Myelogram	4
PV1-10	218	31			N/S	N/S No Show	4
PV1-10	219	31			NAC	NAC Neurofibromatosis Adult Clinic	4
PV1-10	220	31			EPC	EPC Reg Created in EPIC	4
PV1-10	221	31			GEN	GEN Genetic Services/Clinic	4
PV1-10	222	31			MSY	MSY Metabolic Syndrome	4
PV1-10	223	31			Surgery	Surgery	4
PV1-10	224	31			Gen Med	Gen Med	4
PV1-10	225	31			Burn	Burn	4
PV1-10	226	31			Emergency Me	Emergency Me	4
PV1-10	227	31			General Med	General Med	4
PV1-10	228	31			Neonatology	Neonatology	4
PV1-10	229	31			Psychiatry	Psychiatry	4
PV1-10	230	31			Swing Bed	Swing Bed	4
PV1-10	231	31			Acute Care E	Acute Care E	4
PV1-10	232	31			Endoscopy	Endoscopy	4
PV1-10	233	31			Epilepsy Mon	Epilepsy Mon	4
PV1-10	234	31			Perinatology	Perinatology	4
PV1-10	235	31			Inpatient Bl	Inpatient Bl	4
PV1-10	236	31			Inpatient Re	Inpatient Re	4
PV1-10	237	31			Long Term Ca	Long Term Ca	4
PV1-10	238	31			Respiratory	Respiratory	4
PV1-10	239	31			Trauma	Trauma	4
PV1-10	240	31			Short Extend	Short Extend	4
PV1-10	241	31			LVAD	LVAD	4
PV1-10	242	31			Hospice	Hospice	4
PV1-10	243	31			Hospice Inpt	Hospice Inpt	4
PV1-10	244	31			Peds ICU	Peds ICU	4
PV1-10	245	31			Peds Cardiac	Pediatric Cardiac	4
PV1-36	2	35	MiHIN suggested values		Hospital Value	Description	4
PV1-36	3	35			01	Discharged to home or self care (routine discharge)	2
PV1-36	4	35	01	Discharged to home or self care (routine discharge)	1, HOME, DISCHG TO HO, DISCHARGED T, RTN DISCHG	Discharged to home or self care (routine discharge)	4
PV1-36	5	35	02	Discharged/transferred to a short-term general hospital for inpatient care	2, STACH	Discharged/transferred to a short-term general hospital for inpatient care	4
PV1-36	6	35	03	Discharged/transferred to skilled nursing facility (SNF) with Medicare certification.	3, SNF	Discharged/transferred to skilled nursing facility (SNF) with Medicare certification.	4
PV1-36	7	35	04	Discharged/transferred to an intermediate care facility (ICF)	4, CUSTODIAL	Discharged/transferred to an intermediate care facility (ICF)	4
PV1-36	8	35	05	Discharged/transferred to another type of institution not defined elsewhere in this code list	70, 5, OTHER, ANOTHER INST, DSCHG TO HMF, DISCHG TO ST	Discharged/transferred to another type of institution not defined elsewhere in this code list	4
PV1-36	9	35	06	Discharged/transferred to home under care of organized home health service organization	6, HOME HEALTH, DSCHG TO HH	Discharged/transferred to home under care of organized home health service organization	4
PV1-36	10	35	07	Left against medical advice or discontinued care	L, 7, LEFT AGAINST	Left against medical advice or discontinued care	4
PV1-36	11	35	08	Discharged/transferred to home under care of a Home IV provider	8, IV THERAPY	Discharged/transferred to home under care of a Home IV provider	4
PV1-36	12	35	09	Admitted as an inpatient to this hospital	9, ADMITTED 	Admitted as an inpatient to this hospital	4
PV1-36	13	35	10-19	Reserved for national assignment (Discontinued effective 10/16/03)		Reserved for national assignment (Discontinued effective 10/16/03)	4
PV1-36	14	35	20	Expired	Y, EXPIRED	Expired	4
PV1-36	15	35	2l-29	Reserved for national assignment (Discontinued effective 10/16/03)		Reserved for national assignment (Discontinued effective 10/16/03)	4
PV1-36	16	35	30	Still Patient	P, STILL A PATI, STLL PAT, STILL PAT	Still Patient	4
PV1-36	17	35	31-39	Reserved for national assignment (Discontinued effective 10/16/03)		Reserved for national assignment (Discontinued effective 10/16/03)	4
PV1-36	18	35	40	Expired at home	EXP AT HM	Expired at home	4
PV1-36	19	35	41	Expired in a medical facility (e.g. hospital, SNF, ICF, or free standing hospice)	19, EXP OUT HOSP, EXP MEDICAL, EXP IN MED, EXPIR IN MED	Expired in a medical facility (e.g. hospital, SNF, ICF, or free standing hospice)	4
PV1-36	20	35	42	Expired - place unknown	EXP UNKNOWN	Expired - place unknown	4
PV1-36	21	35	43	Discharged/transferred to a federal health care facility. (Effective 10/1/03)	43, FED	Discharged/transferred to a federal health care facility. (Effective 10/1/03)	4
PV1-36	22	35	44-49	Reserved for national assignment		Reserved for national assignment	4
PV1-36	23	35	50	Hospice - home	50, HOSPICEHOME	Hospice - home	4
PV1-36	24	35	51	Hospice - medical facility	51, HOSPICEMEDIC	Hospice - medical facility	4
PV1-36	25	35	52-60	Reserved for national assignment		Reserved for national assignment	4
PV1-36	26	35	61	Discharged/transferred to hospital-based Medicare approved swing bed	61, SWING BED	Discharged/transferred to hospital-based Medicare approved swing bed	4
PV1-36	27	35	62	Discharged/transferred to an inpatient rehabilitation facility (IRF) including rehabilitation distinct part units of a hospital. (Effective retroactive to 1/1/02.)	62, REHAB	Discharged/transferred to an inpatient rehabilitation facility (IRF) including rehabilitation distinct part units of a hospital. (Effective retroactive to 1/1/02.)	4
PV1-36	28	35	63	Discharged/transferred to a Medicare certified long term care hospital (LTCH).(Effective 5/9/02.)	63, LTACH	Discharged/transferred to a Medicare certified long term care hospital (LTCH).(Effective 5/9/02.)	4
PV1-36	29	35	64	Discharged/transferred to a nursing facility certified under Medicaid but not certified under Medicare. (Effective 10/1/02.)	NURSE	Discharged/transferred to a nursing facility certified under Medicaid but not certified under Medicare. (Effective 10/1/02.)	4
PV1-36	30	35	65	Discharged/transferred to a psychiatric hospital or psychiatric distinct part unit of a hospital. (Effective 4/1/04)	65, PSYCH	Discharged/transferred to a psychiatric hospital or psychiatric distinct part unit of a hospital. (Effective 4/1/04)	4
PV1-36	31	35	66	Discharged/transferred to a Critical Access Hospital (CAH). (Effective 1/1/06)	66, CAH	Discharged/transferred to a Critical Access Hospital (CAH). (Effective 1/1/06)	4
PV1-36	32	35	67-70	Reserved for national assignment		Reserved for national assignment	4
PV1-36	33	35	71	Reserved for national assignment (Discontinued effective 4/1/03)		Reserved for national assignment (Discontinued effective 4/1/03)	4
PV1-36	34	35	72	Reserved for national assignment (Discontinued effective 4/1/03)		Reserved for national assignment (Discontinued effective 4/1/03)	4
PV1-36	35	35	73-99	Reserved for national assignment		Reserved for national assignment	4
PV1-36	36	35			95, ANOTH-READM	Trans to Other Hlth Care Plnd Readmt	4
PV1-36	37	35			94, CAH-READM	Trans Crit Care Access Plnd Readmt	4
PV1-36	38	35			93, PSYCH-READM	Disch Psych Hosp Plnd Readmt, 	4
PV1-36	39	35			92, NURSE-READM	Disch to Nurs Fac Plnd Readmt	4
PV1-36	40	35			91, LTACH-READM	Trans LTCH  Plnd Readm	4
PV1-36	41	35			90, IRU-READM	Trans Inpt Rehb Fac Plnd Readmt	4
PV1-36	42	35			89, SWING-READM	Disch Swing Bed Plnd Readmt, Disch/Transfer to disas alter site	4
PV1-36	43	35			88, FED-READM	Disch to Fed Hosp Plnd Readmt	4
PV1-36	44	35			87, LAW-READM	Disch Court/law enforc Plnd Readmt	4
PV1-36	45	35			86, HH-READM	Disch home hlth srv plnd readmt	4
PV1-36	46	35			85, OTHER-READM	Disch to DesCanCnt/CH Plnd Readmt	4
PV1-36	47	35			84, CCF-READM	Disch to Cust/Suppt Care w/plnd readm	4
PV1-36	48	35			83, SNF-READM	Trans to SNF w/plnd readmt	4
PV1-36	49	35			82, ST HOS-READM	Trans Short term hosp w/plnd readmt	4
PV1-36	50	35			81, HOME-READM	Home/Self with plnd readmit	4
PV1-36	51	35			21, COURT/LAW EN	Disch/Trans to court/law enforcement	4
PV1-36	52	35			PRIVATE DUTY	Private Duty Nursing - Home Care	4
PV1-36	53	35			NOT ARRIVED	ED Dismiss - Never Arrived	4
PV1-36	54	35			DIVERTED	ED Dismiss - Diverted Elsewhere	4
PV1-36	55	35			OTHER DISPOS	Other Disposition	4
IN1-17	2	39	MiHIN Value	Description	Hospital Value		4
IN1-17	3	39	FTH	Father 	F		2
IN1-17	4	39	ASC	Associate			4
IN1-17	5	39	BRO	Brother 			4
IN1-17	6	39	CGV	Care giver 	CG		4
IN1-17	7	39	CHD	Child	R, CLD		4
IN1-17	8	39	DEP	Handicapped dependant			4
IN1-17	9	39	DOM	Life partner	T		4
IN1-17	10	39	EMC	Emergency contact			4
IN1-17	11	39	EME	Employee			4
IN1-17	12	39	EMR	Employer			4
IN1-17	13	39	EXF	Extended family			4
IN1-17	14	39	FCH	Foster child 			4
IN1-17	15	39	FND	Friend	I		4
IN1-17	16	39	FTH	Father 	CF		4
IN1-17	17	39	GCH	Grandchild	Y		4
IN1-17	18	39	GRD	Guardian 	J		4
IN1-17	19	39	GRP	Grandparent 	G		4
IN1-17	20	39	MGR	Manager			4
IN1-17	21	39	MTH	Mother 	CM		4
IN1-17	22	39	NCH	Natural child			4
IN1-17	23	39	NON	None			4
IN1-17	24	39	OAD	Other adult	F, PAR		4
IN1-17	25	39	OTH	Other 	0, 22, D, E, H, K, M, PE, Q, SF, U, VC, V, OTH		4
IN1-17	26	39	OWN	Owner			4
IN1-17	27	39	PAR	Parent 			4
IN1-17	28	39	SCH	Stepchild 			4
IN1-17	29	39	SEL	Self	P, SLF		4
IN1-17	30	39	SIB	Sibling 	B		4
IN1-17	31	39	SIS	Sister 			4
IN1-17	32	39	SPO	Spouse	S, SPO		4
IN1-17	33	39	TRA	Trainer			4
IN1-17	34	39	UNK	Unknown	O		4
IN1-17	35	39	WRD	Ward of court	W		4
IN1-17	36	39	AUN	Aunt 			4
IN1-17	37	39	DAU	Daughter			4
IN1-17	38	39	EXS	Ex Spouse 			4
IN1-17	39	39	EXH	Ex-husband			4
IN1-17	40	39	EXW	Ex-wife 			4
IN1-17	41	39	INL	In Law 			4
IN1-17	42	39	LEG	Legal Guardian 			4
IN1-17	43	39	SON	Son (S)			4
IN1-17	44	39	STP	Step Parent (STP)	A		4
IN1-17	45	39	STS	Step Sibling			4
IN1-17	46	39	UN	Uncle (UN)			4
IN1	2	42	IN1-3 Value	IN1-4 Value	Payer		4
IN1	3	42	1001	BCN	BCBSM		2
IN1	4	42	P52	123	COMMERCIAL		00000000
IN1	5	42	P52	1111	Commercial		00000000
IN1	6	42	P52	999999	Commercial		00000000
IN1	7	42	P52	44 NORTH	COMMERCIAL		00000000
IN1	8	42	6	AAA AUTO	AUTO		00000000
IN1	9	42	7	AARP	COMMERCIAL		00000000
IN1	10	42	A14	AARP  A14	COMMERCIAL		00000000
IN1	11	42	A14	AARP  A14	COMMERCIAL		00000000
IN1	12	42	8	ACCIDENT FUND OF AMERICA	AUTO		00000000
IN1	13	42	8	ACCIDENT FUND WC	WORKERS COMPENSATION		00000000
IN1	14	42	P52	ACTIVA	COMMERCIAL		00000000
IN1	15	42	P52	ACTIVA BENEFITS	COMMERCIAL		00000000
IN1	16	42	4	AETNA	COMMERCIAL		00000000
IN1	17	42	4	AETNA HEALTHCARE	COMMERCIAL		00000000
IN1	18	42	A01	AETNA INSURANCE CO	Commercial		00000000
IN1	19	42	A01	AETNA INSURANCE CO A01	COMMERCIAL		00000000
IN1	20	42	11	AETNA MEDICARE ADVANTAGE	MEDICARE ADVANTAGE		00000000
IN1	21	42	4	AETNA SENIOR SUPPLEMENTAL	COMMERCIAL		00000000
IN1	22	42	S14	AETNA SRC	Commercial		00000000
IN1	23	42	S14	AETNA SRC S14	COMMERCIAL		00000000
IN1	24	42	12	AFLAC	COMMERCIAL		00000000
IN1	25	42	A18	AFLAC A18	COMMERCIAL		00000000
IN1	26	42	5	ALL SAVERS	COMMERCIAL		00000000
IN1	27	42	V11	ALL SAVERS V11	COMMERCIAL		00000000
IN1	28	42	16	ALLSTATE AUTO	AUTO		00000000
IN1	29	42	P52	AMERA PLAN COFINITY	Commercial		00000000
IN1	30	42	A03	AMERICAN COMMUNITY  A03	COMMERCIAL		00000000
IN1	31	42	A10	AMERICAN MEDICAL SECURITY A10	COMMERCIAL		00000000
IN1	32	42	A30	AMERICAN NATL LIFE OF TX A30	COMMERCIAL		00000000
IN1	33	42	21	AMERICAN POSTAL WORKERS	COMMERCIAL		00000000
IN1	34	42	A05	AMERICAN POSTAL WORKERS A05	COMMERCIAL		00000000
IN1	35	42	24	ASR	COMMERCIAL		00000000
IN1	36	42	A12	ASR A12	COMMERCIAL		00000000
IN1	37	42	A32	ASR CLAIMS PRO A32	Commercial		00000000
IN1	38	42	24	ASR PHYSICIAN'S CARE	COMMERCIAL		00000000
IN1	39	42	A20	ASR PHYSICIANS CARE A20	Commercial		00000000
IN1	40	42	316	ASSURANT HEALTH ASA	COMMERCIAL		00000000
IN1	41	42	A60	ASSURANT HEALTH ASA A60	Commercial		00000000
IN1	42	42	A09	AUTO AAA	AUTO		00000000
IN1	43	42	A09	AUTO AAA A09	AUTO		00000000
IN1	44	42	A09	AUTO AAA  A09	AUTO		00000000
IN1	45	42	A02	AUTO ALLSTATE	AUTO		00000000
IN1	46	42	A02	AUTO ALLSTATE A02	AUTO		00000000
IN1	47	42	C14	AUTO CITIZENS	Auto		00000000
IN1	48	42	C14	AUTO CITIZENS C14	AUTO		00000000
IN1	49	42	F05	AUTO FARM BUREAU	AUTO		00000000
IN1	50	42	F05	AUTO FARM BUREAU F05	AUTO		00000000
IN1	51	42	F08	AUTO FARMERS	AUTO		00000000
IN1	52	42	F08	AUTO FARMERS  F08	AUTO		00000000
IN1	53	42	F09	AUTO FRANKENMUTH	AUTO		00000000
IN1	54	42	G23	AUTO GRANGE INSURANCE	AUTO		00000000
IN1	55	42	G23	AUTO GRANGE INSURANCE G23	AUTO		00000000
IN1	56	42	L02	AUTO LIBERTY MUTUAL	AUTO		00000000
IN1	57	42	L02	AUTO LIBERTY MUTUAL L02	AUTO		00000000
IN1	58	42	K25	AUTO MEEMIC			00000000
IN1	59	42	K25	AUTO MEEMIC K25	AUTO		00000000
IN1	60	42	N05	AUTO NATIONWIDE  N05	AUTO		00000000
IN1	61	42	A99	AUTO OTHER A99	AUTO		00000000
IN1	62	42	V99	AUTO OTHER V99	AUTO		00000000
IN1	63	42	27	AUTO OWNERS AUTO	AUTO		00000000
IN1	64	42	A11	AUTO OWNERS AUTO A11	AUTO		00000000
IN1	65	42	P68	AUTO PROGRESSIVE	Auto		00000000
IN1	66	42	P68	AUTO PROGRESSIVE P68	Auto		00000000
IN1	67	42	P68	AUTO PROGRESSIVE  P68	AUTO		00000000
IN1	68	42	139	AUTO STATE FARM	AUTO		00000000
IN1	69	42	S01	AUTO STATE FARM S01	AUTO		00000000
IN1	70	42	V06	AUTO TITAN	AUTO		00000000
IN1	71	42	V06	AUTO TITAN V06	Auto		00000000
IN1	72	42	V06	AUTO TITAN  V06	AUTO		00000000
IN1	73	42	A99	AUTO UNKNOWN INFORMATION	Commercial		00000000
IN1	74	42	29	BANKER'S LIFE	COMMERCIAL		00000000
IN1	75	42	D06	BANKERS LIFE D06	COMMERCIAL		00000000
IN1	76	42	B06	BC BLUE CHOICE B06	BCBSM		00000000
IN1	77	42	04B	BC FEDERAL EMPLOYEE PROG	Blue Cross		00000000
IN1	78	42	04B	BC FEDERAL EMPLOYEE PROG 04B	BCBSM		00000000
IN1	79	42	B01	BC OF MICHIGAN	Blue Cross		00000000
IN1	80	42	B01	BC OF MICHIGAN B01	BCBSM		00000000
IN1	81	42	B65	BC OF MICHIGAN B65	Blue Cross		00000000
IN1	82	42	02B	BC OUT OF STATE 02B	BCBSM		00000000
IN1	83	42	08W	BC PARTNERED	BCBSM		00000000
IN1	84	42	08W	BC PARTNERED 08W	Blue Cross		00000000
IN1	85	42	B15	BC TRUST OR PPO	Blue Cross		00000000
IN1	86	42	B15	BC TRUST OR PPO B15	BCBSM		00000000
IN1	87	42	2	BCBS CASE MANAGEMENT	BLUE CROSS		00000000
IN1	88	42	2	BCBS FEDERAL PPO	BLUE CROSS		00000000
IN1	89	42	2	BCBS OF MI	BLUE CROSS		00000000
IN1	90	42	2	BCBS OUT OF STATE	BLUE CROSS		00000000
IN1	91	42	2	BCBS PPO	BLUE CROSS		00000000
IN1	92	42	299	BCN AWAY FROM HOME	BLUE CROSS		00000000
IN1	93	42	06W	BCN BLUE CARE NET 06W	Blue Cross		00000000
IN1	94	42	06W	BCN BLUE CARE NETWORK 06W	BCBSM		00000000
IN1	95	42	35	BCN MEDICARE ADVANTAGE	MEDICARE ADVANTAGE		00000000
IN1	96	42	35	BCN MYCHOICE MEDICARE ADV NARROW NETWORK	MEDICARE ADVANTAGE		00000000
IN1	97	42	07W	BCN OUT OF AREA 07W	BCBSM		00000000
IN1	98	42	09W	BCN PCP SELECT FOCUS	BCBSM		00000000
IN1	99	42	09W	BCN PCP SELECT FOCUS 09W	Blue Cross		00000000
IN1	100	42	299	BCN PCP SELECT FOCUS NARROW NETWORK	BLUE CROSS		00000000
IN1	101	42	299	BLUE CARE NETWORK	BLUE CROSS		00000000
IN1	102	42	99	BLUE CROSS COMMUNITY FAMILY HEALTH PLAN			00000000
IN1	103	42	99T	BLUE CROSS COMPLETE	Medicaid 		00000000
IN1	104	42	302	BLUE CROSS COMPLETE AUTO	BLUE CROSS		00000000
IN1	105	42	302	BLUE CROSS COMPLETE CLAIMS	BLUE CROSS		00000000
IN1	106	42	372	BLUE CROSS COMPLETE MEDICAID	MEDICAID		00000000
IN1	107	42	372	BLUE CROSS COMPLETE MEDICAID HMP	MEDICAID HMP		00000000
IN1	108	42	299	BLUE CROSS PARTNERED NARROW NETWORK	BLUE CROSS		00000000
IN1	109	42	348	BREAST CARE GRANTS	COMMERCIAL		00000000
IN1	110	42	900	BREAST CARE GRANTS 900	Commercial		00000000
IN1	111	42	251	BROTHERHOOD MUTUAL WC	WORKERS COMPENSATION		00000000
IN1	112	42	CR1	CARE RESOURCES  C21	COMMERCIAL		00000000
IN1	113	42	47	CARE SOURCE MEDICAID	MEDICAID		00000000
IN1	114	42	P52	CAREMARK	COMMERCIAL		00000000
IN1	115	42	P52	caremark	COMMERCIAL		00000000
IN1	116	42	99	CARESOURCE			00000000
IN1	117	42	386	CBO SPINA BIFIDA BENEFITS PROGRAM			00000000
IN1	118	42	145	CHAMPVA	TRICARE		00000000
IN1	119	42	C21	CHAMPVA C21	TRICARE		00000000
IN1	120	42	CH	CHARITY NO INSURANCE CH	Self pay		00000000
IN1	121	42	P52	CHEROKEE INS CO	Commercial		00000000
IN1	122	42	P52	CHEROKEE INSURANCE CO	Commercial		00000000
IN1	123	42	40	CIGNA	COMMERCIAL		00000000
IN1	124	42	C04	CIGNA C04	COMMERCIAL		00000000
IN1	125	42	42	CITIZENS AUTO	AUTO		00000000
IN1	126	42	P52	COALITION OF PUBLIC SAFETY EMPLOYEES HEALTH TRUST	COMMERCIAL		00000000
IN1	127	42	P52	COF	COMMERCIAL		00000000
IN1	128	42	P58	COF ACTIVA BENEFITS SERV P58	Commercial		00000000
IN1	129	42	P18	COF ASR P18	Commercial		00000000
IN1	130	42	P25	COF ASSURANT HEALTH	Commercial		00000000
IN1	131	42	P25	COF ASSURANT HEALTH P25	Commercial		00000000
IN1	132	42	P29	COF GROUP MARKETING	Commercial		00000000
IN1	133	42	P29	COF GROUP MARKETING P29	Commercial		00000000
IN1	134	42	P56	COF HUMANA P56	Commercial		00000000
IN1	135	42	P51	COF MERITAIN	Commercial		00000000
IN1	136	42	P51	COF MERITAIN P51	Commercial		00000000
IN1	137	42	P48	COF NGS P48	Commercial		00000000
IN1	138	42	P52	COF OTHER	Commercial		00000000
IN1	139	42	P52	COF OTHER INS NAME	Commercial		00000000
IN1	140	42	P52	COF OTHER INS NAME P52	COMMERCIAL		00000000
IN1	141	42	P59	COF PRINCIPAL LIFE P59	COMMERCIAL		00000000
IN1	142	42	P41	COF SECURE ONE	Commercial		00000000
IN1	143	42	P41	COF SECURE ONE P41	COMMERCIAL		00000000
IN1	144	42	P72	COF UNITED MEDICAL RESOURCE UMR P72	COMMERCIAL		00000000
IN1	145	42	P16	COF VARIPRO			00000000
IN1	146	42	122	COFINITY	Commercial		00000000
IN1	147	42	P52	COFINITY CLAIMS DEPT	COMMERCIAL		00000000
IN1	148	42	122	COFINITY GOLDEN RULE	COMMERCIAL		00000000
IN1	149	42	122	COFINITY GROUP MARKETING	COMMERCIAL		00000000
IN1	150	42	122	COFINITY HUMANA	COMMERCIAL		00000000
IN1	151	42	122	COFINITY MERITAIN	COMMERCIAL		00000000
IN1	152	42	P52	COFINITY MERITAIN HEALTH	COMMERCIAL		00000000
IN1	153	42	P52	Cofinity Other	Commercial		00000000
IN1	154	42	122	COFINITY SECURE ONE	COMMERCIAL		00000000
IN1	155	42	P52	COFINITY U S HEALTH AND LIFE	COMMERCIAL		00000000
IN1	156	42	122	COFINITY UNITED MEDICAL RESOURCE UMR			00000000
IN1	157	42	P52	COFINTY	COMMERCIAL		00000000
IN1	158	42	99	COLORADO ACCESS CLAIMS			00000000
IN1	159	42	C99	COMMERCIAL OTHER C99	COMMERCIAL		00000000
IN1	160	42	C50	CONSECO C50	COMMERCIAL		00000000
IN1	161	42	1922	CONSUMERS MUTUAL INSURANCE 	COMMERCIAL		00000000
IN1	162	42	C81	CONSUMERS MUTUAL INSURANCE C81	Commercial		00000000
IN1	163	42	C35	CONTINENTAL LIFE C35	COMMERCIAL		00000000
IN1	164	42	52	CORESOURCE	COMMERCIAL		00000000
IN1	165	42	C26	CORESOURCE INC C26	COMMERCIAL		00000000
IN1	166	42	53	COVENTRY HEALTH CARE	COMMERCIAL		00000000
IN1	167	42	C57	COVENTRY HEALTH CARE C57	COMMERCIAL		00000000
IN1	168	42	C75	CRIME VICTIM SRVS COMM			00000000
IN1	169	42	99	CSHCS MEDICAID	MEDICAID		00000000
IN1	170	42	DRG	DAVITA GREENVILLE	COMMERCIAL		00000000
IN1	171	42	DRG	DAVITA STAT	COMMERCIAL		00000000
IN1	172	42	D13	DMC D13	COMMERCIAL		00000000
IN1	173	42	P52	ENTERPRISE GROUP PLANNING	Commercial		00000000
IN1	174	42	99	ESO MEDICAID	MEDICAID		00000000
IN1	175	42	99	ESO MEDICAID HMP	MEDICAID HMP		00000000
IN1	176	42	374	FAITH HOSPICE	COMMERCIAL		00000000
IN1	177	42	57	FARM BUREAU AUTO	AUTO		00000000
IN1	178	42	F05	FARM BUREAU INSURANCE F05	COMMERCIAL		00000000
IN1	179	42	175	FARMERS AUTO	AUTO		00000000
IN1	180	42	P52	FEDERATED INSURANCE	Commercial		00000000
IN1	181	42	99	FFS MEDICAID HMP	MEDICAID HMP		00000000
IN1	182	42	99	FFS MEDICAID MICHILD	MEDICAID HMP		00000000
IN1	183	42	257	FIRST AGENCY	COMMERCIAL		00000000
IN1	184	42	K20	FIRST HEALTH K20	COMMERCIAL		00000000
IN1	185	42	99	FLORIDA MEDICAID	MEDICAID		00000000
IN1	186	42	350	FRANKENMUTH AUTO	AUTO		00000000
IN1	187	42	61	FRANKENMUTH MUTUAL WC	WORKERS COMPENSATION		00000000
IN1	188	42	62	GALLAGHER BASSETT WC	WORKERS COMPENSATION		00000000
IN1	189	42	64	GEHA ASA	COMMERCIAL		00000000
IN1	190	42	G17	GEHA G17	COMMERCIAL		00000000
IN1	191	42	C79	GENERIC MICHILD	COMMERCIAL		00000000
IN1	192	42	338	GENETIC GRANT	COMMERCIAL		00000000
IN1	193	42	338	GENETIC GRANTS	COMMERCIAL		00000000
IN1	194	42	338	GENETICS  GRANT	COMMERCIAL		00000000
IN1	195	42	338	GENETICS GRANT	COMMERCIAL		00000000
IN1	196	42	P81	GEO GROUP INC P81	COMMERCIAL		00000000
IN1	197	42	99	GEORGIA DEPT OF COMM HEALTH			00000000
IN1	198	42	68	GOLDEN RULE	COMMERCIAL		00000000
IN1	199	42	G07	GOLDEN RULE INSURANCE CO	Commercial		00000000
IN1	200	42	G07	GOLDEN RULE INSURANCE CO G07	COMMERCIAL		00000000
IN1	201	42	SNF	GRAND OAKS NURSING CENTER	Commercial		00000000
IN1	202	42	70	GRAND VALLEY HEALTH PLAN	COMMERCIAL		00000000
IN1	203	42	03G	GRAND VALLEY HEALTH PLAN 03G	COMMERCIAL		00000000
IN1	204	42	03G	GRANDVALLEY HLTH PLN	Commercial		00000000
IN1	205	42	G99	GRANT ALL TYPES G99	COMMERCIAL		00000000
IN1	206	42	40	GREAT WEST LIFE & ANNUITY			00000000
IN1	207	42	G02	GREAT WEST LIFE ASSURANCE G02	COMMERCIAL		00000000
IN1	208	42	R08	GREAT WEST REAL HEALTH R08	COMMERCIAL		00000000
IN1	209	42	G11	GROUP MARKETING SERVICE G11	COMMERCIAL		00000000
IN1	210	42	74	GUARANTEE TRUST LIFE	COMMERCIAL		00000000
IN1	211	42	G16	GUARANTEE TRUST LIFE GTL G16	COMMERCIAL		00000000
IN1	212	42	G14	GUARDIAN G14	COMMERCIAL		00000000
IN1	213	42	D99	GYPSY NICKEL	Commercial		00000000
IN1	214	42	M99	HAP SENIOR PLUS	Medicare Advantage		00000000
IN1	215	42	79	HASTINGS MUTUAL AUTO	AUTO		00000000
IN1	216	42	H09	HASTINGS MUTUAL H09	COMMERCIAL		00000000
IN1	217	42	82	HEALTH ALLIANCE PLAN	COMMERCIAL		00000000
IN1	218	42	H13	HEALTH ALLIANCE PLAN HAP H13	COMMERCIAL		00000000
IN1	219	42	362	HEALTH SCOPE	COMMERCIAL		00000000
IN1	220	42	P52	HEALTHCARE SOULTIONS GROUP	Commercial		00000000
IN1	221	42	SNF	HEARTLAND GREENVIEW	Commercial		00000000
IN1	222	42	U04	HEARTLAND HOSPICE	Commercial		00000000
IN1	223	42	227	HERITAGE NURSING & REHABILITATION COMMUNITY	COMMERCIAL		00000000
IN1	224	42	M99	HIGHMARK SENIOR HEALTH	Medicare Advantage		00000000
IN1	225	42	U04	HOSPICE	Commercial		00000000
IN1	226	42	376	HOSPICE OF HOLLAND			00000000
IN1	227	42	379	HOSPICE OF MICHIGAN	COMMERCIAL		0
IN1	228	42	U13	HOSPICE SPECTRUM HEALTH	COMMERCIAL		00000000
IN1	229	42	U13	HOSPICE SPECTRUM HEALTH U13	Commercial		00000000
IN1	230	42	86	HUMANA	COMMERCIAL		00000000
IN1	231	42	H21	HUMANA HMOX MICHIGAN H21	Commercial		00000000
IN1	232	42	86	HUMANA HMOX MICHIGAN NARROW NETWORK	COMMERCIAL		00000000
IN1	233	42	87	HUMANA MCR ADVANTAGE PART B ONLY			00000000
IN1	234	42	87	HUMANA MEDICARE ADVANTAGE	MEDICARE ADVANTAGE		00000000
IN1	235	42	89	IONIA HEALTH PLAN	COMMERCIAL		00000000
IN1	236	42	M99	KAISER	Medicare Advantage		00000000
IN1	237	42	365	KAISER FOUNDATION HEALTHPLAN			00000000
IN1	238	42	91	KENT HEALTH PLAN A	COMMERCIAL		00000000
IN1	239	42	K41	KENT HEALTH PLAN B K41	MEDICAID HMO		00000000
IN1	240	42	K40	KENT HEALTH PLAN  A K40	MEDICAID HMO		00000000
IN1	241	42	P12	KEY BENEFIT ADMINISTRATOR P12	COMMERCIAL		00000000
IN1	242	42	02L	LIABILITY LIBERTY MUTUAL  02L	COMMERCIAL		00000000
IN1	243	42	R12	LIABILITY SH RISK MGT	Commercial		00000000
IN1	244	42	347	LIBERTY HEALTH SHARE	COMMERCIAL		00000000
IN1	245	42	93	LIBERTY MUTUAL AUTO	AUTO		00000000
IN1	246	42	352	LIBERTY MUTUAL LIABILITY	AUTO		00000000
IN1	247	42	94	LIBERTY MUTUAL WC	WORKERS COMPENSATION		00000000
IN1	248	42	P52	LIBERTY UNION	Commercial		00000000
IN1	249	42	331	LIFECIRCLES MEDICARE ADVANTAGE	MEDICARE ADVANTAGE		00000000
IN1	250	42	338	LYMPHEDEMA GRANT	COMMERCIAL		00000000
IN1	251	42	K17	MAIL HANDLERS BENEFIT PLA K17	COMMERCIAL		00000000
IN1	252	42	227	MARY FREE BED REHABILITATION	COMMERCIAL		00000000
IN1	253	42	227	MARY FREE BED SUBACUTE 5TH FL	COMMERCIAL		00000000
IN1	254	42	227	MARYWOOD HEALTH CENTER	COMMERCIAL		00000000
IN1	255	42	165	MCLAREN HEALTHCARE	COMMERCIAL		00000000
IN1	256	42	97	MCLAREN HEALTHCARE MEDICAID	MEDICAID		00000000
IN1	257	42	C61	MCLAREN HLTHCARE COMM	COMMERCIAL		00000000
IN1	258	42	C61	MCLAREN HLTHCARE COMM C61	COMMERCIAL		00000000
IN1	259	42	97	MCLAREN MEDICAID HMP	MEDICAID HMP		00000000
IN1	260	42	P52	MED BEN	COMMERCIAL		00000000
IN1	261	42	99	MEDICAID	MEDICAID		00000000
IN1	262	42	T01	MEDICAID  T01	MEDICAID		00000000
IN1	263	42	T12	MEDICAID ABW T12	Medicaid		00000000
IN1	264	42	93E	MEDICAID BC COMPLETE	MEDICAID		00000000
IN1	265	42	93E	MEDICAID BC COMPLETE 93E	MEDICAID		00000000
IN1	266	42	54E	MEDICAID CARESOURCE MI 54E	Medicaid		00000000
IN1	267	42	58E	MEDICAID CENTRAL HEALTH PLAN 58E	MEDICAID HMO		00000000
IN1	268	42	T02	MEDICAID CSHCS CHILD SPEC	Medicaid		00000000
IN1	269	42	T02	MEDICAID CSHCS CHILD SPEC T02	MEDICAID		00000000
IN1	270	42	T15	MEDICAID EMERG SRV ONLY	Medicaid		00000000
IN1	271	42	T15	MEDICAID EMERG SRV ONLY T15	Medicaid		00000000
IN1	272	42	57E	MEDICAID HEALTH PLAN MI 57E	MEDICAID HMO		00000000
IN1	273	42	L62	MEDICAID HMP BC COMPLETE	MEDICAID		00000000
IN1	274	42	L62	MEDICAID HMP BC COMPLETE L62	MEDICAID HMP		00000000
IN1	275	42	L15	MEDICAID HMP ESO	MEDICAID		00000000
IN1	276	42	L15	MEDICAID HMP ESO L15	Medicaid		00000000
IN1	277	42	L10	MEDICAID HMP FFS	MEDICAID		00000000
IN1	278	42	L10	MEDICAID HMP FFS L10	Medicaid		00000000
IN1	279	42	L61	MEDICAID HMP MCLAREN	Medicaid HMO		00000000
IN1	280	42	L61	MEDICAID HMP MCLAREN L61	Medicaid HMO		00000000
IN1	281	42	L57	MEDICAID HMP MERIDIAN	MEDICAID HMO		00000000
IN1	282	42	L57	MEDICAID HMP MERIDIAN L57	Medicaid HMO		00000000
IN1	283	42	L41	MEDICAID HMP MOLINA 	MEDICAID HMO		00000000
IN1	284	42	L41	MEDICAID HMP MOLINA L41	Medicaid HMO		00000000
IN1	285	42	L98	MEDICAID HMP OTHER	MEDICAID HMO		00000000
IN1	286	42	L98	MEDICAID HMP OTHER L98	Medicaid HMO		00000000
IN1	287	42	L50	MEDICAID HMP PRIORHLTH	MEDICAID HMP		00000000
IN1	288	42	L50	MEDICAID HMP PRIORHLTH L5	Medicaid HMO		00000000
IN1	289	42	L50	MEDICAID HMP PRIORHLTH L50	Medicaid HMO		00000000
IN1	290	42	L60	MEDICAID HMP UHC	MEDICAID HMO		00000000
IN1	291	42	L60	MEDICAID HMP UHC L60	Medicaid HMO		00000000
IN1	292	42	65E	MEDICAID IONIA HEALTH PLAN 65E	MEDICAID HMO		00000000
IN1	293	42	61E	MEDICAID MCLAREN HEALTH	Medicaid		00000000
IN1	294	42	61E	MEDICAID MCLAREN HEALTH 6	Medicaid		00000000
IN1	295	42	61E	MEDICAID MCLAREN HEALTH 61E	MEDICAID HMO		00000000
IN1	296	42	57E	MEDICAID MERIDIAN HLTH MI	Medicaid		00000000
IN1	297	42	57E	MEDICAID MERIDIAN HLTH MI 57E	Medicaid		00000000
IN1	298	42	T20	MEDICAID MICHILD FFS			00000000
IN1	299	42	T20	MEDICAID MICHILD FFS T20	MEDICAID		00000000
IN1	300	42	70E	MEDICAID MICHILD GVHP	MEDICAID		00000000
IN1	301	42	22E	MEDICAID MICHILD PH 22E	MEDICAID		00000000
IN1	302	42	63E	MEDICAID MID MI HLTH PLAN 63E	MEDICAID HMO		00000000
IN1	303	42	370	MEDICAID MILINK AETNA BH	MEDICARE		00000000
IN1	304	42	41T	MEDICAID MOLINA HLTHCARE	Medicaid		00000000
IN1	305	42	41T	MEDICAID MOLINA HLTHCARE 41T	MEDICAID HMO		00000000
IN1	306	42	T11	MEDICAID MOMS	Medicaid		00000000
IN1	307	42	T11	MEDICAID MOMS T11	MEDICAID		00000000
IN1	308	42	66E	MEDICAID OMNICARE 66E	MEDICAID HMO		00000000
IN1	309	42	99T	MEDICAID OTHER HMO 99T	MEDICAID HMO		00000000
IN1	310	42	T77	MEDICAID OUT OF STATE	Medicaid		00000000
IN1	311	42	T77	MEDICAID OUT OF STATE T77	MEDICAID		00000000
IN1	312	42	D	MEDICAID PENDING NO INSUR	Self pay		00000000
IN1	313	42	D	MEDICAID PENDING NO INSURANCE D	Self pay		00000000
IN1	314	42	55E	MEDICAID PHYS HLTH PL HMO	Medicaid		00000000
IN1	315	42	55E	MEDICAID PHYS HLTH PL HMO 55E	MEDICAID HMO		00000000
IN1	316	42	T14	MEDICAID PLAN FIRST	Medicaid		00000000
IN1	317	42	T14	MEDICAID PLAN FIRST T14	MEDICAID		00000000
IN1	318	42	T16	MEDICAID PRESUMPTIVE CAID	MEDICAID		00000000
IN1	319	42	T16	MEDICAID PRESUMPTIVE T16	Medicaid		00000000
IN1	320	42	50E	MEDICAID PRIOR HLTH HMO	PRIORITY		00000000
IN1	321	42	50E	MEDICAID PRIOR HLTH HMO 5	PRIORITY		00000000
IN1	322	42	50E	MEDICAID PRIOR HLTH HMO 50E	MEDICAID HMO		00000000
IN1	323	42	392	MEDICAID SPENDDOWN	MEDICAID		00000000
IN1	324	42	140	MEDICAID TENCON HLTH PLAN	MEDICAID		00000000
IN1	325	42	59E	MEDICAID TENCON HLTH PLAN 59E	MEDICAID HMO		00000000
IN1	326	42	60E	MEDICAID UHC GREAT LAKES  60E	MEDICAID HMO		00000000
IN1	327	42	60E	MEDICAID UNITED HLTCR COM	Medicaid		00000000
IN1	328	42	60E	MEDICAID UNITED HLTCR COM 60E	Medicaid		00000000
IN1	329	42	64E	MEDICAID UP PENINSULA HLT	Medicaid		00000000
IN1	330	42	64E	MEDICAID UP PENINSULA HLTH 64E	MEDICAID HMO		00000000
IN1	331	42	T00	MEDICAID VERIFY DENIED	Medicaid		00000000
IN1	332	42	T00	MEDICAID VERIFY DENIED T00	Medicaid		00000000
IN1	333	42	T04	MEDICAID WITH CSHCS	MEDICAID		00000000
IN1	334	42	T04	MEDICAID WITH CSHCS T04	Medicaid		00000000
IN1	335	42	T01	MEDICAID  T01	MEDICAID		00000000
IN1	336	42	P52	MEDICAL BENEFITS COMPANIES	Commercial		00000000
IN1	337	42	100	MEDICAL MUTUAL OF OHIO	COMMERCIAL		00000000
IN1	338	42	SNF	medicare	Commercial		00000000
IN1	339	42	3	MEDICARE A/B	MEDICARE		00000000
IN1	340	42	M52	MEDICARE ADV ADVANTRA M52	MEDICARE		00000000
IN1	341	42	M10	MEDICARE ADV AETNA	MEDICARE		00000000
IN1	342	42	M10	MEDICARE ADV AETNA M10	MEDICARE		00000000
IN1	343	42	M30	MEDICARE ADV BCN	MEDICARE		00000000
IN1	344	42	M30	MEDICARE ADV BCN M30	MEDICARE		00000000
IN1	345	42	M67	MEDICARE ADV COMM PACE M67	MEDICARE ADVANTAGE		00000000
IN1	346	42	M90	MEDICARE ADV FIDELIS M90	MEDICARE		00000000
IN1	347	42	M57	MEDICARE ADV MERIDIAN	MEDICARE		00000000
IN1	348	42	M57	MEDICARE ADV MERIDIAN M57	MEDICARE		00000000
IN1	349	42	M40	MEDICARE ADV MOLINA	MEDICARE		00000000
IN1	350	42	M40	MEDICARE ADV MOLINA M40	MEDICARE		00000000
IN1	351	42	M99	MEDICARE ADV OTHER M99	MEDICARE		00000000
IN1	352	42	M70	MEDICARE ADV UNICARE M70	MEDICARE		00000000
IN1	353	42	M80	MEDICARE ADV UNITED HLTCR	MEDICARE		00000000
IN1	354	42	M80	MEDICARE ADV UNITED HLTCR M80	MEDICARE		00000000
IN1	355	42	M42	MEDICARE ADV WELLCARE M42	MEDICARE		00000000
IN1	356	42	384	MEDICARE ADVANTAGE MCLAREN HEALTH PLAN	MEDICARE ADVANTAGE		00000000
IN1	357	42	308302	MEDICARE ALTERNATE	MEDICARE ADVANTAGE		00000000
IN1	358	42	M35	MEDICARE BCN MYCHOICE	MEDICARE		00000000
IN1	359	42	M35	MEDICARE BCN MYCHOICE M35	MEDICARE		00000000
IN1	360	42	M01	MEDICARE HOSPITAL INS	MEDICARE		00000000
IN1	361	42	M01	MEDICARE HOSPITAL INS M01	MEDICARE		00000000
IN1	362	42	M22	MEDICARE HUMANA CHOICE	MEDICARE		00000000
IN1	363	42	M22	MEDICARE HUMANA CHOICE M2	MEDICARE		00000000
IN1	364	42	M22	MEDICARE HUMANA CHOICE M22	MEDICARE		00000000
IN1	365	42	M20	MEDICARE HUMANA GOLD	MEDICARE		00000000
IN1	366	42	M20	MEDICARE HUMANA GOLD M20	MEDICARE		00000000
IN1	367	42	M04	MEDICARE MEDICAL INS	MEDICARE		00000000
IN1	368	42	M04	MEDICARE MEDICAL INS M04	MEDICARE		00000000
IN1	369	42	M92	MEDICARE MILINK AETNA BH	MEDICARE		00000000
IN1	370	42	M91	MEDICARE MILINK MERIDIAN M91	MEDICARE		00000000
IN1	371	42	M99	MEDICARE OTHER M99	MEDICARE		00000000
IN1	372	42	3	MEDICARE PART A	MEDICARE		00000000
IN1	373	42	3	MEDICARE PART B	MEDICARE		00000000
IN1	374	42	297	MEDICARE PLUS BLUE	MEDICARE		00000000
IN1	375	42	101	MEDICARE PLUS BLUE DEEMED	MEDICARE		00000000
IN1	376	42	M60	MEDICARE PLUS BLUE M60	MEDICARE		00000000
IN1	377	42	M65	MEDICARE PLUS BLUE M60	MEDICARE		00000000
IN1	378	42	M65	MEDICARE PPO PLUS BLUE	MEDICARE ADVANTAGE		00000000
IN1	379	42	M65	MEDICARE PPO PLUS BLUE M6	MEDICARE ADVANTAGE		00000000
IN1	380	42	M65	MEDICARE PPO PLUS BLUE M65	MEDICARE		00000000
IN1	381	42	M65	MEDICARE PPO PLUS BLUE  M65	MEDICARE		00000000
IN1	382	42	M50	MEDICARE PRIORITY HEALTH	MEDICARE		00000000
IN1	383	42	M50	MEDICARE PRIORITY HEALTH M50	MEDICARE		00000000
IN1	384	42	M50	MEDICARE PRIORITY HEALTH M50	MEDICARE		00000000
IN1	385	42	M50	MEDICARE PRIORITY HEALTH M50	MEDICARE		00000000
IN1	386	42	MRA	MEDICARE RAILROAD PART A	MEDICARE		00000000
IN1	387	42	MRA	MEDICARE RAILROAD PART A MRA	MEDICARE		00000000
IN1	388	42	MRB	MEDICARE RAILROAD PART B			00000000
IN1	389	42	MRB	MEDICARE RAILROAD PART B MRB	MEDICARE		00000000
IN1	390	42	M80	MEDICARE UHC SOLUTIONS	MEDICARE		00000000
IN1	391	42	M80	MEDICARE UHC SOLUTIONS M8	MEDICARE		00000000
IN1	392	42	M80	MEDICARE UHC SOLUTIONS M80	MEDICARE		00000000
IN1	393	42	215	MEEMIC AUTO	AUTO		00000000
IN1	394	42	K31	MEGA LIFE AND HEALTH INS K31	COMMERCIAL		00000000
IN1	395	42	290	MEIJER WC			00000000
IN1	396	42	401	MERIDIAN CHOICE			00000000
IN1	397	42	332	MERIDIAN COMPLETE MEDICARE MLINK	MEDICARE ADVANTAGE		00000000
IN1	398	42	84	MERIDIAN MEDICAID	MEDICAID		00000000
IN1	399	42	84	MERIDIAN MEDICAID HMP	MEDICAID HMP		00000000
IN1	400	42	333	MERIDIAN MEDICAID MILINK	MEDICAID		00000000
IN1	401	42	330	MERIDIAN MEDICARE ADVANTAGE	MEDICARE ADVANTAGE		00000000
IN1	402	42	99	MERIDIANHEALTH			00000000
IN1	403	42	P52	MERITAIN	COMMERCIAL		00000000
IN1	404	42	P52	MERITAIN HEALTH	COMMERCIAL		00000000
IN1	405	42	A52	MERITAIN HEALTH MINNEAPOLIS	COMMERCIAL		00000000
IN1	406	42	A52	MERITAIN HLTH	COMMERCIAL		00000000
IN1	407	42	A52	MERITAIN HLTH A52	COMMERCIAL		00000000
IN1	408	42	A52	MERITAIN HLTH MINNEAPOLIS	Commercial		00000000
IN1	409	42	A52	MERITAIN HLTH MINNEAPOLIS A52	Commercial		00000000
IN1	410	42	53	MHBP	COMMERCIAL		00000000
IN1	411	42	239	MICHIGAN BCCCP	COMMERCIAL		00000000
IN1	412	42	K51	MICHIGAN BCCCP K51	COMMERCIAL		00000000
IN1	413	42	C70	MICHILD GVHP	COMMERCIAL		00000000
IN1	414	42	C71	MICHILD MOLINA	COMMERCIAL		00000000
IN1	415	42	C71	MICHILD MOLINA C71	Commercial		00000000
IN1	416	42	C79	MICHILD OTHER C79	Commercial		00000000
IN1	417	42	22X	MICHILD PRIORITY HEALTH	COMMERCIAL		00000000
IN1	418	42	22X	MICHILD PRIORITY HEALTH 2	PRIORITY		00000000
IN1	419	42	22X	MICHILD PRIORITY HEALTH 22X	PRIORITY		00000000
IN1	420	42	C72	MICHILD UHC	COMMERCIAL		00000000
IN1	421	42	104	MID MICHIGAN HEALTH PLAN	COMMERCIAL		00000000
IN1	422	42	P52	MIDAMERICA	Commercial		00000000
IN1	423	42	C80	MIDLANDS CHOICE	COMMERCIAL		00000000
IN1	424	42	99	MOLINA HEALTHCARE WASHINGTON	MOLINA		00000000
IN1	425	42	106	MOLINA MEDICAID	MEDICAID		00000000
IN1	426	42	106	MOLINA MEDICAID HMP	MEDICAID HMP		00000000
IN1	427	42	106	MOLINA MEDICAID MICHILD	MEDICAID		00000000
IN1	428	42	107	MOLINA MEDICARE ADVANTAGE	MEDICARE ADVANTAGE		00000000
IN1	429	42	99	MOMS MEDICAID	MEDICAID		00000000
IN1	430	42	K27	MONUMENTAL LIFE INC K27	COMMERCIAL		00000000
IN1	431	42	302	MSA CLAIMS PROCESSING	COMMERCIAL		00000000
IN1	432	42	C48	MUTUAL OF OHIO  C48	COMMERCIAL		00000000
IN1	433	42	110	MUTUAL OF OMAHA	COMMERCIAL		00000000
IN1	434	42	K10	MUTUAL OF OMAHA K10	COMMERCIAL		00000000
IN1	435	42	P14	MUTUAL PROTECTIVE MEDICO P14	COMMERCIAL		00000000
IN1	436	42	P52	N	Commercial 		00000000
IN1	437	42	40	NALC	COMMERCIAL		00000000
IN1	438	42	243	NATIONAL MARROW DONOR PROGRAM	COMMERCIAL		00000000
IN1	439	42	170	NATIONWIDE AUTO	AUTO		00000000
IN1	440	42	N01	NATL ASSOC LETTER CARRIER N01	COMMERCIAL		00000000
IN1	441	42	N17	NATL MARROW DONOR PROG	Commercial		00000000
IN1	442	42	N17	NATL MARROW DONOR PROG N17	COMMERCIAL		00000000
IN1	443	42	319	NETWORK 180	COMMERCIAL		00000000
IN1	444	42	N10	NGS AMERICAN N10	COMMERCIAL		00000000
IN1	445	42	52	NGS CORESOURCE	COMMERCIAL		00000000
IN1	446	42	P52	none	COMMERCIAL		00000000
IN1	447	42	E99	OCCUPATIONAL MEDICINE E99	Commercial		00000000
IN1	448	42	328	OPTUM HEALTHCARE	COMMERCIAL		00000000
IN1	449	42	P52	OTHER	COMMERCIAL		00000000
IN1	450	42	C99	OTHER COMMERCIAL INS C99	COMMERCIAL		00000000
IN1	451	42	P:	P:	Self Pay		00000000
IN1	452	42	99	PARAMOUNT ADVANTAGE	COMMERCIAL		00000000
IN1	453	42	368	PENDING MEDICAID	SELF-PAY		00000000
IN1	454	42	P52	PERFECTION ASSOCIATES	COMMERCIAL		00000000
IN1	455	42	125	PH WEIGHT MGMT MCARE	PRIORITY		00000000
IN1	456	42	Q46	PHCS BENEFIT PLAN Q46	COMMERCIAL		00000000
IN1	457	42	P90	PHYS HLTH PLAN MID MI	COMMERCIAL		00000000
IN1	458	42	P90	PHYS HLTH PLAN MID MI P90	Commercial		00000000
IN1	459	42	119	PHYSICIANS HEALTH PLAN	COMMERCIAL		00000000
IN1	460	42	119	PHYSICIANS HEALTH PLAN GLOBAL CARE	COMMERCIAL		00000000
IN1	461	42	P08	PHYSICIANS HEALTH PLAN P08	COMMERCIAL		00000000
IN1	462	42	99	PLAN FIRST	MEDICAID		00000000
IN1	463	42	30	PLUS BLUE MCR ADV PART B ONLY			00000000
IN1	464	42	297	PLUS BLUE PPO OUT OF STATE MEDICARE ADV	MEDICARE ADVANTAGE		00000000
IN1	465	42	145	POINT COMFORT UNDERWRITER	TRICARE		00000000
IN1	466	42	C64	POINT COMFORT UNDERWRITER C64	Tricare		00000000
IN1	467	42	C64	POINT COMFORT UNDERWRITERS	TRICARE		00000000
IN1	468	42	P52	PREFERRED UNITED PLANS	Commercial		00000000
IN1	469	42	99	PRESBYTERIAN CENTENNIAL CARE			00000000
IN1	470	42	99	PRESUMPTIVE MEDICAID	MEDICAID		00000000
IN1	471	42	R11	PRINCIPAL LIFE R11	COMMERCIAL		00000000
IN1	472	42	D07	PRINCIPAL MUTUAL FINC GRP  D07	COMMERCIAL		00000000
IN1	473	42	1	PRIORITY HEALTH FF	PRIORITY		00000000
IN1	474	42	1	PRIORITY HEALTH HMO	PRIORITY		00000000
IN1	475	42	373	PRIORITY HEALTH MEDICAID	MEDICAID HMO		00000000
IN1	476	42	373	PRIORITY HEALTH MEDICAID HMP	MEDICAID HMP		00000000
IN1	477	42	373	PRIORITY HEALTH MEDICAID MICHILD	MEDICAID		00000000
IN1	478	42	125	PRIORITY HEALTH MEDICARE ADV PART B ONLY	MEDICARE ADVANTAGE		00000000
IN1	479	42	125	PRIORITY HEALTH MEDICARE ADVANTAGE	MEDICARE ADVANTAGE		00000000
IN1	480	42	1	PRIORITY HEALTH NARROW NETWORK PLAN	PRIORITY		00000000
IN1	481	42	1	PRIORITY HEALTH SF	PRIORITY		00000000
IN1	482	42	1	PRIORITY HEALTH TIERED NETWORK PLAN	PRIORITY		00000000
IN1	483	42	1	PRIORITY HEALTH WEIGHT MGMT FF	PRIORITY		00000000
IN1	484	42	373	PRIORITY HEALTH WEIGHT MGMT MEDICAID	MEDICAID		00000000
IN1	485	42	1	PRIORITY HEALTH WEIGHT MGMT SF	PRIORITY		00000000
IN1	486	42	07X	PRIORITY HLTH FULL FUNDED	PRIORITY		00000000
IN1	487	42	07X	PRIORITY HLTH FULL FUNDED 07X	PRIORITY		00000000
IN1	488	42	07X	PRIORITY HLTH FULL FUNDED  07X	PRIORITY		00000000
IN1	489	42	125	PRIORITY HLTH MCR ESP	PRIORITY		00000000
IN1	490	42	15X	PRIORITY HLTH NARROW NETWORK 15X	PRIORITY		00000000
IN1	491	42	08X	PRIORITY HLTH SELF FUNDED	PRIORITY		00000000
IN1	492	42	08X	PRIORITY HLTH SELF FUNDED 08X	PRIORITY		00000000
IN1	493	42	08X	PRIORITY HLTH SELF FUNDED  08X	PRIORITY		00000000
IN1	494	42	16X	PRIORITY HLTH TIERED NETWORK 16X	PRIORITY		00000000
IN1	495	42	P16	PROFESSIONAL BENE SERVICE P16	COMMERCIAL		00000000
IN1	496	42	Y30	PROFESSIONAL BENEFIT ADM  Y30	COMMERCIAL		00000000
IN1	497	42	P52	PROFESSIONAL BENEFITS SERVICES	Commercial		00000000
IN1	498	42	128	PROGRESSIVE AUTO	AUTO		00000000
IN1	499	42	PA2	PROJECT ACCESS PA2	COMMERCIAL		00000000
IN1	500	42	3	RAILROAD HOSPITAL PART A MEDICARE	MEDICARE		00000000
IN1	501	42	3	RAILROAD MEDICAL PART B MEDICARE	MEDICARE		00000000
IN1	502	42	334	REGENCY EMPLOYEE BENEFITS	COMMERCIAL		00000000
IN1	503	42	N03	RURAL CARRIERS N03	COMMERCIAL		00000000
IN1	504	42	291	SEDGWICK WC	WORKERS COMPENSATION		00000000
IN1	505	42	99	SELECT HEALTH OF SOUTH CAROLINA  INC			00000000
IN1	506	42	P52	SELF FUNDED PLANS	Commercial		00000000
IN1	507	42	P	SELF PAY NO INSURANCE P	SELF		00000000
IN1	508	42	P	SELF-PAY	SELF		00000000
IN1	509	42	227	SH REHAB & NURSING CENTER	COMMERCIAL		00000000
IN1	510	42	341	SH RISK MANAGEMENT LIABILITY	COMMERCIAL		00000000
IN1	511	42	135	SISCO	COMMERCIAL		00000000
IN1	512	42	S20	SISCO SELF INSURED SRVCS	Commercial		00000000
IN1	513	42	S20	SISCO SELF INSURED SRVCS S20	COMMERCIAL		00000000
IN1	514	42	SNF	SKILLED NURSING FACILITIES SNF	COMMERCIAL		00000000
IN1	515	42	A61	SMART HEALTH	COMMERCIAL		00000000
IN1	516	42	354	SPECTRUM HEALTH HOSPICE	COMMERCIAL		00000000
IN1	517	42	227	SPECTRUM HEALTH KELSY CAMPUS	COMMERCIAL		00000000
IN1	518	42	SNF	SPECTRUM HEALTH REHAB	Commercial		00000000
IN1	519	42	227	SPECTRUM HEALTH REHAB & NURSING	COMMERCIAL		00000000
IN1	520	42	227	SPECTRUM HEALTH REHAB AND NURSING	COMMERCIAL		00000000
IN1	521	42	227	SPECTRUM HEALTH UNITED HOSPITAL	COMMERCIAL		00000000
IN1	522	42	349	SPECTRUM HEALTH WC	WORKERS COMPENSATION		00000000
IN1	523	42	227	SPECTRUM REHAB NURSING CENTER MC160	COMMERCIAL		00000000
IN1	524	42	S21	STANDARD LIFE S21	COMMERCIAL		00000000
IN1	525	42	DRG	STAT LAB INVOICES	COMMERCIAL		00000000
IN1	526	42	5	STUDENTRESOURCES	COMMERCIAL		00000000
IN1	527	42	227	TENDERCARE OF LUDINGTON	COMMERCIAL		00000000
IN1	528	42	SNF	THS OF FREMONT	Commercial		00000000
IN1	529	42	142	TITAN AUTO	AUTO		00000000
IN1	530	42	H99	TOTAL HEALTH CARE	COMMERCIAL		00000000
IN1	531	42	99T	TOTAL HEALTHCARE	COMMERCIAL		00000000
IN1	532	42	SNF	TRANSITIONAL HEALTH SERV	Commercial		00000000
IN1	533	42	292	TRAVELERS WC	WORKERS COMPENSATION		00000000
IN1	534	42	145	TRICARE EAST			00000000
IN1	535	42	C51	TRICARE EAST REGION			00000000
IN1	536	42	145	TRICARE FOR LIFE	TRICARE		00000000
IN1	537	42	C65	TRICARE FOR LIFE C65	TRICARE		00000000
IN1	538	42	C08	TRICARE NORTH REG CLAIMS	Tricare		00000000
IN1	539	42	C08	TRICARE NORTH REG CLAIMS C08	TRICARE		00000000
IN1	540	42	145	TRICARE NORTH REGION	TRICARE		00000000
IN1	541	42	145	TRICARE SOUTH REGION	TRICARE		00000000
IN1	542	42	145	TRICARE WEST REGION	TRICARE		00000000
IN1	543	42	5	UHC	COMMERCIAL		00000000
IN1	544	42	V11	UHC ALL SAVERS	Commercial		00000000
IN1	545	42	V11	UHC ALL SAVERS V11	Commercial		00000000
IN1	546	42	304	UHC COMMUNITY PLAN MEDICAID	MEDICAID		00000000
IN1	547	42	304	UHC COMMUNITY PLAN MEDICAID HMP	MEDICAID HMP		00000000
IN1	548	42	335	UHC COMMUNITY PLAN MEDICAID MICHILD	MEDICAID		00000000
IN1	549	42	5	UHC GLOBAL			00000000
IN1	550	42	5	UHC GOLDEN RULE	COMMERCIAL		00000000
IN1	551	42	133	UHC MEDICARE ADVANTAGE	MEDICARE ADVANTAGE		00000000
IN1	552	42	5	UHC OXFORD	COMMERCIAL		00000000
IN1	553	42	V13	UHC OXFORD	COMMERCIAL		00000000
IN1	554	42	V14	UHC RIVER VALLEY V14	COMMERCIAL		00000000
IN1	555	42	5	UHC SHARED SERVICE	COMMERCIAL		00000000
IN1	556	42	5	UHC STUDENT RESOURCES	COMMERCIAL		00000000
IN1	557	42	5	UHC UNITED MEDICAL RESOURCES	COMMERCIAL		00000000
IN1	558	42	V03	UHC V03	Commercial		00000000
IN1	559	42	5	UHC/ GENERIC			00000000
IN1	560	42	5	UHSS	COMMERCIAL		00000000
IN1	561	42	K01	UNICARE K01	COMMERCIAL		00000000
IN1	562	42	150	UNITED AMERICAN	COMMERCIAL		00000000
IN1	563	42	U06	UNITED AMERICAN INSURANCE U06	COMMERCIAL		00000000
IN1	564	42	5	UNITED HEALTH CARE	COMMERCIAL		00000000
IN1	565	42	5	UNITED HEALTHCARE	COMMERCIAL		00000000
IN1	566	42	V03	UNITED HEALTHCARE	Commercial		00000000
IN1	567	42	M99	UNITED HEALTHCARE OF RIVER VALLEY	Medicare Advantage		00000000
IN1	568	42	5	UNITED HEALTHCARE SELECT PLUS	COMMERCIAL		00000000
IN1	569	42	5	UNITED HEALTHCARE SERVICES	COMMERCIAL		00000000
IN1	570	42	5	UNITED HEALTHCARE SHARED SERVICES	COMMERCIAL		00000000
IN1	571	42	5	UNITED HEALTHCARE STUDENT RESOURCES			00000000
IN1	572	42	V03	UNITED HEALTHCARE V03	COMMERCIAL		00000000
IN1	573	42	U11	UNITED MEDICAL RESOURCE			00000000
IN1	574	42	U11	UNITED MEDICAL RESOURCE U11	COMMERCIAL		00000000
IN1	575	42	152	UNITED MEDICAL RESOURCES	COMMERCIAL		00000000
IN1	576	42	U10	UNITED TEACHER ASSOC INS U10	COMMERCIAL		00000000
IN1	577	42	5	UNITEDHEALTHCARE STUDENTRESOURCES	COMMERCIAL		00000000
IN1	578	42	P52	UNK	Commercial		00000000
IN1	579	42	P52	UNKNOWN	Commercial		00000000
IN1	580	42	P52	unknown	COMMERCIAL		00000000
IN1	581	42	305	UPPER PENINSULA HEALTHCARE MEDICAID	MEDICAID		00000000
IN1	582	42	P52	US HEALTH AND LIFE	Commercial		00000000
IN1	583	42	P52	US HEALTH AND LIFE INSURANCE	Commercial		00000000
IN1	584	42	187	USAA CASUALTY INS AUTO	AUTO		00000000
IN1	585	42	V40	VETERANS ADMIN V40	TRICARE		00000000
IN1	586	42	386	VETERANS ADMINISTRATION	TRICARE		00000000
IN1	587	42	386	VETERANS CHOICE PROGRAM	TRICARE		00000000
IN1	588	42	V55	VETERANS CHOICE PROGRAM V55	Tricare		00000000
IN1	589	42	156	VETERANS OF BATTLE CREEK	TRICARE		00000000
IN1	590	42	W04	WAUSAU INS CO W04	COMMERCIAL		00000000
IN1	591	42	K16	WC ACCIDENT FUND COMPANY			00000000
IN1	592	42	K16	WC ACCIDENT FUND COMPANY K16	Commercial		00000000
IN1	593	42	A22	WC ALTICOR  A22	WORKERS COMPENSATION		00000000
IN1	594	42	W14	WC CITIZENS W14	WORKERS COMPENSATION		00000000
IN1	595	42	G09	WC CITY OF GRAND RAPIDS G09	WORKERS COMPENSATION		00000000
IN1	596	42	G09	WC CITY OF GRAND RAPIDS  G09	WORKERS COMPENSATION		00000000
IN1	597	42	W19	WC FRANKENMUTH	WORKERS COMPENSATION		00000000
IN1	598	42	W19	WC FRANKENMUTH W19	WORKERS COMPENSATION		00000000
IN1	599	42	G12	WC GALLAGHER BASSETT	Workers  Comp		00000000
IN1	600	42	G12	WC GALLAGHER BASSETT G12	Workers Comp		00000000
IN1	601	42	W18	WC LIBERTY MUTUAL	WORKERS COMPENSATION		00000000
IN1	602	42	W18	WC LIBERTY MUTUAL W18	WORKERS COMPENSATION		00000000
IN1	603	42	K21	WC MEIJER K21	WORKERS COMPENSATION		00000000
IN1	604	42	K21	WC MEIJER  K21	WORKERS COMPENSATION		00000000
IN1	605	42	S08	WC SEDGWICK S08	Commercial		00000000
IN1	606	42	W11	WC SPECTRUM HEALTH	WORKERS COMPENSATION		00000000
IN1	607	42	W11	WC SPECTRUM HEALTH W11	WORKERS COMPENSATION		00000000
IN1	608	42	W23	WC TRAVELERS WORK COMP	WORKERS COMPENSATION		00000000
IN1	609	42	W23	WC TRAVELERS WORK COMP W23	WORKERS COMPENSATION		00000000
IN1	610	42	233	WEIGHT LOSS SPECIALIST	COMMERCIAL		00000000
IN1	611	42	M99	WELLCARE MEDICARE ADV INC	MEDICARE		00000000
IN1	612	42	91	WELLNET	COMMERCIAL		00000000
IN1	613	42	K41	WELLNET K41	Medicaid		00000000
IN1	614	42	4	WEYCO	COMMERCIAL		00000000
IN1	615	42	W10	WEYCO INC  W10	COMMERCIAL		00000000
IN1	616	42	W99	WORKERS COMPENSATION W99	WORKERS COMPENSATION		00000000
IN1	617	42	W99	WORKMANS COMP W99	WORKERS COMPENSATION		00000000
IN1	618	42	W14	YORK RISK SERVICES GROUP			00000000
IN1	619	42	43	YORK RISK SERVICES GROUP WC	WORKERS COMPENSATION		00000000
IN1	620	42	W14	YORK SERVICES GROUP W14	WORKERS COMPENSATION		00000000
IN1	621	42	P52	ZELIS GLOBAL CARE PHP	COMMERCIAL		00000000
IN1	622	42	133	AARP/UHC MEDICARE	MEDICARE		00000000
IN1	623	42	447	ABS US HEALTH AND LIFE	COMMERCIAL		00000000
IN1	624	42	415	ACUITY INSURANCE AUTO	AUTO		00000000
IN1	625	42	410	AETNA BETTER HEALTH MEDICAID	MEDICAID		00000000
IN1	626	42	404	AETNA BETTER HEALTH OF VIRGINIA	COMMERCIAL		00000000
IN1	627	42	404	ALABAMA MEDICAL AGENCY	COMMERCIAL		00000000
IN1	628	42	82	ALLIANCE HEALTH AND LIFE INSURANCE COMPANY	COMMERCIAL		00000000
IN1	629	42	404	AMERIGROUP	COMMERCIAL		00000000
IN1	630	42	22	AMERISURE WC	WORKERS COMPINSATION		00000000
IN1	631	42	404	ANTHEM BLUE CROSS AND BLUE SHIELD	BCBSM		00000000
IN1	632	42	62	ATTN ANNE LAU	COMMERCIAL		00000000
IN1	633	42	27	AUTO OWNERS	AUTO		00000000
IN1	634	42	248	AUTO OWNERS WORKERS COMPENSATION	WORKERS COMPINSATION		00000000
IN1	635	42	65	BANKERS FIDELITY	COMMERCIAL		00000000
IN1	636	42	372	BCBS OUT OF STATE MEDICAID	MEDICAID		00000000
IN1	637	42	2	BLUE CHOICE	BCBSM		00000000
IN1	638	42	302	BLUE CROSS COMPLETE OF MICHIGAN	BCBSM		00000000
IN1	639	42	227	BROOKCREST MANOR	COMMERCIAL		00000000
IN1	640	42	404	CARE SOURCE OHIO	COMMERCIAL		00000000
IN1	641	42	404	CAREMARK	COMMERCIAL		00000000
IN1	642	42	40	CIGNA GREAT WEST HEALTHCARE	COMMERCIAL		00000000
IN1	643	42	40	CIGNA MEDICARE SUPPLEMENT	MEDICARE		00000000
IN1	644	42	44	CITY OF GRAND RAPIDS WC	COMMERCIAL		00000000
IN1	645	42	137	CLAIMEDIX	COMMERCIAL		00000000
IN1	646	42	404	COMMUNITY FIRST HEALTH PLAN	COMMERCIAL		00000000
IN1	647	42	387	COMMUNITY PACE MEDICARE ADVANTAGE	MEDICARE		00000000
IN1	648	42	65	CORRECTIONAL RECOVERY	COMMERCIAL		00000000
IN1	649	42	227	COVENANT VILLAGE OF GREAT LAKES	COMMERCIAL		00000000
IN1	650	42	302	COVENTRYCARES	COMMERCIAL		00000000
IN1	651	42	398	CRIME VICTIM SRVS COMM	COMMERCIAL		00000000
IN1	652	42	444	CYPRESS BENEFIT ADMIN	COMMERCIAL		00000000
IN1	653	42	444	CYPRESS BENEFIT ADMINISTRATORS LLC	COMMERCIAL		00000000
IN1	654	42	404	DENVER HEALTH MEDICAID CHOICE	MEDICAID		00000000
IN1	655	42	434	ESURANCE AUTO	AUTO		00000000
IN1	656	42	404	FIDELIS CARE	COMMERCIAL		00000000
IN1	657	42	53	FIRST HEALTH	COMMERCIAL		00000000
IN1	658	42	53	FIRST HEALTH SAMBA	COMMERCIAL		00000000
IN1	659	42	404	FORWARD HEALTH	COMMERCIAL		00000000
IN1	660	42	436	FREMONT INSURANCE AUTO	Auto		00000000
IN1	661	42	227	GRAND RAPIDS SNF LLC	COMMERCIAL		00000000
IN1	662	42	169	GRANGE AUTO	AUTO		00000000
IN1	663	42	73	GROUP MARKETING SERVICE	COMMERCIAL		00000000
IN1	664	42	81	HAWORTH WC	WORKERS COMPINSATION		00000000
IN1	665	42	404	HEALTH PLAN OF NEVADA	COMMERCIAL		00000000
IN1	666	42	223	HEALTH PLUS OF MICHIGAN	COMMERCIAL		00000000
IN1	667	42	406	HEALTHGRAM	COMMERCIAL		00000000
IN1	668	42	362	HEALTHSCOPE BENEFITS	COMMERCIAL		00000000
IN1	669	42	363	HEALTHSMART BENEFIT SOLUTIONS	COMMERCIAL		00000000
IN1	670	42	343	HEARTLAND HOSPICE	COMMERCIAL		00000000
IN1	671	42	344	HOME INFUSION THERAPY OPTION CARE	COMMERCIAL		00000000
IN1	672	42	404	ILLINICARE HEALTH	COMMERCIAL		00000000
IN1	673	42	404	ILLINOIS MEDICAID	MEDICAID		00000000
IN1	674	42	302	ILLINOIS MEDICAID	MEDICAID		00000000
IN1	675	42	451	JFP BENEFIT MANAGEMENT	COMMERCIAL		00000000
IN1	676	42	347	K AND K INSURANCE	COMMERCIAL		00000000
IN1	677	42	404	KAISER FOUNDATION HEALTH	COMMERCIAL		00000000
IN1	678	42	92	KEY BENEFIT ADMINISTRATORS	COMMERCIAL		00000000
IN1	679	42	448	LIBERTY UNION MET MID AMERICA	COMMERCIAL		00000000
IN1	680	42	394	LIFE CIRCLES MEDICARE ADVANTAGE	MEDICARE		00000000
IN1	681	42	442	MANAGED HEALTH SERVICES	COMMERCIAL		00000000
IN1	682	42	404	MEDICAID	MEDICAID		00000000
IN1	683	42	333	MEDICAID MILINK MERIDIAN COMPLETE	MEDICAID		00000000
IN1	684	42	400	MEDICAID MILINK UHC	MEDICAID		00000000
IN1	685	42	404	MEDICAID OF PENNSYLVANIA	MEDICAID		00000000
IN1	686	42	392	MEDICAID SPENDOWN	MEDICAID		00000000
IN1	687	42	5	MEDICAL CLAIMS	COMMERCIAL		00000000
IN1	688	42	234	MEDICARE MILINK HAP MIDWEST	MEDICARE		00000000
IN1	689	42	332	MEDICARE MILINK MERIDIAN COMPLETE	MEDICARE		00000000
IN1	690	42	399	MEDICARE MILINK UHC	MEDICARE		00000000
IN1	691	42	446	MEDICO INSURANCE COMPANY	COMMERCIAL		00000000
IN1	692	42	189	MERITAIN HEALTH	COMMERCIAL		00000000
IN1	693	42	404	MHS  CLAIMS	COMMERCIAL		00000000
IN1	694	42	404	MHS CLAIMS	COMMERCIAL		00000000
IN1	695	42	404	MHS HEALTHY INDIANA PLAN	COMMERCIAL		00000000
IN1	696	42	302	MISSISSIPPI DIVISION OF MEDICAID	MEDICAID		00000000
IN1	697	42	404	MO HEALTHNET	COMMERCIAL		00000000
IN1	698	42	405	MOLINA MARKETPLACE	MOLINA		00000000
IN1	699	42	404	N.C. DEPT OF HEALTH AND HUMAN SERVICES DIVISION OF MEDICAL ASSISTANCE	COMMERCIAL		00000000
IN1	700	42	433	NATIONAL GENERAL AUTO	AUTO		00000000
IN1	701	42	404	NEW YORK  MEDICAID	MEDICAID		00000000
IN1	702	42	404	NEW YORK MEDICAID	MEDICAID		00000000
IN1	703	42	227	NEWAYGO MEDICAL CARE FACILITY	COMMERCIAL		00000000
IN1	704	42	227	NEWAYGO MEDICAL CARE FACILITY SNF	MEDICAID		00000000
IN1	705	42	404	NORTH DAKOTA MEDICAID	MEDICAID		00000000
IN1	706	42	404	OUT OF STATE MEDICAID	MEDICAID		00000000
IN1	707	42	404	PARAMOUNT ADVANTAGE	COMMERCIAL		00000000
IN1	708	42	1	PH WEIGHT MNGT MEDICAID	MEDICAID		00000000
IN1	709	42	314	PHPMM FAMILY CARE - MCD HMO	MEDICAID		00000000
IN1	710	42	441	PIONEER STATE MUTUAL INSURANCE AUTO	AUTO		00000000
IN1	711	42	443	PRAIRIE STATES ENTERPRISES INC	COMMERCIAL		00000000
IN1	712	42	1	PRIORITY HEALTH FF HMO	COMMERCIAL		00000000
IN1	713	42	126	PRISON HEALTH SERVICE	COMMERCIAL		00000000
IN1	714	42	3	RAILROAD MEDICARE PART A	MEDICARE		00000000
IN1	715	42	3	RAILROAD MEDICARE PART A/B	MEDICARE		00000000
IN1	716	42	3	RAILROAD MEDICARE PART B	MEDICARE		00000000
IN1	717	42	342	SECURE ONE BENEFIT ADMIN	COMMERCIAL		00000000
IN1	718	42	227	SH KENT COMMUNITY REHAB	COMMERCIAL		00000000
IN1	719	42	135	SISCO HOLLAND HOSPITAL EMPLOYEES	COMMERCIAL		00000000
IN1	720	42	227	SPECTRUM HEALTH CONTINUING CARE	COMMERCIAL		00000000
IN1	721	42	137	STANDARD LIFE	COMMERCIAL		00000000
IN1	722	42	404	STATE OF WISCONSIN	COMMERCIAL		00000000
IN1	723	42	404	STAYWELL HEALTH PLAN	COMMERCIAL		00000000
IN1	724	42	404	STAYWELL MMA	COMMERCIAL		00000000
IN1	725	42	404	TEXAS CHILDREN'S HEALTH PLAN	COMMERCIAL		00000000
IN1	726	42	404	TEXAS MEDICAID	MEDICAID		00000000
IN1	727	42	367	THE LOOMIS COMPANY	COMMERCIAL		00000000
IN1	728	42	411	UCS INSIGHT	COMMERCIAL		00000000
IN1	729	42	404	UHC	COMMERCIAL		00000000
IN1	730	42	5	UHC STUDENTRESOURCES	COMMERCIAL		00000000
IN1	731	42	5	UNITEDHEALTHCARE	COMMERCIAL		00000000
IN1	732	42	404	UNITEDHEALTHCARE MEDICAID	MEDICAID		00000000
IN1	733	42	445	VARIPRO	COMMERCIAL		00000000
IN1	734	42	386	VETERANS ADMIN PREAUTHORIZED SERVICES	COMMERCIAL		00000000
IN1	735	42	386	VETERANS ADMIN URGENT OR EMERGENT CARE	COMMERCIAL		00000000
IN1	736	42	404	WELLCARE CLAIMS	COMMERCIAL		00000000
IN1	737	42	282	WESTERN & SOUTHERN FIN GRP	COMMERCIAL		00000000
IN1	738	42	425	WESTFIELD INSURANCE AUTO	AUTO		00000000
IN1	739	42	437	WOLVERINE MUTUAL INSURANCE AUTO	AUTO		00000000
IN1	740	42	146	TRUSTMARK HEALTH BENEFITS	COMMERCIAL		00000000
IN1	741	42	268	PAI	COMMERCIAL		00000000
IN1	742	42	342	UCS SECUREONE BENEFIT ADMINISTRATORS	COMMERCIAL		00000000
IN1	743	42	363	HEALTHSMART BENEFIT SOLUTIONS INC	COMMERCIAL		00000000
IN1	744	42	386	VETERANS ADMIN OPTUM AUTHORIZED SERVICES	COMMERCIAL		00000000
IN1	745	42	386	VETERANS ADMIN TRIWEST AUTHORIZED SERVICES	COMMERCIAL		00000000
IN1	746	42	401	AMBETTER	COMMERCIAL		00000000
IN1	747	42	404	BCBS OUT OF STATE MEDICAID	MEDICAID		00000000
IN1	748	42	409	HAP MIDWEST HEALTH PLAN MEDICAID HMO	MEDICAID		00000000
IN1	749	42	444	LUCENT HEALTH	COMMERCIAL		00000000
IN1	750	42	466	CLAIMCHOICE ADMINISTRATORS	COMMERCIAL		00000000
IN1	751	42	479	COVID19 HRSA UNINSURED TREATMENT FUND	COMMERCIAL		00000000
IN1	752	42	5	UHC CHOICE PLUS	COMMERCIAL		00000000
IN1	753	42	ZZ1	TO BE DETERMINED	COMMERCIAL		00000000
